{"type": "FeatureCollection", "features": [{"type": "Feature", "geometry": {"type": "Point", "coordinates": [-85.21323, 41.622953]}, "properties": {"id": "appleman-lake", "name": "Appleman Lake", "source_lake_name": "Appleman Lake", "county": "LaGrange", "county2": null, "acres": 52, "max_depth_ft": null, "survey_date": "2017-07-25", "contour_interval_ft": 5.0, "min_contour_ft": 5.0, "max_contour_ft": 25.0, "has_contours": true, "pdf_url": null, "bbox": [-85.215893, 41.620859, -85.21037, 41.625716], "source": "Indiana DNR Division of Fish & Wildlife \u2013 Lake Bathymetry (IndianaMap)", "source_url": "https://gisdata.in.gov/server/rest/services/Hosted/Lake_Bathymetry_RO/FeatureServer/0", "precision_note": "Surveyed bathymetric contours; typical interval 5.0 ft. Contours are feet below surface. Not a real-time sonar product.", "contour_method": "vector_featureserver", "georef_method": "featureserver", "depth_assignment": "featureserver", "needs_review": false, "review_priority": null, "review_notes": null, "line_style": "solid", "data_quality": "featureserver"}}, {"type": "Feature", "geometry": {"type": "Point", "coordinates": [-85.063657, 41.75491]}, "properties": {"id": "barton-lake", "name": "Barton Lake", "source_lake_name": "Barton Lake", "county": "Steuben", "county2": null, "acres": null, "max_depth_ft": null, "survey_date": null, "contour_interval_ft": 5.0, "min_contour_ft": 0.0, "max_contour_ft": 30.0, "has_contours": true, "pdf_url": null, "bbox": [-85.067029, 41.748153, -85.054786, 41.756316], "source": "Indiana DNR Division of Fish & Wildlife \u2013 Lake Bathymetry (IndianaMap)", "source_url": "https://gisdata.in.gov/server/rest/services/Hosted/Lake_Bathymetry_RO/FeatureServer/0", "precision_note": "Surveyed bathymetric contours; typical interval 5.0 ft. Contours are feet below surface. Not a real-time sonar product.", "contour_method": "vector_featureserver", "georef_method": "featureserver", "depth_assignment": "featureserver", "needs_review": false, "review_priority": null, "review_notes": null, "line_style": "solid", "data_quality": "featureserver"}}, {"type": "Feature", "geometry": {"type": "Point", "coordinates": [-85.608108, 41.314652]}, "properties": {"id": "baugher-lake", "name": "Baugher Lake", "source_lake_name": "Baugher Lake", "county": "Noble", "county2": null, "acres": null, "max_depth_ft": null, "survey_date": null, "contour_interval_ft": 5.0, "min_contour_ft": 5.0, "max_contour_ft": 30.0, "has_contours": true, "pdf_url": null, "bbox": [-85.610219, 41.312808, -85.605711, 41.316673], "source": "Indiana DNR Division of Fish & Wildlife \u2013 Lake Bathymetry (IndianaMap)", "source_url": "https://gisdata.in.gov/server/rest/services/Hosted/Lake_Bathymetry_RO/FeatureServer/0", "precision_note": "Surveyed bathymetric contours; typical interval 5.0 ft. Contours are feet below surface. Not a real-time sonar product.", "contour_method": "vector_featureserver", "georef_method": "featureserver", "depth_assignment": "featureserver", "line_style": "solid", "needs_review": false}}, {"type": "Feature", "geometry": {"type": "Point", "coordinates": [-85.519163, 41.324436]}, "properties": {"id": "bear-lake", "name": "Bear Lake", "source_lake_name": "Bear Lake", "county": "Noble", "county2": null, "acres": null, "max_depth_ft": null, "survey_date": null, "contour_interval_ft": 5.0, "min_contour_ft": 5.0, "max_contour_ft": 55.0, "has_contours": true, "pdf_url": null, "bbox": [-85.525766, 41.319304, -85.512006, 41.326109], "source": "Indiana DNR Division of Fish & Wildlife \u2013 Lake Bathymetry (IndianaMap)", "source_url": "https://gisdata.in.gov/server/rest/services/Hosted/Lake_Bathymetry_RO/FeatureServer/0", "precision_note": "Surveyed bathymetric contours; typical interval 5.0 ft. Contours are feet below surface. Not a real-time sonar product.", "contour_method": "vector_featureserver", "georef_method": "featureserver", "depth_assignment": "featureserver", "line_style": "solid", "needs_review": false}}, {"type": "Feature", "geometry": {"type": "Point", "coordinates": [-85.084396, 41.715697]}, "properties": {"id": "bell-lake", "name": "Bell Lake", "source_lake_name": "Bell Lake", "county": "Steuben", "county2": null, "acres": null, "max_depth_ft": null, "survey_date": "2015-07-30", "contour_interval_ft": 5.0, "min_contour_ft": 5.0, "max_contour_ft": 25.0, "has_contours": true, "pdf_url": null, "bbox": [-85.089096, 41.713322, -85.079661, 41.718019], "source": "Indiana DNR Division of Fish & Wildlife \u2013 Lake Bathymetry (IndianaMap)", "source_url": "https://gisdata.in.gov/server/rest/services/Hosted/Lake_Bathymetry_RO/FeatureServer/0", "precision_note": "Surveyed bathymetric contours; typical interval 5.0 ft. Contours are feet below surface. Not a real-time sonar product.", "contour_method": "vector_featureserver", "georef_method": "featureserver", "depth_assignment": "featureserver", "needs_review": false, "review_priority": null, "review_notes": null, "line_style": "solid", "data_quality": "featureserver"}}, {"type": "Feature", "geometry": {"type": "Point", "coordinates": [-85.786504, 41.287591]}, "properties": {"id": "big-chapman-lake", "name": "Big Chapman Lake", "source_lake_name": "Big Chapman Lake", "county": "Kosciusko", "county2": null, "acres": null, "max_depth_ft": null, "survey_date": null, "contour_interval_ft": 5.0, "min_contour_ft": 5.0, "max_contour_ft": 35.0, "has_contours": true, "pdf_url": null, "bbox": [-85.801599, 41.27987, -85.778772, 41.296144], "source": "Indiana DNR Division of Fish & Wildlife \u2013 Lake Bathymetry (IndianaMap)", "source_url": "https://gisdata.in.gov/server/rest/services/Hosted/Lake_Bathymetry_RO/FeatureServer/0", "precision_note": "Surveyed bathymetric contours; typical interval 5.0 ft. Contours are feet below surface. Not a real-time sonar product.", "contour_method": "vector_featureserver", "georef_method": "featureserver", "depth_assignment": "featureserver", "needs_review": false, "review_priority": null, "review_notes": null, "line_style": "solid", "data_quality": "featureserver"}}, {"type": "Feature", "geometry": {"type": "Point", "coordinates": [-85.363344, 41.239798]}, "properties": {"id": "blue-lake", "name": "Blue Lake", "source_lake_name": "Blue Lake", "county": "Whitley", "county2": null, "acres": 239, "max_depth_ft": null, "survey_date": "2018-08-02", "contour_interval_ft": 5.0, "min_contour_ft": 5.0, "max_contour_ft": 45.0, "has_contours": true, "pdf_url": null, "bbox": [-85.372278, 41.234389, -85.3528, 41.242884], "source": "Indiana DNR Division of Fish & Wildlife \u2013 Lake Bathymetry (IndianaMap)", "source_url": "https://gisdata.in.gov/server/rest/services/Hosted/Lake_Bathymetry_RO/FeatureServer/0", "precision_note": "Surveyed bathymetric contours; typical interval 5.0 ft. Contours are feet below surface. Not a real-time sonar product.", "contour_method": "vector_featureserver", "georef_method": "featureserver", "depth_assignment": "featureserver", "line_style": "solid", "needs_review": false}}, {"type": "Feature", "geometry": {"type": "Point", "coordinates": [-85.641889, 41.698367]}, "properties": {"id": "cass-lake", "name": "Cass Lake", "source_lake_name": "Cass Lake", "county": "LaGrange", "county2": null, "acres": null, "max_depth_ft": null, "survey_date": null, "contour_interval_ft": 3.0, "min_contour_ft": 6.0, "max_contour_ft": 21.0, "has_contours": true, "pdf_url": null, "bbox": [-85.64218, 41.688613, -85.635141, 41.699016], "source": "Indiana DNR Division of Fish & Wildlife \u2013 Lake Bathymetry (IndianaMap)", "source_url": "https://gisdata.in.gov/server/rest/services/Hosted/Lake_Bathymetry_RO/FeatureServer/0", "precision_note": "Surveyed bathymetric contours; typical interval 3.0 ft. Contours are feet below surface. Not a real-time sonar product.", "contour_method": "vector_featureserver", "georef_method": "featureserver", "depth_assignment": "featureserver", "needs_review": false, "review_priority": null, "review_notes": null, "line_style": "solid", "data_quality": "featureserver"}}, {"type": "Feature", "geometry": {"type": "Point", "coordinates": [-85.281965, 41.658396]}, "properties": {"id": "cedar-lake", "name": "Cedar Lake", "source_lake_name": "Cedar Lake", "county": "DeKalb", "county2": null, "acres": 28, "max_depth_ft": 13, "survey_date": "2009-07-20", "contour_interval_ft": 2.0, "min_contour_ft": 2.0, "max_contour_ft": 25.0, "has_contours": true, "pdf_url": null, "bbox": [-85.371612, 41.459207, -85.071999, 41.741103], "source": "Indiana DNR Division of Fish & Wildlife \u2013 Lake Bathymetry (IndianaMap)", "source_url": "https://gisdata.in.gov/server/rest/services/Hosted/Lake_Bathymetry_RO/FeatureServer/0", "precision_note": "Surveyed bathymetric contours; typical interval 2.0 ft. Contours are feet below surface. Not a real-time sonar product.", "contour_method": "vector_featureserver", "georef_method": "featureserver", "depth_assignment": "featureserver", "line_style": "solid", "needs_review": false}}, {"type": "Feature", "geometry": {"type": "Point", "coordinates": [-85.009926, 41.213541]}, "properties": {"id": "cedarville-reservoir", "name": "Cedarville Reservoir", "source_lake_name": "Cedarville Reservoir", "county": "Allen", "county2": null, "acres": 245, "max_depth_ft": null, "survey_date": "2017-07-24", "contour_interval_ft": 6.0, "min_contour_ft": 6.0, "max_contour_ft": 12.0, "has_contours": true, "pdf_url": null, "bbox": [-85.019075, 41.198902, -84.993485, 41.227615], "source": "Indiana DNR Division of Fish & Wildlife \u2013 Lake Bathymetry (IndianaMap)", "source_url": "https://gisdata.in.gov/server/rest/services/Hosted/Lake_Bathymetry_RO/FeatureServer/0", "precision_note": "Surveyed bathymetric contours; typical interval 6.0 ft. Contours are feet below surface. Not a real-time sonar product.", "contour_method": "vector_featureserver", "georef_method": "featureserver", "depth_assignment": "featureserver", "line_style": "solid", "needs_review": false}}, {"type": "Feature", "geometry": {"type": "Point", "coordinates": [-85.08201, 41.691547]}, "properties": {"id": "crooked-lake", "name": "Crooked Lake", "source_lake_name": "Crooked Lake", "county": "Steuben", "county2": null, "acres": null, "max_depth_ft": null, "survey_date": null, "contour_interval_ft": 3.0, "min_contour_ft": 0.0, "max_contour_ft": 81.0, "has_contours": true, "pdf_url": null, "bbox": [-85.085236, 41.66721, -85.034326, 41.694953], "source": "Indiana DNR Division of Fish & Wildlife \u2013 Lake Bathymetry (IndianaMap)", "source_url": "https://gisdata.in.gov/server/rest/services/Hosted/Lake_Bathymetry_RO/FeatureServer/0", "precision_note": "Surveyed bathymetric contours; typical interval 3.0 ft. Contours are feet below surface. Not a real-time sonar product.", "contour_method": "vector_featureserver", "georef_method": "featureserver", "depth_assignment": "featureserver", "needs_review": false, "review_priority": null, "review_notes": null, "line_style": "solid", "data_quality": "featureserver"}}, {"type": "Feature", "geometry": {"type": "Point", "coordinates": [-85.419258, 41.549687]}, "properties": {"id": "dallas-lake", "name": "Dallas Lake", "source_lake_name": "Dallas Lake", "county": "LaGrange", "county2": null, "acres": null, "max_depth_ft": null, "survey_date": null, "contour_interval_ft": 10.0, "min_contour_ft": 10.0, "max_contour_ft": 100.0, "has_contours": true, "pdf_url": null, "bbox": [-85.436613, 41.546726, -85.410814, 41.556777], "source": "Indiana DNR Division of Fish & Wildlife \u2013 Lake Bathymetry (IndianaMap)", "source_url": "https://gisdata.in.gov/server/rest/services/Hosted/Lake_Bathymetry_RO/FeatureServer/0", "precision_note": "Surveyed bathymetric contours; typical interval 10.0 ft. Contours are feet below surface. Not a real-time sonar product.", "contour_method": "vector_featureserver", "georef_method": "featureserver", "depth_assignment": "featureserver", "needs_review": false, "review_priority": null, "review_notes": null, "line_style": "solid", "data_quality": "featureserver"}}, {"type": "Feature", "geometry": {"type": "Point", "coordinates": [-85.775617, 41.372297]}, "properties": {"id": "dewart-lake", "name": "Dewart Lake", "source_lake_name": "Dewart Lake", "county": "Kosciusko", "county2": null, "acres": null, "max_depth_ft": null, "survey_date": null, "contour_interval_ft": 10.0, "min_contour_ft": 10.0, "max_contour_ft": 70.0, "has_contours": true, "pdf_url": null, "bbox": [-85.784046, 41.36311, -85.760071, 41.376767], "source": "Indiana DNR Division of Fish & Wildlife \u2013 Lake Bathymetry (IndianaMap)", "source_url": "https://gisdata.in.gov/server/rest/services/Hosted/Lake_Bathymetry_RO/FeatureServer/0", "precision_note": "Surveyed bathymetric contours; typical interval 10.0 ft. Contours are feet below surface. Not a real-time sonar product.", "contour_method": "vector_featureserver", "georef_method": "featureserver", "depth_assignment": "featureserver", "needs_review": false, "review_priority": null, "review_notes": null, "line_style": "solid", "data_quality": "featureserver"}}, {"type": "Feature", "geometry": {"type": "Point", "coordinates": [-85.525728, 41.43634]}, "properties": {"id": "diamond-lake", "name": "Diamond Lake", "source_lake_name": "Diamond Lake", "county": "Noble", "county2": null, "acres": null, "max_depth_ft": null, "survey_date": null, "contour_interval_ft": 10.0, "min_contour_ft": 10.0, "max_contour_ft": 70.0, "has_contours": true, "pdf_url": null, "bbox": [-85.528486, 41.43599, -85.518159, 41.440825], "source": "Indiana DNR Division of Fish & Wildlife \u2013 Lake Bathymetry (IndianaMap)", "source_url": "https://gisdata.in.gov/server/rest/services/Hosted/Lake_Bathymetry_RO/FeatureServer/0", "precision_note": "Surveyed bathymetric contours; typical interval 10.0 ft. Contours are feet below surface. Not a real-time sonar product.", "contour_method": "vector_featureserver", "georef_method": "featureserver", "depth_assignment": "featureserver", "line_style": "solid", "needs_review": false}}, {"type": "Feature", "geometry": {"type": "Point", "coordinates": [-85.631774, 41.357668]}, "properties": {"id": "duely-lake", "name": "Duely Lake", "source_lake_name": "Duely Lake", "county": "Noble", "county2": null, "acres": 21, "max_depth_ft": null, "survey_date": "2019-07-24", "contour_interval_ft": 3.0, "min_contour_ft": 3.0, "max_contour_ft": 18.0, "has_contours": true, "pdf_url": null, "bbox": [-85.634037, 41.355776, -85.630111, 41.360235], "source": "Indiana DNR Division of Fish & Wildlife \u2013 Lake Bathymetry (IndianaMap)", "source_url": "https://gisdata.in.gov/server/rest/services/Hosted/Lake_Bathymetry_RO/FeatureServer/0", "precision_note": "Surveyed bathymetric contours; typical interval 3.0 ft. Contours are feet below surface. Not a real-time sonar product.", "contour_method": "vector_featureserver", "georef_method": "featureserver", "depth_assignment": "featureserver", "line_style": "solid", "needs_review": false}}, {"type": "Feature", "geometry": {"type": "Point", "coordinates": [-85.541423, 41.602182]}, "properties": {"id": "emma-lake", "name": "Emma Lake", "source_lake_name": "Emma Lake", "county": "LaGrange", "county2": null, "acres": 42, "max_depth_ft": null, "survey_date": "2015-07-14", "contour_interval_ft": 5.0, "min_contour_ft": 5.0, "max_contour_ft": 30.0, "has_contours": true, "pdf_url": null, "bbox": [-85.542755, 41.598384, -85.540238, 41.608062], "source": "Indiana DNR Division of Fish & Wildlife \u2013 Lake Bathymetry (IndianaMap)", "source_url": "https://gisdata.in.gov/server/rest/services/Hosted/Lake_Bathymetry_RO/FeatureServer/0", "precision_note": "Surveyed bathymetric contours; typical interval 5.0 ft. Contours are feet below surface. Not a real-time sonar product.", "contour_method": "vector_featureserver", "georef_method": "featureserver", "depth_assignment": "featureserver", "needs_review": false, "review_priority": null, "review_notes": null, "line_style": "solid", "data_quality": "featureserver"}}, {"type": "Feature", "geometry": {"type": "Point", "coordinates": [-85.319933, 41.561317]}, "properties": {"id": "eve-lake", "name": "Eve Lake", "source_lake_name": "Eve Lake", "county": "LaGrange", "county2": null, "acres": null, "max_depth_ft": null, "survey_date": null, "contour_interval_ft": 5.0, "min_contour_ft": 5.0, "max_contour_ft": 45.0, "has_contours": true, "pdf_url": null, "bbox": [-85.322312, 41.558969, -85.317699, 41.562502], "source": "Indiana DNR Division of Fish & Wildlife \u2013 Lake Bathymetry (IndianaMap)", "source_url": "https://gisdata.in.gov/server/rest/services/Hosted/Lake_Bathymetry_RO/FeatureServer/0", "precision_note": "Surveyed bathymetric contours; typical interval 5.0 ft. Contours are feet below surface. Not a real-time sonar product.", "contour_method": "vector_featureserver", "georef_method": "featureserver", "depth_assignment": "featureserver", "needs_review": false, "review_priority": null, "review_notes": null, "line_style": "solid", "data_quality": "featureserver"}}, {"type": "Feature", "geometry": {"type": "Point", "coordinates": [-85.329677, 41.623381]}, "properties": {"id": "fish-lake", "name": "Fish Lake", "source_lake_name": "Fish Lake", "county": "LaGrange", "county2": null, "acres": 100, "max_depth_ft": 82, "survey_date": "2019-07-18", "contour_interval_ft": 10.0, "min_contour_ft": 10.0, "max_contour_ft": 70.0, "has_contours": true, "pdf_url": null, "bbox": [-85.333914, 41.619328, -85.325025, 41.627041], "source": "Indiana DNR Division of Fish & Wildlife \u2013 Lake Bathymetry (IndianaMap)", "source_url": "https://gisdata.in.gov/server/rest/services/Hosted/Lake_Bathymetry_RO/FeatureServer/0", "precision_note": "Surveyed bathymetric contours; typical interval 10.0 ft. Contours are feet below surface. Not a real-time sonar product.", "contour_method": "vector_featureserver", "georef_method": "featureserver", "depth_assignment": "featureserver", "needs_review": false, "review_priority": null, "review_notes": null, "line_style": "solid", "data_quality": "featureserver"}}, {"type": "Feature", "geometry": {"type": "Point", "coordinates": [-84.999648, 41.705204]}, "properties": {"id": "gentian-failing-lake", "name": "Gentian/Failing Lake", "source_lake_name": "Gentian/Failing Lake", "county": "Steuben", "county2": null, "acres": 23, "max_depth_ft": 49, "survey_date": "2018-09-13", "contour_interval_ft": 5.0, "min_contour_ft": 5.0, "max_contour_ft": 45.0, "has_contours": true, "pdf_url": null, "bbox": [-85.002332, 41.703953, -84.996209, 41.706846], "source": "Indiana DNR Division of Fish & Wildlife \u2013 Lake Bathymetry (IndianaMap)", "source_url": "https://gisdata.in.gov/server/rest/services/Hosted/Lake_Bathymetry_RO/FeatureServer/0", "precision_note": "Surveyed bathymetric contours; typical interval 5.0 ft. Contours are feet below surface. Not a real-time sonar product.", "contour_method": "vector_featureserver", "georef_method": "featureserver", "depth_assignment": "featureserver", "needs_review": false, "review_priority": null, "review_notes": null, "line_style": "solid", "data_quality": "featureserver"}}, {"type": "Feature", "geometry": {"type": "Point", "coordinates": [-85.626725, 41.349522]}, "properties": {"id": "gordy-lake", "name": "Gordy Lake", "source_lake_name": "Gordy Lake", "county": "Noble", "county2": null, "acres": 31, "max_depth_ft": 34, "survey_date": "2019-07-24", "contour_interval_ft": 5.0, "min_contour_ft": 5.0, "max_contour_ft": 30.0, "has_contours": true, "pdf_url": null, "bbox": [-85.62902, 41.347225, -85.625014, 41.351908], "source": "Indiana DNR Division of Fish & Wildlife \u2013 Lake Bathymetry (IndianaMap)", "source_url": "https://gisdata.in.gov/server/rest/services/Hosted/Lake_Bathymetry_RO/FeatureServer/0", "precision_note": "Surveyed bathymetric contours; typical interval 5.0 ft. Contours are feet below surface. Not a real-time sonar product.", "contour_method": "vector_featureserver", "georef_method": "featureserver", "depth_assignment": "featureserver", "line_style": "solid", "needs_review": false}}, {"type": "Feature", "geometry": {"type": "Point", "coordinates": [-85.432834, 41.55842]}, "properties": {"id": "hackleburg-lake", "name": "Hackleburg Lake", "source_lake_name": "Hackleburg Lake", "county": "LaGrange", "county2": null, "acres": null, "max_depth_ft": null, "survey_date": null, "contour_interval_ft": 5.0, "min_contour_ft": 5.0, "max_contour_ft": 35.0, "has_contours": true, "pdf_url": null, "bbox": [-85.436424, 41.556275, -85.425947, 41.559932], "source": "Indiana DNR Division of Fish & Wildlife \u2013 Lake Bathymetry (IndianaMap)", "source_url": "https://gisdata.in.gov/server/rest/services/Hosted/Lake_Bathymetry_RO/FeatureServer/0", "precision_note": "Surveyed bathymetric contours; typical interval 5.0 ft. Contours are feet below surface. Not a real-time sonar product.", "contour_method": "vector_featureserver", "georef_method": "featureserver", "depth_assignment": "featureserver", "needs_review": false, "review_priority": null, "review_notes": null, "line_style": "solid", "data_quality": "featureserver"}}, {"type": "Feature", "geometry": {"type": "Point", "coordinates": [-85.987594, 41.277394]}, "properties": {"id": "hoffman-lake", "name": "Hoffman Lake", "source_lake_name": "Hoffman Lake", "county": "Kosciusko", "county2": null, "acres": null, "max_depth_ft": null, "survey_date": null, "contour_interval_ft": 3.0, "min_contour_ft": 3.0, "max_contour_ft": 30.0, "has_contours": true, "pdf_url": null, "bbox": [-85.990895, 41.266726, -85.982909, 41.280949], "source": "Indiana DNR Division of Fish & Wildlife \u2013 Lake Bathymetry (IndianaMap)", "source_url": "https://gisdata.in.gov/server/rest/services/Hosted/Lake_Bathymetry_RO/FeatureServer/0", "precision_note": "Surveyed bathymetric contours; typical interval 3.0 ft. Contours are feet below surface. Not a real-time sonar product.", "contour_method": "vector_featureserver", "georef_method": "featureserver", "depth_assignment": "featureserver", "needs_review": false, "review_priority": null, "review_notes": null, "line_style": "solid", "data_quality": "featureserver"}}, {"type": "Feature", "geometry": {"type": "Point", "coordinates": [-85.665433, 41.722386]}, "properties": {"id": "hunter-lake", "name": "Hunter Lake", "source_lake_name": "Hunter Lake", "county": "Elkhart", "county2": null, "acres": null, "max_depth_ft": null, "survey_date": null, "contour_interval_ft": 3.0, "min_contour_ft": 3.0, "max_contour_ft": 24.0, "has_contours": true, "pdf_url": null, "bbox": [-85.670798, 41.718383, -85.663904, 41.724973], "source": "Indiana DNR Division of Fish & Wildlife \u2013 Lake Bathymetry (IndianaMap)", "source_url": "https://gisdata.in.gov/server/rest/services/Hosted/Lake_Bathymetry_RO/FeatureServer/0", "precision_note": "Surveyed bathymetric contours; typical interval 3.0 ft. Contours are feet below surface. Not a real-time sonar product.", "contour_method": "vector_featureserver", "georef_method": "featureserver", "depth_assignment": "featureserver", "needs_review": false, "review_priority": null, "review_notes": null, "line_style": "solid", "data_quality": "featureserver"}}, {"type": "Feature", "geometry": {"type": "Polygon", "coordinates": [[[-85.73515463005236, 41.29917437814714], [-85.7355602822852, 41.29922677383096], [-85.73609355727216, 41.29933307815105], [-85.73636730807522, 41.29934759614549], [-85.73640013431233, 41.29932594400525], [-85.73639269087188, 41.299303820117174], [-85.73661621776571, 41.29914919969695], [-85.73729496592979, 41.29890222995399], [-85.73784792390289, 41.29874252669738], [-85.73842822928825, 41.29853753611055], [-85.73850227112891, 41.298485513085865], [-85.73900716114952, 41.29840493414129], [-85.73917442476048, 41.29842832712433], [-85.73980127186067, 41.29859288088568], [-85.74009573871251, 41.29869852080181], [-85.74092210343392, 41.2988854098325], [-85.74102129181433, 41.29894731619967], [-85.74096679012773, 41.29934048292252], [-85.74107340308397, 41.299363882993646], [-85.74114220864485, 41.29933609688456], [-85.74117340803298, 41.29929357814876], [-85.74121209308237, 41.29888593286728], [-85.74119662858476, 41.298854305115476], [-85.74127697031051, 41.298633683167836], [-85.74196016333859, 41.29836148412649], [-85.74212229487433, 41.298080349055724], [-85.74180723414463, 41.29796232385042], [-85.74139899835703, 41.297858936213615], [-85.74087443882495, 41.297651272284845], [-85.74086851084238, 41.29761689710477], [-85.74100667532633, 41.29739551980885], [-85.74112688697936, 41.297263987259576], [-85.74116216202393, 41.29725367815573], [-85.74175543279377, 41.297564766037105], [-85.74222524000925, 41.297752873802956], [-85.74229104879035, 41.297760186968084], [-85.74249903303313, 41.29750082421539], [-85.74260221891657, 41.29732120596231], [-85.74254930006148, 41.29722124513059], [-85.74218149474987, 41.29704114220239], [-85.74110249322781, 41.296398998846186], [-85.74101367589735, 41.296293615720984], [-85.74096170476491, 41.29616856077719], [-85.7409917911404, 41.29576438797897], [-85.74226214369945, 41.29587996992089], [-85.74232049466703, 41.295853492337486], [-85.74229807092091, 41.29574531012895], [-85.7423321242567, 41.2957021100863], [-85.74227930062307, 41.295690058775705], [-85.74211959004701, 41.29571464193512], [-85.74200655503479, 41.29568116269875], [-85.74124647520156, 41.29563728229702], [-85.74106063622719, 41.2955958072723], [-85.74101127290396, 41.29555377811349], [-85.74100165733718, 41.29551435613763], [-85.74104411531076, 41.29524612273924], [-85.74101405498642, 41.29514071007966], [-85.74090283457109, 41.29492643133538], [-85.74090159399768, 41.294802056795405], [-85.74102104028607, 41.294707679822366], [-85.74108104864536, 41.29469265594972], [-85.74147025182702, 41.294706485876844], [-85.74296134380758, 41.29467152195805], [-85.7430322855622, 41.29464380471732], [-85.743087275034, 41.29458646285377], [-85.74311486768626, 41.29439410874541], [-85.74309707026386, 41.29436803281732], [-85.74294528911682, 41.29433782225385], [-85.7428675767599, 41.294339261206005], [-85.7428681516817, 41.294370719039975], [-85.74283856297286, 41.29437171321234], [-85.74283607194458, 41.29434893701075], [-85.74276292123267, 41.29436904791255], [-85.74275993613098, 41.294341254276105], [-85.7408718849146, 41.29438893270656], [-85.74081593963533, 41.29434858469698], [-85.7408006449193, 41.294296307256865], [-85.7408005622743, 41.293667371056], [-85.74083634756195, 41.29363205291284], [-85.74097429465361, 41.29360578904733], [-85.7417884548636, 41.293607246913844], [-85.74233615679402, 41.29356663586968], [-85.7427489398536, 41.29357799508567], [-85.74315982028139, 41.293517280289414], [-85.74343632262416, 41.29344480798497], [-85.7434814171531, 41.29342352172748], [-85.74361353238196, 41.29324964005208], [-85.74370240271301, 41.29327459129952], [-85.74375867497905, 41.29321064392224], [-85.74369314287907, 41.293125109777804], [-85.74416463533403, 41.29254382181549], [-85.7445097393201, 41.2921712643152], [-85.74449272792356, 41.292149679312836], [-85.74456303007769, 41.2920719367977], [-85.74438855479164, 41.29193705788349], [-85.7443355038842, 41.291917933017146], [-85.7443000967873, 41.29194261006704], [-85.74407788772199, 41.29224548278619], [-85.7440749969434, 41.29229404828519], [-85.74402223170027, 41.292372053091654], [-85.74391795256712, 41.2924666089308], [-85.74385892157486, 41.29248021727138], [-85.74374796616252, 41.2926232956859], [-85.74359712465328, 41.2928631111544], [-85.74349622498227, 41.29297771889237], [-85.74339850804228, 41.29319952694658], [-85.74333718634605, 41.293264176949094], [-85.74317735270081, 41.293302539951995], [-85.74251260657707, 41.293301981100555], [-85.74057739919816, 41.2933936279486], [-85.7404595528093, 41.29338147902009], [-85.74023174813809, 41.29343700230479], [-85.74023493895398, 41.29346720721096], [-85.74037235783624, 41.293453727314905], [-85.74036970331458, 41.29349032793951], [-85.74040908904989, 41.2935202358478], [-85.74039254657394, 41.293815977292965], [-85.74036715120086, 41.293893254724125], [-85.74039092691147, 41.29426632006251], [-85.74044384037666, 41.29451905572788], [-85.74043818188868, 41.29456280392094], [-85.74040734272499, 41.294580401999426], [-85.74018545884981, 41.29457924787233], [-85.73914398894031, 41.294371717261875], [-85.73893506505975, 41.29429601298691], [-85.73875483336934, 41.29426086594179], [-85.73867545463757, 41.29423048929546], [-85.73865342794683, 41.294190008901204], [-85.73904053535895, 41.29408215870068], [-85.7391265966581, 41.293966404164586], [-85.73918156007876, 41.29384062797733], [-85.73925727278585, 41.293771119003424], [-85.73934839070176, 41.29373986133649], [-85.73937706492563, 41.293688479725354], [-85.73939936560255, 41.29352999884119], [-85.7395127096352, 41.29334384972445], [-85.73956383814793, 41.29331212479344], [-85.73962578686825, 41.29330997510552], [-85.73962298592117, 41.293214410775136], [-85.73958752672196, 41.29317880013654], [-85.73960633205412, 41.29309785489122], [-85.73972111788281, 41.29307333689006], [-85.73970319289963, 41.29302351994968], [-85.73981319789438, 41.29294871178697], [-85.7398398122813, 41.29285851882232], [-85.7399146841653, 41.29282994430445], [-85.73995634173997, 41.29284192189938], [-85.74005109423949, 41.29291198396871], [-85.7400724121595, 41.29298693323694], [-85.74009331505785, 41.29298933199009], [-85.74011078279855, 41.292927044698494], [-85.74006839399524, 41.29290428419121], [-85.74006261333639, 41.29286111871407], [-85.74010480181539, 41.29284724587415], [-85.74012361792732, 41.29290492876412], [-85.74014938520293, 41.292902357221834], [-85.74020306403274, 41.29283905472819], [-85.7402284926435, 41.29271365298795], [-85.7403881250661, 41.292638658859126], [-85.74037826695417, 41.29251672799892], [-85.74040154679479, 41.292490554802626], [-85.74038144968523, 41.29245386992326], [-85.74044328611613, 41.29239598617404], [-85.7404509721017, 41.29234461700346], [-85.74030982970257, 41.292295799110136], [-85.74020159438895, 41.29230597130747], [-85.74001019035136, 41.292443819914986], [-85.73980695909474, 41.29237283670972], [-85.73981342067657, 41.29233503269478], [-85.7398925272188, 41.29227818421645], [-85.73990804471704, 41.29220320173621], [-85.7399666193651, 41.29211955006635], [-85.73992023395711, 41.29193247021091], [-85.74003862472507, 41.291843085114046], [-85.74003351690433, 41.291768694746125], [-85.73994071285065, 41.291673271249], [-85.73991541898718, 41.29161294008147], [-85.73993503998962, 41.29158029298947], [-85.74001779908181, 41.291564820223535], [-85.73996541202939, 41.291485592099065], [-85.74000883838686, 41.291308852193914], [-85.74010876608075, 41.29128786087294], [-85.74010973356629, 41.2912407019221], [-85.74007870395978, 41.2912289049232], [-85.74006814156867, 41.29118947290912], [-85.74003686582371, 41.291189823215035], [-85.73995963765874, 41.29125896168508], [-85.7398301976128, 41.291240298294404], [-85.73978872598941, 41.29118335301735], [-85.73970625884971, 41.29118453420307], [-85.73963232840013, 41.291231556852054], [-85.73962254844163, 41.29124644990405], [-85.7396894917949, 41.29135515389438], [-85.73967971902294, 41.291415789032726], [-85.73962196723164, 41.29145942726354], [-85.73961145963776, 41.29155578994201], [-85.73953731538916, 41.291567073912745], [-85.73948731785539, 41.291602225109095], [-85.73938125107485, 41.291737496190954], [-85.73935024123125, 41.291817180955185], [-85.7393770873835, 41.291940423211415], [-85.73950417923328, 41.29207341292226], [-85.73952832325317, 41.29214373567399], [-85.73958151789104, 41.29218366590153], [-85.73962995415283, 41.29227071114805], [-85.73963786920882, 41.29239301774064], [-85.73968867612466, 41.2924107642187], [-85.73963974219619, 41.29244021028101], [-85.73971258658256, 41.292584716974915], [-85.73968744004281, 41.292748090822386], [-85.73958186104747, 41.292813327800744], [-85.73945191974163, 41.29281895685366], [-85.73928791342188, 41.29263764913657], [-85.73929918368545, 41.29259632879267], [-85.73926409279548, 41.292551606679154], [-85.7392535959814, 41.292462860933355], [-85.73910491132715, 41.29236606897598], [-85.73871089766712, 41.292356463746955], [-85.73863344043176, 41.29239057981846], [-85.73871988980312, 41.29256454815233], [-85.73878391722498, 41.292584592784344], [-85.73883015710594, 41.29254796870326], [-85.73893755698634, 41.292578527019366], [-85.738968116774, 41.29261318900806], [-85.73906788816103, 41.29260006125869], [-85.73920555497833, 41.292679570157865], [-85.73925302824614, 41.292675120901784], [-85.73926021207346, 41.292694504051155], [-85.73923146688269, 41.29270989083076], [-85.73925921404519, 41.29274309216406], [-85.73924227092061, 41.292783632851524], [-85.73929514485992, 41.292839282185064], [-85.73936311408926, 41.29280576907544], [-85.73939053785826, 41.292854689853854], [-85.73931822796946, 41.29286885494376], [-85.73931863310966, 41.29289530269116], [-85.73944308930238, 41.292926059278464], [-85.73947660814058, 41.29295503872122], [-85.73948291161892, 41.293017292238844], [-85.73946031539627, 41.29305633775517], [-85.73940548312964, 41.293049979783355], [-85.73914205486753, 41.29318769992949], [-85.73904446009843, 41.293187274040775], [-85.73883724571184, 41.293033337012886], [-85.73872487096136, 41.2930141557726], [-85.73864920406835, 41.29305329510803], [-85.7385944472602, 41.29304336533213], [-85.73852598216084, 41.29296251711079], [-85.73846319621069, 41.29292819278036], [-85.73836837274423, 41.29279272033356], [-85.73830949985546, 41.29261407116571], [-85.73809543042493, 41.29251722813651], [-85.73810055531362, 41.292452248692996], [-85.7382847764222, 41.292341479154935], [-85.7383751298718, 41.29232538223949], [-85.73855362422043, 41.292401082726876], [-85.73858051708511, 41.29238352928213], [-85.7385946754323, 41.292340096854694], [-85.73849489865536, 41.29230748387413], [-85.73848830232625, 41.29225952179232], [-85.73838850219313, 41.29218188200091], [-85.73830064426339, 41.292168704893186], [-85.73822949589626, 41.29221861832961], [-85.73823754390288, 41.292288039189174], [-85.73818432321389, 41.29234173496148], [-85.73802025670702, 41.292394134784146], [-85.73795323969188, 41.2923812000267], [-85.73784296071096, 41.29230629730911], [-85.73767677777329, 41.29236939175985], [-85.73758918394824, 41.29234335416961], [-85.73741018564475, 41.29233840205191], [-85.73718408956921, 41.292273577669235], [-85.7369505617313, 41.29210932316874], [-85.73670879544395, 41.29206933012493], [-85.73664252942038, 41.292019955188046], [-85.73658562833366, 41.29192994992689], [-85.73660250318626, 41.29187415672699], [-85.73672018698007, 41.29183789874846], [-85.73678972287126, 41.29177438868504], [-85.73694838421505, 41.29170834814283], [-85.7369822992103, 41.291625839218476], [-85.73712535412265, 41.29153531504463], [-85.73718297026835, 41.29136017088306], [-85.7371929649242, 41.291196620769185], [-85.7371398331684, 41.291061634075795], [-85.73711658926044, 41.29077829009694], [-85.73713980711727, 41.290675366926145], [-85.73723018661802, 41.290583496894186], [-85.73724120176001, 41.290511235970996], [-85.73713704210282, 41.29041247020197], [-85.7369946483505, 41.29031941792348], [-85.73668572670745, 41.2901812907877], [-85.73656572615853, 41.290157811150195], [-85.73610505930107, 41.29014985320757], [-85.73565342859703, 41.290000297703294], [-85.73490417436125, 41.289991008689555], [-85.73467118281759, 41.290033459242125], [-85.73449234980411, 41.29002417698284], [-85.73437249568056, 41.290059736695426], [-85.734245427187, 41.29014809422538], [-85.7341662999835, 41.290387440913115], [-85.73417477918147, 41.29043836816888], [-85.73420894839994, 41.290464951895785], [-85.73478741403557, 41.29063653529981], [-85.73527890209043, 41.29073470608292], [-85.73595214717508, 41.290733346697486], [-85.7365320582, 41.29063642527988], [-85.73671076634768, 41.290651865192444], [-85.73675480355953, 41.29069499298325], [-85.7367703767533, 41.290798371051025], [-85.73677351277195, 41.291142390158015], [-85.73673924024725, 41.29135248712145], [-85.73665186022124, 41.291463900226105], [-85.73657336992329, 41.29150713412374], [-85.73649227810425, 41.29151131887516], [-85.73640668033579, 41.291370671932455], [-85.73632092985372, 41.29136966826494], [-85.73550077069426, 41.29156337513562], [-85.73396311993086, 41.29198894304062], [-85.73383717163645, 41.29205574869688], [-85.73383031928745, 41.292123952788494], [-85.73386411390845, 41.292234730795315], [-85.73391752773524, 41.292252299803955], [-85.73456482767783, 41.29212331968207], [-85.73614782090522, 41.29177682798019], [-85.73619556995585, 41.29180511002806], [-85.73626246210515, 41.29199482797251], [-85.73630804801255, 41.29222741971055], [-85.73627809189277, 41.29229381272708], [-85.73562755262526, 41.29243672281285], [-85.73548905666297, 41.2925025776815], [-85.73507211081035, 41.29279750503006], [-85.73430567629478, 41.29297263318375], [-85.73379346410631, 41.292863906915635], [-85.733578702973, 41.292766327890256], [-85.73331083613508, 41.29268204924105], [-85.73293710733249, 41.292694234072094], [-85.73278261776485, 41.2927283222941], [-85.73271432693865, 41.292784593300716], [-85.73253596643897, 41.29279262516607], [-85.73223098031518, 41.29296302466937], [-85.73201588680523, 41.29285832106318], [-85.7314065415817, 41.29293217225726], [-85.7310010258928, 41.29324222783971], [-85.7307644940886, 41.29328915721343], [-85.73051520441072, 41.29330371704967], [-85.72998714414399, 41.293454984052744], [-85.72993718523779, 41.29343540472184], [-85.72974945261475, 41.2934446932452], [-85.72940148390124, 41.29341561007919], [-85.72920439442625, 41.293428784910226], [-85.72897422808414, 41.29337509678205], [-85.72850621839753, 41.29331861097858], [-85.72812636667796, 41.29335711973664], [-85.7280849687164, 41.293340140923945], [-85.72766170321577, 41.293395131040874], [-85.72742000789532, 41.29348224688944], [-85.72729822688552, 41.29350680320844], [-85.72709221444477, 41.29350287506193], [-85.72696399700595, 41.2935438242902], [-85.72690062176098, 41.29353860228805], [-85.72683216205151, 41.29347462884695], [-85.72660805304939, 41.29355940187715], [-85.72634946401168, 41.29361758831614], [-85.7264298578397, 41.29377755924723], [-85.72638096792868, 41.29381212070829], [-85.72644164912613, 41.29381819715753], [-85.72643206410204, 41.2938615617823], [-85.72618193629604, 41.29467101711251], [-85.72598810860379, 41.29489681901398], [-85.72566968188674, 41.295057446207935], [-85.72490205979832, 41.294906043211384], [-85.72491272010582, 41.294848991796236], [-85.7250086502967, 41.294792947995646], [-85.72498849300003, 41.294774841755135], [-85.72504519106751, 41.294744540939924], [-85.7250614236247, 41.29476141004907], [-85.7253960748141, 41.29454201207598], [-85.72544119000432, 41.294499067034494], [-85.72546095294055, 41.29445999133495], [-85.72543431968903, 41.294449552876365], [-85.72547337664093, 41.29439402775378], [-85.72550849897192, 41.29441409612108], [-85.7256085856676, 41.29423362232861], [-85.72565820231571, 41.29420204631536], [-85.72568939092405, 41.29410711975369], [-85.72564269559726, 41.29411193000121], [-85.72566916086383, 41.29397823509012], [-85.72571955275804, 41.29398538129475], [-85.7257543687635, 41.293867865005275], [-85.7256370182447, 41.293814663867394], [-85.72527133744872, 41.29438807014585], [-85.72512592535702, 41.29450725932183], [-85.7245602140018, 41.29482517705084], [-85.72439322886858, 41.294842264814875], [-85.7242248648214, 41.29481168798639], [-85.72418863756262, 41.294997085098885], [-85.72436493193713, 41.29506408475215], [-85.72443893964181, 41.295036966335246], [-85.72581651690979, 41.29528848010786], [-85.7259063484382, 41.295412230094726], [-85.72592533343342, 41.295486901798405], [-85.72592750196652, 41.29557269201442], [-85.72587432888821, 41.295661403833186], [-85.7261300540968, 41.29579181385498], [-85.72658783466726, 41.295805588880825], [-85.72671331943098, 41.29560782080493], [-85.72679543712604, 41.29555840197694], [-85.7270334709134, 41.29544234972142], [-85.72734458624238, 41.295343702104766], [-85.72745226909211, 41.29534035517526], [-85.72768862482653, 41.29651207170496], [-85.72784660794228, 41.296493546823605], [-85.72773301866955, 41.29579677178477], [-85.72778490895362, 41.29577853691398], [-85.72777332427972, 41.295722242168246], [-85.72772904182779, 41.295717872759866], [-85.72772291621585, 41.29566895210388], [-85.72775793793554, 41.29565244026062], [-85.72773060938795, 41.29548369120981], [-85.72767332472064, 41.29547758386944], [-85.72763432526085, 41.29526749276711], [-85.72807762858221, 41.29523809590039], [-85.72818327944279, 41.29553013100511], [-85.7282414678153, 41.295798913291755], [-85.72834213212774, 41.29655361701245], [-85.72833137031064, 41.29663003474354], [-85.72837315095448, 41.296681299303536], [-85.72844392382584, 41.296711749723094], [-85.72851341480126, 41.29670564384755], [-85.72842427228068, 41.296084163014626], [-85.72842236515734, 41.29585972990128], [-85.7284871040449, 41.295832962096156], [-85.72862910164018, 41.296093883779655], [-85.72868655339418, 41.296078019960056], [-85.7288289588246, 41.29609738994987], [-85.72889993202025, 41.29641401692651], [-85.7289217871328, 41.296738145969414], [-85.7289475948326, 41.29677268291509], [-85.72906542235684, 41.29677214501544], [-85.72901059278517, 41.29629146478149], [-85.72924399306227, 41.29630074884869], [-85.72952862964993, 41.29654526975328], [-85.72986616622805, 41.29674771613301], [-85.73020670677248, 41.29680480233236], [-85.73040087223124, 41.29686170288296], [-85.7304650092476, 41.29731210696294], [-85.73045610424818, 41.297372775033566], [-85.73050469142694, 41.29741565676732], [-85.73058828595234, 41.29744279579204], [-85.73070442644048, 41.29744993081873], [-85.7308327301176, 41.29741143595013], [-85.73083017890217, 41.29723869873806], [-85.73074588189422, 41.29715292286141], [-85.73069613588875, 41.2967660992121], [-85.73062022285734, 41.296637725307484], [-85.73062816126951, 41.29657678996472], [-85.73070244565528, 41.29650906701386], [-85.73082934077401, 41.2964818432371], [-85.73121782081189, 41.296472426913574], [-85.7314708816173, 41.29711044724589], [-85.7314916102425, 41.29749592783082], [-85.73144529220811, 41.2975972299367], [-85.73107061927617, 41.29772802482794], [-85.73092603183792, 41.29773109222823], [-85.73089020971933, 41.29778308278474], [-85.73090720135295, 41.29787798105053], [-85.73127834929574, 41.29795619379573], [-85.7314636816203, 41.29808344410999], [-85.73169744661342, 41.298351227837436], [-85.73233026661197, 41.29860820823378], [-85.7333867743193, 41.298854041910715], [-85.73350494589829, 41.298861415691945], [-85.73383633889819, 41.29896110675637], [-85.73433150016426, 41.299068842933494], [-85.73464516221708, 41.29912433505679], [-85.73515463005236, 41.29917437814714]]]}, "properties": {"id": "james-lake", "name": "James Lake", "source_lake_name": "JAMES LAKE", "county": "Kosciusko", "county2": null, "acres": 282, "max_depth_ft": 62, "survey_date": "2017-08-10", "contour_interval_ft": 10, "min_contour_ft": 0, "max_contour_ft": 60, "has_contours": true, "pdf_url": "https://www.in.gov/dnr/fish-and-wildlife/files/depth/fw-James_Lake_Bathymetric_Kosciusko_County_August_2017.pdf", "bbox": [-85.744563, 41.289991, -85.724189, 41.299364], "source": "Indiana DNR Fish & Wildlife bathymetry PDF (raster digitized)", "source_url": "https://www.in.gov/dnr/fish-and-wildlife/fishing/lake-depth-maps/", "precision_note": "pdf_label depths; IoU=0.993; acre ratio 1.16 near 10% band \u2014 dual-basin/marsh exception accepted", "contour_method": "traced_from_pdf", "georef_method": "nhd", "depth_assignment": "pdf_label", "line_style": "solid", "needs_review": false, "review_priority": null, "review_notes": null, "data_quality": "ok", "shore_iou": 0.993}}, {"type": "Feature", "geometry": {"type": "Point", "coordinates": [-85.656612, 41.308134]}, "properties": {"id": "kiser-lake", "name": "Kiser Lake", "source_lake_name": "Kiser Lake", "county": "Kosciusko", "county2": null, "acres": 8, "max_depth_ft": null, "survey_date": "2018-04-12", "contour_interval_ft": 5.0, "min_contour_ft": 5.0, "max_contour_ft": 20.0, "has_contours": true, "pdf_url": null, "bbox": [-85.657542, 41.306572, -85.655538, 41.309383], "source": "Indiana DNR Division of Fish & Wildlife \u2013 Lake Bathymetry (IndianaMap)", "source_url": "https://gisdata.in.gov/server/rest/services/Hosted/Lake_Bathymetry_RO/FeatureServer/0", "precision_note": "Surveyed bathymetric contours; typical interval 5.0 ft. Contours are feet below surface. Not a real-time sonar product.", "contour_method": "vector_featureserver", "georef_method": "featureserver", "depth_assignment": "featureserver", "needs_review": false, "review_priority": null, "review_notes": null, "line_style": "solid", "data_quality": "featureserver"}}, {"type": "Feature", "geometry": {"type": "Point", "coordinates": [-85.701035, 41.397377]}, "properties": {"id": "lake-wawasee", "name": "Lake Wawasee", "source_lake_name": "Lake Wawasee", "county": "Kosciusko", "county2": null, "acres": null, "max_depth_ft": null, "survey_date": null, "contour_interval_ft": 5.0, "min_contour_ft": 5.0, "max_contour_ft": 75.0, "has_contours": true, "pdf_url": null, "bbox": [-85.742982, 41.376196, -85.667419, 41.418461], "source": "Indiana DNR Division of Fish & Wildlife \u2013 Lake Bathymetry (IndianaMap)", "source_url": "https://gisdata.in.gov/server/rest/services/Hosted/Lake_Bathymetry_RO/FeatureServer/0", "precision_note": "Surveyed bathymetric contours; typical interval 5.0 ft. Contours are feet below surface. Not a real-time sonar product.", "contour_method": "vector_featureserver", "georef_method": "featureserver", "depth_assignment": "featureserver", "needs_review": false, "review_priority": null, "review_notes": null, "line_style": "solid", "data_quality": "featureserver"}}, {"type": "Feature", "geometry": {"type": "Point", "coordinates": [-85.199888, 41.545175]}, "properties": {"id": "lake-of-the-woods", "name": "Lake of the Woods", "source_lake_name": "Lake of the Woods", "county": "LaGrange", "county2": "Steuben", "acres": 136, "max_depth_ft": 84, "survey_date": "2018-08-08", "contour_interval_ft": 10.0, "min_contour_ft": 10.0, "max_contour_ft": 80.0, "has_contours": true, "pdf_url": null, "bbox": [-85.207987, 41.541308, -85.191274, 41.548593], "source": "Indiana DNR Division of Fish & Wildlife \u2013 Lake Bathymetry (IndianaMap)", "source_url": "https://gisdata.in.gov/server/rest/services/Hosted/Lake_Bathymetry_RO/FeatureServer/0", "precision_note": "Surveyed bathymetric contours; typical interval 10.0 ft. Contours are feet below surface. Not a real-time sonar product.", "contour_method": "vector_featureserver", "georef_method": "featureserver", "depth_assignment": "featureserver", "needs_review": false, "review_priority": null, "review_notes": null, "line_style": "solid", "data_quality": "featureserver"}}, {"type": "Feature", "geometry": {"type": "Point", "coordinates": [-85.623187, 41.17283]}, "properties": {"id": "larwill-lake", "name": "Larwill Lake", "source_lake_name": "Larwill Lake", "county": "Whitley", "county2": null, "acres": 9, "max_depth_ft": null, "survey_date": "2019-05-28", "contour_interval_ft": 5.0, "min_contour_ft": 5.0, "max_contour_ft": 35.0, "has_contours": true, "pdf_url": null, "bbox": [-85.624536, 41.171655, -85.621656, 41.174021], "source": "Indiana DNR Division of Fish & Wildlife \u2013 Lake Bathymetry (IndianaMap)", "source_url": "https://gisdata.in.gov/server/rest/services/Hosted/Lake_Bathymetry_RO/FeatureServer/0", "precision_note": "Surveyed bathymetric contours; typical interval 5.0 ft. Contours are feet below surface. Not a real-time sonar product.", "contour_method": "vector_featureserver", "georef_method": "featureserver", "depth_assignment": "featureserver", "line_style": "solid", "needs_review": false}}, {"type": "Feature", "geometry": {"type": "Point", "coordinates": [-85.791363, 41.272762]}, "properties": {"id": "little-chapman-lake", "name": "Little Chapman Lake", "source_lake_name": "Little Chapman Lake", "county": "Kosciusko", "county2": null, "acres": 177, "max_depth_ft": 29, "survey_date": "2018-08-01", "contour_interval_ft": 5.0, "min_contour_ft": 5.0, "max_contour_ft": 25.0, "has_contours": true, "pdf_url": null, "bbox": [-85.794914, 41.267493, -85.786647, 41.277277], "source": "Indiana DNR Division of Fish & Wildlife \u2013 Lake Bathymetry (IndianaMap)", "source_url": "https://gisdata.in.gov/server/rest/services/Hosted/Lake_Bathymetry_RO/FeatureServer/0", "precision_note": "Surveyed bathymetric contours; typical interval 5.0 ft. Contours are feet below surface. Not a real-time sonar product.", "contour_method": "vector_featureserver", "georef_method": "featureserver", "depth_assignment": "featureserver", "needs_review": false, "review_priority": null, "review_notes": null, "line_style": "solid", "data_quality": "featureserver"}}, {"type": "Feature", "geometry": {"type": "Point", "coordinates": [-85.26001, 41.464074]}, "properties": {"id": "little-long-lake", "name": "Little Long Lake", "source_lake_name": "Little Long Lake", "county": "Noble", "county2": null, "acres": 71, "max_depth_ft": 63, "survey_date": "2017-07-27", "contour_interval_ft": 10.0, "min_contour_ft": 10.0, "max_contour_ft": 40.0, "has_contours": true, "pdf_url": null, "bbox": [-85.266865, 41.462313, -85.249663, 41.466272], "source": "Indiana DNR Division of Fish & Wildlife \u2013 Lake Bathymetry (IndianaMap)", "source_url": "https://gisdata.in.gov/server/rest/services/Hosted/Lake_Bathymetry_RO/FeatureServer/0", "precision_note": "Surveyed bathymetric contours; typical interval 10.0 ft. Contours are feet below surface. Not a real-time sonar product.", "contour_method": "vector_featureserver", "georef_method": "featureserver", "depth_assignment": "featureserver", "line_style": "solid", "needs_review": false}}, {"type": "Feature", "geometry": {"type": "Point", "coordinates": [-85.847806, 41.261334]}, "properties": {"id": "little-pike-lake", "name": "Little Pike Lake", "source_lake_name": "Little Pike Lake", "county": "Kosciusko", "county2": null, "acres": null, "max_depth_ft": null, "survey_date": null, "contour_interval_ft": 1.0, "min_contour_ft": 3.0, "max_contour_ft": 10.0, "has_contours": true, "pdf_url": null, "bbox": [-85.850347, 41.25465, -85.846477, 41.262012], "source": "Indiana DNR Division of Fish & Wildlife \u2013 Lake Bathymetry (IndianaMap)", "source_url": "https://gisdata.in.gov/server/rest/services/Hosted/Lake_Bathymetry_RO/FeatureServer/0", "precision_note": "Surveyed bathymetric contours; typical interval 1.0 ft. Contours are feet below surface. Not a real-time sonar product.", "contour_method": "vector_featureserver", "georef_method": "featureserver", "depth_assignment": "featureserver", "needs_review": false, "review_priority": null, "review_notes": null, "line_style": "solid", "data_quality": "featureserver"}}, {"type": "Feature", "geometry": {"type": "Point", "coordinates": [-84.80483, 41.74774]}, "properties": {"id": "long-lake", "name": "Long Lake", "source_lake_name": "Long Lake", "county": "Steuben", "county2": null, "acres": 154, "max_depth_ft": null, "survey_date": "2017-08-01", "contour_interval_ft": 5.0, "min_contour_ft": 5.0, "max_contour_ft": 35.0, "has_contours": true, "pdf_url": null, "bbox": [-84.814599, 41.743917, -84.799767, 41.750542], "source": "Indiana DNR Division of Fish & Wildlife \u2013 Lake Bathymetry (IndianaMap)", "source_url": "https://gisdata.in.gov/server/rest/services/Hosted/Lake_Bathymetry_RO/FeatureServer/0", "precision_note": "Surveyed bathymetric contours; typical interval 5.0 ft. Contours are feet below surface. Not a real-time sonar product.", "contour_method": "vector_featureserver", "georef_method": "featureserver", "depth_assignment": "featureserver", "needs_review": false, "review_priority": null, "review_notes": null, "line_style": "solid", "data_quality": "featureserver"}}, {"type": "Feature", "geometry": {"type": "Point", "coordinates": [-85.489357, 41.375711]}, "properties": {"id": "lower-long-lake", "name": "Lower Long Lake", "source_lake_name": "Lower Long Lake", "county": "Noble", "county2": null, "acres": 66, "max_depth_ft": 54, "survey_date": "2017-08-02", "contour_interval_ft": 10.0, "min_contour_ft": 10.0, "max_contour_ft": 50.0, "has_contours": true, "pdf_url": null, "bbox": [-85.492634, 41.369714, -85.48694, 41.377916], "source": "Indiana DNR Division of Fish & Wildlife \u2013 Lake Bathymetry (IndianaMap)", "source_url": "https://gisdata.in.gov/server/rest/services/Hosted/Lake_Bathymetry_RO/FeatureServer/0", "precision_note": "Surveyed bathymetric contours; typical interval 10.0 ft. Contours are feet below surface. Not a real-time sonar product.", "contour_method": "vector_featureserver", "georef_method": "featureserver", "depth_assignment": "featureserver", "line_style": "solid", "needs_review": false}}, {"type": "Feature", "geometry": {"type": "Point", "coordinates": [-85.384681, 41.564359]}, "properties": {"id": "martin-lake", "name": "Martin Lake", "source_lake_name": "Martin Lake", "county": "LaGrange", "county2": null, "acres": 26, "max_depth_ft": 55, "survey_date": "2018-08-08", "contour_interval_ft": 10.0, "min_contour_ft": 10.0, "max_contour_ft": 50.0, "has_contours": true, "pdf_url": null, "bbox": [-85.387088, 41.562465, -85.381073, 41.56586], "source": "Indiana DNR Division of Fish & Wildlife \u2013 Lake Bathymetry (IndianaMap)", "source_url": "https://gisdata.in.gov/server/rest/services/Hosted/Lake_Bathymetry_RO/FeatureServer/0", "precision_note": "Surveyed bathymetric contours; typical interval 10.0 ft. Contours are feet below surface. Not a real-time sonar product.", "contour_method": "vector_featureserver", "georef_method": "featureserver", "depth_assignment": "featureserver", "needs_review": false, "review_priority": null, "review_notes": null, "line_style": "solid", "data_quality": "featureserver"}}, {"type": "Feature", "geometry": {"type": "Point", "coordinates": [-85.192358, 41.539694]}, "properties": {"id": "mcclish-lake", "name": "McClish Lake", "source_lake_name": "McClish Lake", "county": "Steuben", "county2": "LaGrange", "acres": 35, "max_depth_ft": 58, "survey_date": "2017-07-19", "contour_interval_ft": 10.0, "min_contour_ft": 10.0, "max_contour_ft": 50.0, "has_contours": true, "pdf_url": null, "bbox": [-85.195694, 41.538334, -85.188654, 41.541302], "source": "Indiana DNR Division of Fish & Wildlife \u2013 Lake Bathymetry (IndianaMap)", "source_url": "https://gisdata.in.gov/server/rest/services/Hosted/Lake_Bathymetry_RO/FeatureServer/0", "precision_note": "Surveyed bathymetric contours; typical interval 10.0 ft. Contours are feet below surface. Not a real-time sonar product.", "contour_method": "vector_featureserver", "georef_method": "featureserver", "depth_assignment": "featureserver", "needs_review": false, "review_priority": null, "review_notes": null, "line_style": "solid", "data_quality": "featureserver"}}, {"type": "Feature", "geometry": {"type": "Point", "coordinates": [-85.442432, 41.551455]}, "properties": {"id": "messick-lake", "name": "Messick Lake", "source_lake_name": "Messick Lake", "county": "LaGrange", "county2": null, "acres": 68, "max_depth_ft": 56, "survey_date": "2018-07-23", "contour_interval_ft": 10.0, "min_contour_ft": 10.0, "max_contour_ft": 50.0, "has_contours": true, "pdf_url": null, "bbox": [-85.447159, 41.549, -85.440255, 41.55373], "source": "Indiana DNR Division of Fish & Wildlife \u2013 Lake Bathymetry (IndianaMap)", "source_url": "https://gisdata.in.gov/server/rest/services/Hosted/Lake_Bathymetry_RO/FeatureServer/0", "precision_note": "Surveyed bathymetric contours; typical interval 10.0 ft. Contours are feet below surface. Not a real-time sonar product.", "contour_method": "vector_featureserver", "georef_method": "featureserver", "depth_assignment": "featureserver", "needs_review": false, "review_priority": null, "review_notes": null, "line_style": "solid", "data_quality": "featureserver"}}, {"type": "Feature", "geometry": {"type": "Point", "coordinates": [-85.469131, 41.169962]}, "properties": {"id": "morsches-park-pond", "name": "Morsches Park Pond", "source_lake_name": "Morsches Park Pond", "county": "Whitley", "county2": null, "acres": 1, "max_depth_ft": null, "survey_date": "2015-05-04", "contour_interval_ft": 1.0, "min_contour_ft": 1.0, "max_contour_ft": 5.0, "has_contours": true, "pdf_url": null, "bbox": [-85.469503, 41.169658, -85.468754, 41.170312], "source": "Indiana DNR Division of Fish & Wildlife \u2013 Lake Bathymetry (IndianaMap)", "source_url": "https://gisdata.in.gov/server/rest/services/Hosted/Lake_Bathymetry_RO/FeatureServer/0", "precision_note": "Surveyed bathymetric contours; typical interval 1.0 ft. Contours are feet below surface. Not a real-time sonar product.", "contour_method": "vector_featureserver", "georef_method": "featureserver", "depth_assignment": "featureserver", "line_style": "solid", "needs_review": false}}, {"type": "Feature", "geometry": {"type": "Point", "coordinates": [-85.458162, 41.730499]}, "properties": {"id": "north-twin-lake", "name": "North Twin Lake", "source_lake_name": "North Twin Lake", "county": "LaGrange", "county2": null, "acres": null, "max_depth_ft": null, "survey_date": null, "contour_interval_ft": 5.0, "min_contour_ft": 5.0, "max_contour_ft": 35.0, "has_contours": true, "pdf_url": null, "bbox": [-85.462345, 41.728289, -85.452095, 41.73341], "source": "Indiana DNR Division of Fish & Wildlife \u2013 Lake Bathymetry (IndianaMap)", "source_url": "https://gisdata.in.gov/server/rest/services/Hosted/Lake_Bathymetry_RO/FeatureServer/0", "precision_note": "Surveyed bathymetric contours; typical interval 5.0 ft. Contours are feet below surface. Not a real-time sonar product.", "contour_method": "vector_featureserver", "georef_method": "featureserver", "depth_assignment": "featureserver", "needs_review": false, "review_priority": null, "review_notes": null, "line_style": "solid", "data_quality": "featureserver"}}, {"type": "Feature", "geometry": {"type": "Point", "coordinates": [-85.393618, 41.563338]}, "properties": {"id": "olin-lake", "name": "Olin Lake", "source_lake_name": "Olin Lake", "county": "LaGrange", "county2": null, "acres": 103, "max_depth_ft": 81, "survey_date": "2018-07-31", "contour_interval_ft": 10.0, "min_contour_ft": 10.0, "max_contour_ft": 70.0, "has_contours": true, "pdf_url": null, "bbox": [-85.398169, 41.559087, -85.387182, 41.56512], "source": "Indiana DNR Division of Fish & Wildlife \u2013 Lake Bathymetry (IndianaMap)", "source_url": "https://gisdata.in.gov/server/rest/services/Hosted/Lake_Bathymetry_RO/FeatureServer/0", "precision_note": "Surveyed bathymetric contours; typical interval 10.0 ft. Contours are feet below surface. Not a real-time sonar product.", "contour_method": "vector_featureserver", "georef_method": "featureserver", "depth_assignment": "featureserver", "needs_review": false, "review_priority": null, "review_notes": null, "line_style": "solid", "data_quality": "featureserver"}}, {"type": "Feature", "geometry": {"type": "Point", "coordinates": [-85.40547, 41.571847]}, "properties": {"id": "oliver-lake", "name": "Oliver Lake", "source_lake_name": "Oliver Lake", "county": "LaGrange", "county2": null, "acres": 371, "max_depth_ft": 90, "survey_date": "2018-08-02", "contour_interval_ft": 10.0, "min_contour_ft": 10.0, "max_contour_ft": 80.0, "has_contours": true, "pdf_url": null, "bbox": [-85.4147, 41.565933, -85.395725, 41.576105], "source": "Indiana DNR Division of Fish & Wildlife \u2013 Lake Bathymetry (IndianaMap)", "source_url": "https://gisdata.in.gov/server/rest/services/Hosted/Lake_Bathymetry_RO/FeatureServer/0", "precision_note": "Surveyed bathymetric contours; typical interval 10.0 ft. Contours are feet below surface. Not a real-time sonar product.", "contour_method": "vector_featureserver", "georef_method": "featureserver", "depth_assignment": "featureserver", "needs_review": false, "review_priority": null, "review_notes": null, "line_style": "solid", "data_quality": "featureserver"}}, {"type": "Feature", "geometry": {"type": "Polygon", "coordinates": [[[-85.7894886, 41.32471859999999], [-85.7893758, 41.32442499999999], [-85.78911499999998, 41.3239718], [-85.78904379999999, 41.32374649999999], [-85.7890923, 41.3233948], [-85.78906209999998, 41.3227808], [-85.78889039999999, 41.32245209999999], [-85.78835209999998, 41.32206099999999], [-85.78775169999999, 41.3216704], [-85.7876954, 41.3214098], [-85.7877621, 41.3213699], [-85.7883437, 41.321318999999995], [-85.7885394, 41.3212146], [-85.7886454, 41.321039299999995], [-85.7884045, 41.3208555], [-85.78827249999999, 41.3208449], [-85.787893, 41.3212426], [-85.7876853, 41.3212933], [-85.7876091, 41.3210418], [-85.7877119, 41.320766600000006], [-85.78787599999998, 41.3206064], [-85.7881125, 41.3204885], [-85.78876570000001, 41.3205175], [-85.7889016, 41.3206262], [-85.7888038, 41.32073419999999], [-85.78868879999999, 41.3207747], [-85.7885618, 41.3208634], [-85.78875529999999, 41.32094819999999], [-85.78894639999999, 41.32074109999999], [-85.78944859999999, 41.320841899999984], [-85.7894312, 41.320673], [-85.7889527, 41.32039489999999], [-85.7884699, 41.32033779999999], [-85.78787760000002, 41.3203765], [-85.78753429999999, 41.32060849999999], [-85.78743129999998, 41.3210791], [-85.78743129999998, 41.321407799999996], [-85.78756859999999, 41.32182039999999], [-85.7881437, 41.32214270000001], [-85.7885557, 41.322407], [-85.78876169999998, 41.3228131], [-85.78869189999999, 41.3231913], [-85.7883926, 41.323831500000004], [-85.7876921, 41.3237292], [-85.7870778, 41.32356789999999], [-85.786564, 41.32348029999999], [-85.78598229999999, 41.3235889], [-85.78563029999998, 41.323512199999996], [-85.7849594, 41.3235737], [-85.78448729999998, 41.3238573], [-85.7833029, 41.32472099999999], [-85.78319989999999, 41.325675], [-85.7830025, 41.326197099999995], [-85.78320839999999, 41.3267385], [-85.7834574, 41.32717029999999], [-85.78321699999998, 41.327582899999996], [-85.7827535, 41.327686], [-85.78240159999999, 41.32786649999999], [-85.7820583, 41.32808560000001], [-85.78186949999998, 41.328562600000005], [-85.78141459999999, 41.3288204], [-85.7819357, 41.3301053], [-85.7831312, 41.3299954], [-85.7854486, 41.329580899999996], [-85.78575759999998, 41.329568], [-85.7860991, 41.329604499999995], [-85.7862297, 41.3292522], [-85.7866304, 41.3289549], [-85.786257, 41.3286434], [-85.785591, 41.3291972], [-85.7851568, 41.329278], [-85.784659, 41.329323099999996], [-85.7842813, 41.329320899999985], [-85.7841419, 41.32898169999999], [-85.78482579999998, 41.32794609999999], [-85.78527409999998, 41.3272208], [-85.78538090000002, 41.3271028], [-85.78553629999999, 41.32706689999999], [-85.7871567, 41.3272224], [-85.7873169, 41.3273186], [-85.78733139999999, 41.32743310000001], [-85.7867533, 41.328092], [-85.7865902, 41.32823379999999], [-85.78637039999998, 41.328543499999995], [-85.7867529, 41.32890809999999], [-85.7888331, 41.327629400000006], [-85.7893324, 41.3262204], [-85.7893231, 41.32569469999999], [-85.78945849999998, 41.32513109999999], [-85.7894886, 41.32471859999999]]]}, "properties": {"id": "oswego-lake", "name": "Oswego Lake", "source_lake_name": "Oswego Lake", "county": "Kosciusko", "county2": null, "acres": 83, "max_depth_ft": 35, "survey_date": "2017-08-17", "contour_interval_ft": 10, "min_contour_ft": 0, "max_contour_ft": 30, "has_contours": true, "pdf_url": "https://www.in.gov/dnr/fish-and-wildlife/files/depth/fw-Oswego_Lake_Tippecanoe_Lake_Bathymetric_Kosciusko_County_August_2017_2018.pdf", "bbox": [-85.789489, 41.320338, -85.781415, 41.330105], "source": "Indiana DNR Fish & Wildlife bathymetry PDF (raster digitized)", "source_url": "https://www.in.gov/dnr/fish-and-wildlife/fishing/lake-depth-maps/", "precision_note": "Shoreline confirmed vs osm:way/1168964540 (IoU=0.995); Kept existing contour depths (distance_from_shore_bins); Acre mismatch 131.8 vs PDF 83", "data_quality": "needs_review", "needs_review": true, "review_notes": "Georef IoU=0.995 OK. Acre mismatch shoreline 131.8 vs PDF 83 (ratio=1.59). Shoreline georef IoU OK vs OSM/NHD, but shoreline acres differ >10% from PDF survey acres (often OSM/NHD includes marsh/wetland or a dual-basin neighbor). Depths retained; needs_review kept.", "contour_method": "traced_from_pdf", "georef_method": "osm", "depth_assignment": "distance_from_shore_bins", "review_priority": "medium", "line_style": "solid", "shore_iou": 0.995}}, {"type": "Feature", "geometry": {"type": "Point", "coordinates": [-85.843527, 41.247966]}, "properties": {"id": "pike-lake", "name": "Pike Lake", "source_lake_name": "Pike Lake", "county": "Kosciusko", "county2": null, "acres": null, "max_depth_ft": null, "survey_date": null, "contour_interval_ft": 3.0, "min_contour_ft": 3.0, "max_contour_ft": 30.0, "has_contours": true, "pdf_url": null, "bbox": [-85.848229, 41.244975, -85.83701, 41.253843], "source": "Indiana DNR Division of Fish & Wildlife \u2013 Lake Bathymetry (IndianaMap)", "source_url": "https://gisdata.in.gov/server/rest/services/Hosted/Lake_Bathymetry_RO/FeatureServer/0", "precision_note": "Surveyed bathymetric contours; typical interval 3.0 ft. Contours are feet below surface. Not a real-time sonar product.", "contour_method": "vector_featureserver", "georef_method": "featureserver", "depth_assignment": "featureserver", "needs_review": false, "review_priority": null, "review_notes": null, "line_style": "solid", "data_quality": "featureserver"}}, {"type": "Feature", "geometry": {"type": "Point", "coordinates": [-85.250309, 41.575607]}, "properties": {"id": "pretty-lake", "name": "Pretty Lake", "source_lake_name": "Pretty Lake", "county": "LaGrange", "county2": null, "acres": 184, "max_depth_ft": 85, "survey_date": "2018-08-08", "contour_interval_ft": 10.0, "min_contour_ft": 10.0, "max_contour_ft": 80.0, "has_contours": true, "pdf_url": null, "bbox": [-85.25516, 41.571234, -85.244401, 41.579436], "source": "Indiana DNR Division of Fish & Wildlife \u2013 Lake Bathymetry (IndianaMap)", "source_url": "https://gisdata.in.gov/server/rest/services/Hosted/Lake_Bathymetry_RO/FeatureServer/0", "precision_note": "Surveyed bathymetric contours; typical interval 10.0 ft. Contours are feet below surface. Not a real-time sonar product.", "contour_method": "vector_featureserver", "georef_method": "featureserver", "depth_assignment": "featureserver", "needs_review": false, "review_priority": null, "review_notes": null, "line_style": "solid", "data_quality": "featureserver"}}, {"type": "Feature", "geometry": {"type": "Point", "coordinates": [-85.630443, 41.353255]}, "properties": {"id": "rider-lake", "name": "Rider Lake", "source_lake_name": "Rider Lake", "county": "Noble", "county2": null, "acres": 6, "max_depth_ft": 15, "survey_date": "2019-07-24", "contour_interval_ft": 3.0, "min_contour_ft": 3.0, "max_contour_ft": 12.0, "has_contours": true, "pdf_url": null, "bbox": [-85.631019, 41.35258, -85.629814, 41.354011], "source": "Indiana DNR Division of Fish & Wildlife \u2013 Lake Bathymetry (IndianaMap)", "source_url": "https://gisdata.in.gov/server/rest/services/Hosted/Lake_Bathymetry_RO/FeatureServer/0", "precision_note": "Surveyed bathymetric contours; typical interval 3.0 ft. Contours are feet below surface. Not a real-time sonar product.", "contour_method": "vector_featureserver", "georef_method": "featureserver", "depth_assignment": "featureserver", "line_style": "solid", "needs_review": false}}, {"type": "Feature", "geometry": {"type": "Point", "coordinates": [-85.410546, 41.332543]}, "properties": {"id": "rivir-lake", "name": "Rivir Lake", "source_lake_name": "Rivir Lake", "county": "Noble", "county2": null, "acres": 24, "max_depth_ft": 36, "survey_date": "2019-07-29", "contour_interval_ft": 5.0, "min_contour_ft": 5.0, "max_contour_ft": 35.0, "has_contours": true, "pdf_url": null, "bbox": [-85.415208, 41.331475, -85.406782, 41.333352], "source": "Indiana DNR Division of Fish & Wildlife \u2013 Lake Bathymetry (IndianaMap)", "source_url": "https://gisdata.in.gov/server/rest/services/Hosted/Lake_Bathymetry_RO/FeatureServer/0", "precision_note": "Surveyed bathymetric contours; typical interval 5.0 ft. Contours are feet below surface. Not a real-time sonar product.", "contour_method": "vector_featureserver", "georef_method": "featureserver", "depth_assignment": "featureserver", "line_style": "solid", "needs_review": false}}, {"type": "Feature", "geometry": {"type": "Point", "coordinates": [-85.650512, 41.225179]}, "properties": {"id": "robinson-lake", "name": "Robinson Lake", "source_lake_name": "Robinson Lake", "county": "Kosciusko", "county2": "Whitley", "acres": null, "max_depth_ft": null, "survey_date": null, "contour_interval_ft": 10.0, "min_contour_ft": 0.0, "max_contour_ft": 50.0, "has_contours": true, "pdf_url": null, "bbox": [-85.652595, 41.221918, -85.647297, 41.229222], "source": "Indiana DNR Division of Fish & Wildlife \u2013 Lake Bathymetry (IndianaMap)", "source_url": "https://gisdata.in.gov/server/rest/services/Hosted/Lake_Bathymetry_RO/FeatureServer/0", "precision_note": "Surveyed bathymetric contours; typical interval 10.0 ft. Contours are feet below surface. Not a real-time sonar product.", "contour_method": "vector_featureserver", "georef_method": "featureserver", "depth_assignment": "featureserver", "needs_review": false, "review_priority": null, "review_notes": null, "line_style": "solid", "data_quality": "featureserver"}}, {"type": "Feature", "geometry": {"type": "Point", "coordinates": [-85.424585, 41.247608]}, "properties": {"id": "round-lake", "name": "Round Lake", "source_lake_name": "Round Lake", "county": "Whitley", "county2": null, "acres": null, "max_depth_ft": 62, "survey_date": "2016-07-21", "contour_interval_ft": 5.0, "min_contour_ft": 5.0, "max_contour_ft": 60.0, "has_contours": true, "pdf_url": null, "bbox": [-85.436351, 41.243229, -85.423593, 41.250128], "source": "Indiana DNR Division of Fish & Wildlife \u2013 Lake Bathymetry (IndianaMap)", "source_url": "https://gisdata.in.gov/server/rest/services/Hosted/Lake_Bathymetry_RO/FeatureServer/0", "precision_note": "Surveyed bathymetric contours; typical interval 5.0 ft. Contours are feet below surface. Not a real-time sonar product.", "contour_method": "vector_featureserver", "georef_method": "featureserver", "depth_assignment": "featureserver", "line_style": "solid", "needs_review": false}}, {"type": "Feature", "geometry": {"type": "Point", "coordinates": [-85.33784, 41.611448]}, "properties": {"id": "royer-lake", "name": "Royer Lake", "source_lake_name": "Royer Lake", "county": "LaGrange", "county2": null, "acres": 69, "max_depth_ft": 57, "survey_date": "2019-07-23", "contour_interval_ft": 10.0, "min_contour_ft": 10.0, "max_contour_ft": 50.0, "has_contours": true, "pdf_url": null, "bbox": [-85.341836, 41.606561, -85.333509, 41.617452], "source": "Indiana DNR Division of Fish & Wildlife \u2013 Lake Bathymetry (IndianaMap)", "source_url": "https://gisdata.in.gov/server/rest/services/Hosted/Lake_Bathymetry_RO/FeatureServer/0", "precision_note": "Surveyed bathymetric contours; typical interval 10.0 ft. Contours are feet below surface. Not a real-time sonar product.", "contour_method": "vector_featureserver", "georef_method": "featureserver", "depth_assignment": "featureserver", "needs_review": false, "review_priority": null, "review_notes": null, "line_style": "solid", "data_quality": "featureserver"}}, {"type": "Feature", "geometry": {"type": "Point", "coordinates": [-85.319737, 41.43531]}, "properties": {"id": "sacarider-lake", "name": "Sacarider Lake", "source_lake_name": "Sacarider Lake", "county": "Noble", "county2": null, "acres": null, "max_depth_ft": null, "survey_date": null, "contour_interval_ft": 10.0, "min_contour_ft": 10.0, "max_contour_ft": 50.0, "has_contours": true, "pdf_url": null, "bbox": [-85.323715, 41.433055, -85.316939, 41.438355], "source": "Indiana DNR Division of Fish & Wildlife \u2013 Lake Bathymetry (IndianaMap)", "source_url": "https://gisdata.in.gov/server/rest/services/Hosted/Lake_Bathymetry_RO/FeatureServer/0", "precision_note": "Surveyed bathymetric contours; typical interval 10.0 ft. Contours are feet below surface. Not a real-time sonar product.", "contour_method": "vector_featureserver", "georef_method": "featureserver", "depth_assignment": "featureserver", "line_style": "solid", "needs_review": false}}, {"type": "Feature", "geometry": {"type": "Polygon", "coordinates": [[[-85.41642866618778, 41.336279790028385], [-85.41596200217748, 41.3364348997567], [-85.41559885642724, 41.336599984196106], [-85.41536548130294, 41.336687293907765], [-85.41500249275788, 41.33681334897345], [-85.41467842102756, 41.33691998321122], [-85.41436739912336, 41.336997362666615], [-85.41418521629218, 41.3372409100967], [-85.4141329388342, 41.33736763722721], [-85.41419578137823, 41.337855667958436], [-85.41447982238286, 41.338061206026424], [-85.41482863191948, 41.33825712474391], [-85.41513908698673, 41.33832610606821], [-85.41559248916852, 41.33825879002519], [-85.4158648260233, 41.338142289703946], [-85.41617599884447, 41.33802587887991], [-85.41677175794761, 41.33796862373084], [-85.41730284643518, 41.337901473240386], [-85.417795183398, 41.337804957820815], [-85.4182616704402, 41.33769863596801], [-85.41884479833215, 41.33756327609701], [-85.41933765721616, 41.337330150001556], [-85.41958381536695, 41.33728189930574], [-85.4198297255827, 41.337301934912915], [-85.42007549476298, 41.337361007037], [-85.42042482711908, 41.33742030573438], [-85.42078752281337, 41.337372297920005], [-85.42087858233877, 41.33725539132124], [-85.42097005958078, 41.33703116130508], [-85.42111312078136, 41.33685582098175], [-85.42128198429182, 41.33670982194599], [-85.42143778270483, 41.33659306389568], [-85.42130926433038, 41.33633908229064], [-85.42123181338322, 41.33628037414233], [-85.4209343317853, 41.33620167182042], [-85.42059827563078, 41.33605459481828], [-85.42021054568615, 41.335878128147925], [-85.41964201721419, 41.335584172003514], [-85.41933226283287, 41.33532980469395], [-85.419060626664, 41.33527067069658], [-85.4189050510332, 41.33532888669081], [-85.41869779891738, 41.33535771171316], [-85.41852972412772, 41.335298805049845], [-85.41847808806686, 41.33525965869517], [-85.41833637523753, 41.33507396326343], [-85.41824612778916, 41.3349761856929], [-85.41812930637803, 41.3350539917238], [-85.41818079691178, 41.33513216594332], [-85.41830962969658, 41.335298330197155], [-85.41829631666407, 41.33539587795219], [-85.41803675744588, 41.335561199077844], [-85.41758275698612, 41.335794398954846], [-85.41727147906207, 41.33594009516848], [-85.41685660023293, 41.33609531767251], [-85.41642866618778, 41.336279790028385]]]}, "properties": {"id": "sand-lake", "name": "Sand Lake", "source_lake_name": "Sand Lake", "county": "Noble", "county2": null, "acres": 47, "max_depth_ft": 53, "survey_date": "2017-08-01", "contour_interval_ft": 5, "min_contour_ft": 0, "max_contour_ft": 50, "has_contours": true, "pdf_url": "https://www.in.gov/dnr/fish-and-wildlife/files/depth/fw-Sand_Lake_Bathymetric_Noble_County_August_2017.pdf", "bbox": [-85.421438, 41.334976, -85.414133, 41.338326], "source": "Indiana DNR Fish & Wildlife bathymetry PDF, semi-manual digitization (Noble batch)", "source_url": "https://www.in.gov/dnr/fish-and-wildlife/fishing/lake-depth-maps/", "precision_note": "Shoreline confirmed vs nhd_near:Norman Lake (IoU=0.997); Kept existing contour depths (pdf_label)", "data_quality": "ok", "needs_review": false, "review_notes": null, "contour_method": "traced_from_pdf", "georef_method": "nhd", "depth_assignment": "pdf_label", "review_priority": null, "line_style": "solid", "shore_iou": 0.997}}, {"type": "Feature", "geometry": {"type": "Point", "coordinates": [-85.691492, 41.353548]}, "properties": {"id": "shock-lake", "name": "Shock Lake", "source_lake_name": "Shock Lake", "county": "Kosciusko", "county2": null, "acres": 37, "max_depth_ft": null, "survey_date": "2018-08-01", "contour_interval_ft": 10.0, "min_contour_ft": 10.0, "max_contour_ft": 60.0, "has_contours": true, "pdf_url": null, "bbox": [-85.694283, 41.351299, -85.687074, 41.355681], "source": "Indiana DNR Division of Fish & Wildlife \u2013 Lake Bathymetry (IndianaMap)", "source_url": "https://gisdata.in.gov/server/rest/services/Hosted/Lake_Bathymetry_RO/FeatureServer/0", "precision_note": "Surveyed bathymetric contours; typical interval 10.0 ft. Contours are feet below surface. Not a real-time sonar product.", "contour_method": "vector_featureserver", "georef_method": "featureserver", "depth_assignment": "featureserver", "needs_review": false, "review_priority": null, "review_notes": null, "line_style": "solid", "data_quality": "featureserver"}}, {"type": "Feature", "geometry": {"type": "Point", "coordinates": [-85.465383, 41.725015]}, "properties": {"id": "south-twin-lake", "name": "South Twin Lake", "source_lake_name": "South Twin Lake", "county": "LaGrange", "county2": null, "acres": null, "max_depth_ft": null, "survey_date": null, "contour_interval_ft": 5.0, "min_contour_ft": 5.0, "max_contour_ft": 50.0, "has_contours": true, "pdf_url": null, "bbox": [-85.471538, 41.721482, -85.461898, 41.728736], "source": "Indiana DNR Division of Fish & Wildlife \u2013 Lake Bathymetry (IndianaMap)", "source_url": "https://gisdata.in.gov/server/rest/services/Hosted/Lake_Bathymetry_RO/FeatureServer/0", "precision_note": "Surveyed bathymetric contours; typical interval 5.0 ft. Contours are feet below surface. Not a real-time sonar product.", "contour_method": "vector_featureserver", "georef_method": "featureserver", "depth_assignment": "featureserver", "needs_review": false, "review_priority": null, "review_notes": null, "line_style": "solid", "data_quality": "featureserver"}}, {"type": "Feature", "geometry": {"type": "Point", "coordinates": [-85.666399, 41.35471]}, "properties": {"id": "spear-lake", "name": "Spear Lake", "source_lake_name": "Spear Lake", "county": "Kosciusko", "county2": null, "acres": null, "max_depth_ft": null, "survey_date": null, "contour_interval_ft": 5.0, "min_contour_ft": 0.0, "max_contour_ft": 40.0, "has_contours": true, "pdf_url": null, "bbox": [-85.668721, 41.352018, -85.664083, 41.357738], "source": "Indiana DNR Division of Fish & Wildlife \u2013 Lake Bathymetry (IndianaMap)", "source_url": "https://gisdata.in.gov/server/rest/services/Hosted/Lake_Bathymetry_RO/FeatureServer/0", "precision_note": "Surveyed bathymetric contours; typical interval 5.0 ft. Contours are feet below surface. Not a real-time sonar product.", "contour_method": "vector_featureserver", "georef_method": "featureserver", "depth_assignment": "featureserver", "needs_review": false, "review_priority": null, "review_notes": null, "line_style": "solid", "data_quality": "featureserver"}}, {"type": "Feature", "geometry": {"type": "Point", "coordinates": [-85.144866, 41.517666]}, "properties": {"id": "story-lake", "name": "Story Lake", "source_lake_name": "Story Lake", "county": "DeKalb", "county2": null, "acres": 77, "max_depth_ft": 30, "survey_date": "2019-07-25", "contour_interval_ft": 5.0, "min_contour_ft": 5.0, "max_contour_ft": 25.0, "has_contours": true, "pdf_url": null, "bbox": [-85.148216, 41.510869, -85.132837, 41.519543], "source": "Indiana DNR Division of Fish & Wildlife \u2013 Lake Bathymetry (IndianaMap)", "source_url": "https://gisdata.in.gov/server/rest/services/Hosted/Lake_Bathymetry_RO/FeatureServer/0", "precision_note": "Surveyed bathymetric contours; typical interval 5.0 ft. Contours are feet below surface. Not a real-time sonar product.", "contour_method": "vector_featureserver", "georef_method": "featureserver", "depth_assignment": "featureserver", "line_style": "solid", "needs_review": false}}, {"type": "Feature", "geometry": {"type": "Point", "coordinates": [-85.664493, 41.318348]}, "properties": {"id": "the-backwaters", "name": "The Backwaters", "source_lake_name": "The Backwaters", "county": "Kosciusko", "county2": null, "acres": 153, "max_depth_ft": null, "survey_date": "2018-04-12", "contour_interval_ft": 1.0, "min_contour_ft": 1.0, "max_contour_ft": 6.0, "has_contours": true, "pdf_url": null, "bbox": [-85.671364, 41.303592, -85.655752, 41.319652], "source": "Indiana DNR Division of Fish & Wildlife \u2013 Lake Bathymetry (IndianaMap)", "source_url": "https://gisdata.in.gov/server/rest/services/Hosted/Lake_Bathymetry_RO/FeatureServer/0", "precision_note": "Surveyed bathymetric contours; typical interval 1.0 ft. Contours are feet below surface. Not a real-time sonar product.", "contour_method": "vector_featureserver", "georef_method": "featureserver", "depth_assignment": "featureserver", "needs_review": false, "review_priority": null, "review_notes": null, "line_style": "solid", "data_quality": "featureserver"}}, {"type": "Feature", "geometry": {"type": "Polygon", "coordinates": [[[-85.7819357, 41.3301053], [-85.78141459999999, 41.3288204], [-85.78111419999999, 41.3287108], [-85.78071079999998, 41.3284917], [-85.7800241, 41.3280598], [-85.7788053, 41.327569999999994], [-85.77792129999999, 41.327686], [-85.77727749999998, 41.3279116], [-85.7765222, 41.327937399999996], [-85.77550939999999, 41.3281243], [-85.7744451, 41.328098499999996], [-85.7738615, 41.3282532], [-85.7732349, 41.3284594], [-85.77276289999999, 41.3287108], [-85.7724024, 41.32920709999999], [-85.7721792, 41.3298903], [-85.7718015, 41.3302125], [-85.77135519999999, 41.3303994], [-85.77108919999999, 41.3302705], [-85.7706772, 41.3303286], [-85.7703682, 41.3306895], [-85.76995619999998, 41.3309666], [-85.7697416, 41.33121800000001], [-85.7694155, 41.331514399999996], [-85.76902059999999, 41.3316562], [-85.7685915, 41.3317658], [-85.7687116, 41.3313727], [-85.7688318, 41.33114059999999], [-85.7687717, 41.3309666], [-85.76863439999998, 41.3308442], [-85.76821379999998, 41.3306895], [-85.76786189999999, 41.330451], [-85.7674843, 41.33038009999999], [-85.7672611, 41.3301223], [-85.76627409999999, 41.3292586], [-85.7655874, 41.3290008], [-85.7648321, 41.3285239], [-85.76372490000001, 41.32808560000001], [-85.7634931, 41.3280534], [-85.7632099, 41.3281243], [-85.76297819999999, 41.32804049999999], [-85.76289229999999, 41.327892199999994], [-85.762961, 41.32766660000001], [-85.7631241, 41.3274088], [-85.7630811, 41.326880300000006], [-85.76208549999998, 41.3254107], [-85.76096969999999, 41.32468239999999], [-85.7598539, 41.32399910000001], [-85.7592617, 41.323838], [-85.7587724, 41.3238509], [-85.75832609999999, 41.323831500000004], [-85.7578626, 41.32399910000001], [-85.75763089999998, 41.32399910000001], [-85.7572876, 41.3239411], [-85.7570644, 41.3238509], [-85.7571417, 41.3236059], [-85.7573133, 41.32327069999999], [-85.757588, 41.32290329999999], [-85.75772529999999, 41.3224843], [-85.7577768, 41.3220202], [-85.7577167, 41.3216657], [-85.75754509999999, 41.32094370000001], [-85.7576395, 41.3204087], [-85.75763089999998, 41.319757599999996], [-85.7574163, 41.3191839], [-85.75703869999998, 41.3186876], [-85.7566095, 41.3182041], [-85.75645499999999, 41.31773349999999], [-85.756146, 41.31725649999999], [-85.7553902, 41.316516400000005], [-85.755232, 41.316250800000006], [-85.75560799999998, 41.3161352], [-85.7554149, 41.315887], [-85.75503069999999, 41.3159749], [-85.75494949999998, 41.31593989999999], [-85.754887, 41.3158566], [-85.7549385, 41.315801199999996], [-85.7547303, 41.3156304], [-85.75459979999998, 41.3155846], [-85.7542234, 41.3155739], [-85.75402599999998, 41.315644799999994], [-85.75389729999999, 41.3158834], [-85.7538249, 41.316213], [-85.7534411, 41.3164381], [-85.7533204, 41.31644219999999], [-85.75303739999998, 41.31629720000001], [-85.75287179999998, 41.31616270000001], [-85.7528942, 41.3158795], [-85.7528392, 41.314949399999996], [-85.7526356, 41.3144715], [-85.7546354, 41.3144458], [-85.7546542, 41.31433620000001], [-85.75267849999999, 41.31433620000001], [-85.7525497, 41.314084699999995], [-85.75238659999998, 41.313549699999996], [-85.7526441, 41.3134594], [-85.75339939999999, 41.3134659], [-85.75350239999999, 41.3132209], [-85.7535969, 41.31253749999999], [-85.75350239999999, 41.312137799999995], [-85.75385439999998, 41.31209909999999], [-85.75525340000002, 41.3125762], [-85.75599949999999, 41.3128916], [-85.755917, 41.313235799999994], [-85.7564159, 41.313311199999994], [-85.756654, 41.312938], [-85.7556396, 41.3124344], [-85.7543522, 41.31203459999999], [-85.75365689999998, 41.3118864], [-85.753245, 41.311841199999996], [-85.75283300000001, 41.311976599999994], [-85.75289299999999, 41.312137799999995], [-85.7531935, 41.312240900000006], [-85.75333079999999, 41.31260199999999], [-85.7532965, 41.3131564], [-85.7532621, 41.3132853], [-85.7529102, 41.3132467], [-85.75230940000002, 41.3133111], [-85.7521635, 41.3134336], [-85.75221499999999, 41.3139365], [-85.75246389999998, 41.31484549999999], [-85.75252399999998, 41.315741499999994], [-85.75256689999999, 41.3160316], [-85.7512794, 41.31613479999999], [-85.7512022, 41.31585760000001], [-85.75119359999998, 41.31553519999999], [-85.75100479999999, 41.314245899999996], [-85.7507473, 41.31369149999999], [-85.7506357, 41.3135626], [-85.7505756, 41.3136464], [-85.75054989999998, 41.3137882], [-85.7505327, 41.3141685], [-85.7507215, 41.31483899999999], [-85.7509275, 41.315748], [-85.75097899999999, 41.3163282], [-85.750773, 41.3166376], [-85.75026659999999, 41.31685029999999], [-85.7497173, 41.3171211], [-85.7491422, 41.31732089999999], [-85.74807789999998, 41.31799779999999], [-85.74717989999999, 41.318186], [-85.7469283, 41.3181416], [-85.74650159999999, 41.3181607], [-85.7461626, 41.318128599999994], [-85.7459364, 41.3180273], [-85.7456003, 41.31799850000001], [-85.7453142, 41.3181203], [-85.74510549999998, 41.3179781], [-85.7451559, 41.31788499999999], [-85.74541849999999, 41.317676899999995], [-85.74565959999998, 41.3174164], [-85.7456747, 41.3171018], [-85.7456399, 41.316782599999996], [-85.7456848, 41.31677419999999], [-85.74637160000002, 41.3169334], [-85.74714239999999, 41.3170236], [-85.7475031, 41.3170071], [-85.74786389999998, 41.31695429999999], [-85.7484588, 41.3167267], [-85.74850380000001, 41.316665], [-85.74846789999998, 41.31650870000001], [-85.7483515, 41.316488199999995], [-85.74775769999998, 41.31667869999999], [-85.7472062, 41.31673709999998], [-85.74651789999999, 41.3166816], [-85.7461725, 41.3166118], [-85.7457777, 41.31638619999999], [-85.74583779999999, 41.316224999999996], [-85.7462927, 41.315934899999995], [-85.7467476, 41.315806], [-85.74736559999998, 41.3156964], [-85.747829, 41.3157802], [-85.7481809, 41.3157802], [-85.74811229999999, 41.3156255], [-85.7476316, 41.31550299999999], [-85.7472111, 41.3155224], [-85.74633559999998, 41.315677099999995], [-85.74591499999998, 41.3158447], [-85.7456747, 41.3160768], [-85.7452627, 41.3161412], [-85.744825, 41.3160316], [-85.7445246, 41.31590909999999], [-85.7443357, 41.3160316], [-85.7448459, 41.3162851], [-85.7452713, 41.3164184], [-85.7453657, 41.3168439], [-85.74539999999999, 41.31721129999999], [-85.74525409999998, 41.317514300000006], [-85.745091, 41.31764969999999], [-85.7443701, 41.3174628], [-85.74315129999998, 41.3169728], [-85.74265339999998, 41.3166054], [-85.74275639999999, 41.316289499999996], [-85.74265339999998, 41.31603810000001], [-85.74241309999998, 41.3158382], [-85.74198399999999, 41.31568349999999], [-85.7416664, 41.3157029], [-85.7414947, 41.3158447], [-85.7409883, 41.31578669999999], [-85.7409111, 41.3156384], [-85.74116, 41.3153418], [-85.7413145, 41.3149357], [-85.7412029, 41.3146327], [-85.7409712, 41.3144393], [-85.7409712, 41.31427810000001], [-85.7415033, 41.3137882], [-85.7423273, 41.3142717], [-85.74290240000002, 41.31475519999999], [-85.7430654, 41.3146649], [-85.74265339999998, 41.3142137], [-85.7415891, 41.31360120000001], [-85.7409025, 41.3131564], [-85.7403703, 41.31273089999999], [-85.7401472, 41.31211199999999], [-85.7399927, 41.3113642], [-85.73992399999999, 41.310764600000006], [-85.73979529999998, 41.31010049999999], [-85.73996689999998, 41.30972659999999], [-85.74019869999998, 41.30961049999999], [-85.7406536, 41.309649199999996], [-85.7415806, 41.3100554], [-85.7420269, 41.3101972], [-85.74249899999998, 41.31021659999999], [-85.7425504, 41.31009409999999], [-85.7423788, 41.3098813], [-85.7418981, 41.30963630000001], [-85.7407995, 41.3093526], [-85.74019009999999, 41.30930109999999], [-85.73968369999999, 41.309571899999995], [-85.7393661, 41.3099587], [-85.7394176, 41.31043579999999], [-85.73979529999998, 41.312337600000006], [-85.74000129999999, 41.3129243], [-85.7402845, 41.3132015], [-85.7412544, 41.31368499999999], [-85.74111709999998, 41.3139171], [-85.7407508, 41.3141693], [-85.7406965, 41.31432969999999], [-85.7407566, 41.3145231], [-85.7410227, 41.31480679999999], [-85.7410227, 41.3150969], [-85.7406364, 41.3157029], [-85.74073079999998, 41.3158834], [-85.7411514, 41.315986499999994], [-85.7417436, 41.3159736], [-85.7419582, 41.3158705], [-85.742293, 41.3159736], [-85.74251609999999, 41.31623789999999], [-85.74251609999999, 41.3164313], [-85.7424303, 41.3166376], [-85.7427049, 41.316947], [-85.74310829999999, 41.3171404], [-85.7435547, 41.31742409999999], [-85.7441469, 41.31757879999999], [-85.7445761, 41.31780439999999], [-85.7445749, 41.31793169999999], [-85.74452339999999, 41.31808], [-85.7443346, 41.318138], [-85.74414259999999, 41.3181372], [-85.74344530000002, 41.3182388], [-85.7423659, 41.31862069999999], [-85.7413316, 41.3193507], [-85.73995840000002, 41.3209695], [-85.7395979, 41.321581900000005], [-85.73932319999999, 41.322161999999985], [-85.73904, 41.32254880000001], [-85.7383962, 41.3224199], [-85.7376238, 41.32200089999999], [-85.7367397, 41.3218913], [-85.73607879999999, 41.32176239999999], [-85.73579559999999, 41.322155599999995], [-85.7369886, 41.32223289999999], [-85.7376238, 41.3225552], [-85.7382589, 41.3229678], [-85.7387996, 41.32335449999999], [-85.7392374, 41.3237219], [-85.73926309999999, 41.3240184], [-85.7401214, 41.3243214], [-85.7412716, 41.324605], [-85.74162349999999, 41.32472099999999], [-85.7416695, 41.32598709999999], [-85.74186539999998, 41.32597579999999], [-85.7418896, 41.3247597], [-85.74220709999999, 41.3247081], [-85.7427822, 41.3248693], [-85.7432028, 41.32504329999999], [-85.7432864, 41.3277138], [-85.74348759999998, 41.3277145], [-85.7434088, 41.325082], [-85.74449019999999, 41.3249789], [-85.7450739, 41.3248435], [-85.7455288, 41.3246179], [-85.74570899999999, 41.3245534], [-85.74690209999999, 41.32550739999999], [-85.74667029999999, 41.3258297], [-85.74616389999998, 41.326003699999994], [-85.7461296, 41.3261842], [-85.7470136, 41.3262293], [-85.74736559999998, 41.3260617], [-85.7477346, 41.32594569999999], [-85.74811229999999, 41.326152], [-85.74864439999999, 41.326377599999994], [-85.74933969999998, 41.32644199999999], [-85.7495113, 41.3263518], [-85.74897059999999, 41.32613909999999], [-85.7481809, 41.32595859999999], [-85.74827539999998, 41.3255396], [-85.7479664, 41.3253398], [-85.74770889999999, 41.3253011], [-85.7471252, 41.32544939999999], [-85.7457777, 41.32439229999999], [-85.74592359999998, 41.32416669999999], [-85.74635270000002, 41.3237671], [-85.74681619999998, 41.3236446], [-85.7480179, 41.32381860000001], [-85.74893629999998, 41.3241989], [-85.7496057, 41.3242956], [-85.75031809999999, 41.3245405], [-85.75066999999999, 41.324966], [-85.7507129, 41.3255332], [-85.7510391, 41.326261499999994], [-85.7519146, 41.32766660000001], [-85.7525583, 41.3280598], [-85.753202, 41.3282145], [-85.75408609999998, 41.3282145], [-85.75484139999999, 41.3279245], [-85.75586279999999, 41.327486199999996], [-85.75636059999998, 41.32722839999999], [-85.7566353, 41.32729280000001], [-85.75676399999999, 41.3274475], [-85.75697, 41.3281823], [-85.75841729999999, 41.32941300000001], [-85.75842369999998, 41.3299462], [-85.758582, 41.3299547], [-85.7586265, 41.3294713], [-85.7587467, 41.329323099999996], [-85.7592617, 41.3292006], [-85.7597938, 41.3292844], [-85.76002559999999, 41.329580899999996], [-85.75999119999999, 41.3300321], [-85.76016289999998, 41.3305348], [-85.76038609999999, 41.3309473], [-85.76084099999999, 41.3316756], [-85.76097829999999, 41.3323394], [-85.7612358, 41.333112799999995], [-85.7615276, 41.3337379], [-85.7620426, 41.3343051], [-85.76241169999999, 41.334691799999995], [-85.7635017, 41.3356134], [-85.7642399, 41.3360516], [-85.7647978, 41.336683199999996], [-85.7654072, 41.337121399999994], [-85.76590499999999, 41.3377078], [-85.76637699999999, 41.3380043], [-85.76706369999998, 41.338249199999986], [-85.76768169999998, 41.3383523], [-85.7683168, 41.3384103], [-85.76900349999998, 41.338178299999996], [-85.7695099, 41.3378625], [-85.7700249, 41.3376498], [-85.77152690000001, 41.3374307], [-85.77255689999998, 41.33763689999999], [-85.7740503, 41.3378883], [-85.77441079999998, 41.33779159999999], [-85.7746425, 41.3375661], [-85.77473699999999, 41.3375596], [-85.7749601, 41.33799139999999], [-85.7749859, 41.3383652], [-85.77550939999999, 41.338622900000004], [-85.7764021, 41.338758299999995], [-85.77759509999998, 41.3385198], [-85.7781359, 41.33818469999999], [-85.77830749999998, 41.3379463], [-85.77833699999998, 41.3377328], [-85.77809689999998, 41.33772809999999], [-85.7780844, 41.3378818], [-85.77773239999999, 41.3382105], [-85.77708009999999, 41.3384683], [-85.7764021, 41.338622900000004], [-85.77562959999999, 41.3384618], [-85.7753979, 41.338262], [-85.7756983, 41.3380172], [-85.7763162, 41.3378625], [-85.7769999, 41.33763859999999], [-85.7770137, 41.3375705], [-85.7769041, 41.33735889999999], [-85.7761789, 41.3375596], [-85.775621, 41.3378174], [-85.7752519, 41.337856099999996], [-85.7750631, 41.3376305], [-85.77508989999998, 41.33735179999999], [-85.7752887, 41.33704349999999], [-85.77562959999999, 41.3368701], [-85.7763849, 41.3366767], [-85.77676259999998, 41.336637999999994], [-85.7769428, 41.33647049999999], [-85.777226, 41.33629], [-85.77743999999998, 41.33608559999999], [-85.7776364, 41.335836699999994], [-85.7777447, 41.3358803], [-85.77776490000001, 41.336036799999995], [-85.777638, 41.3362063], [-85.77751789999999, 41.336438300000005], [-85.77746639999998, 41.3365994], [-85.77764659999998, 41.3369087], [-85.7769952, 41.3373306], [-85.7771127, 41.33753850000001], [-85.7773073, 41.33749579999999], [-85.7776209, 41.337166499999995], [-85.7779078, 41.33702480000001], [-85.77810149999999, 41.33714069999999], [-85.77812949999999, 41.3373253], [-85.77810269999999, 41.33765559999999], [-85.7783474, 41.3376576], [-85.7783998, 41.3372651], [-85.77828179999999, 41.3368507], [-85.77854779999998, 41.3365414], [-85.77923450000002, 41.3360516], [-85.7798782, 41.33551669999999], [-85.78014430000002, 41.335374900000005], [-85.780685, 41.33540709999999], [-85.7807966, 41.33551669999999], [-85.7808138, 41.33623850000001], [-85.78057029999998, 41.3370376], [-85.7808712, 41.3370763], [-85.78125149999998, 41.3352718], [-85.7804189, 41.3351816], [-85.78042749999999, 41.3343953], [-85.78022149999998, 41.3337573], [-85.779801, 41.3333319], [-85.7793976, 41.3330032], [-85.77904569999998, 41.332165399999994], [-85.7786938, 41.331482199999996], [-85.77868519999998, 41.330973099999994], [-85.7787452, 41.3306186], [-85.7789341, 41.330515500000004], [-85.77915719999999, 41.330566999999995], [-85.7793362, 41.330650199999994], [-85.77981139999999, 41.330579699999994], [-85.78111419999999, 41.33019319999999], [-85.78157959999999, 41.3300809], [-85.7819357, 41.3301053]]]}, "properties": {"id": "tippecanoe-lake", "name": "Tippecanoe Lake", "source_lake_name": "Tippecanoe Lake", "county": "Kosciusko", "county2": null, "acres": 768, "max_depth_ft": 123, "survey_date": "2018-08-10", "contour_interval_ft": 10, "min_contour_ft": 0, "max_contour_ft": 120, "has_contours": true, "pdf_url": "https://www.in.gov/dnr/fish-and-wildlife/files/depth/fw-Oswego_Lake_Tippecanoe_Lake_Bathymetric_Kosciusko_County_August_2017_2018.pdf", "bbox": [-85.781936, 41.309301, -85.735796, 41.338758], "source": "Indiana DNR Fish & Wildlife bathymetry PDF (raster digitized)", "source_url": "https://www.in.gov/dnr/fish-and-wildlife/fishing/lake-depth-maps/", "precision_note": "Shoreline confirmed vs osm:relation/3103021 (IoU=0.989); Kept existing contour depths (distance_from_shore_bins); Acre mismatch 1368.9 vs PDF 768", "data_quality": "needs_review", "needs_review": true, "review_notes": "Georef IoU=0.989 OK. Acre mismatch shoreline 1381.7 vs PDF 768 (ratio=1.80). Shoreline georef IoU OK vs OSM/NHD, but shoreline acres differ >10% from PDF survey acres (often OSM/NHD includes marsh/wetland or a dual-basin neighbor). Depths retained; needs_review kept.", "contour_method": "traced_from_pdf", "georef_method": "osm", "depth_assignment": "distance_from_shore_bins", "review_priority": "medium", "line_style": "solid", "shore_iou": 0.989}}, {"type": "Feature", "geometry": {"type": "Point", "coordinates": [-85.577962, 41.239083]}, "properties": {"id": "troy-cedar-lake", "name": "Troy-Cedar Lake", "source_lake_name": "TROY-CEDAR LAKE", "county": "Whitley", "county2": null, "acres": 93, "max_depth_ft": 84, "survey_date": "2019-07-26", "contour_interval_ft": 10.0, "min_contour_ft": 10.0, "max_contour_ft": 80.0, "has_contours": true, "pdf_url": null, "bbox": [-85.581554, 41.23575, -85.572139, 41.242443], "source": "Indiana DNR Division of Fish & Wildlife \u2013 Lake Bathymetry (IndianaMap)", "source_url": "https://gisdata.in.gov/server/rest/services/Hosted/Lake_Bathymetry_RO/FeatureServer/0", "precision_note": "Surveyed bathymetric contours; typical interval 10.0 ft. Contours are feet below surface. Not a real-time sonar product.", "contour_method": "vector_featureserver", "georef_method": "featureserver", "depth_assignment": "featureserver", "line_style": "solid", "needs_review": false}}, {"type": "Feature", "geometry": {"type": "Point", "coordinates": [-85.63643, 41.362867]}, "properties": {"id": "village-lake", "name": "Village Lake", "source_lake_name": "Village Lake", "county": "Noble", "county2": null, "acres": null, "max_depth_ft": null, "survey_date": null, "contour_interval_ft": 3.0, "min_contour_ft": 3.0, "max_contour_ft": 21.0, "has_contours": true, "pdf_url": null, "bbox": [-85.638134, 41.361943, -85.634986, 41.364137], "source": "Indiana DNR Division of Fish & Wildlife \u2013 Lake Bathymetry (IndianaMap)", "source_url": "https://gisdata.in.gov/server/rest/services/Hosted/Lake_Bathymetry_RO/FeatureServer/0", "precision_note": "Surveyed bathymetric contours; typical interval 3.0 ft. Contours are feet below surface. Not a real-time sonar product.", "contour_method": "vector_featureserver", "georef_method": "featureserver", "depth_assignment": "featureserver", "line_style": "solid", "needs_review": false}}, {"type": "Feature", "geometry": {"type": "Point", "coordinates": [-85.201639, 41.729428]}, "properties": {"id": "wall-lake", "name": "Wall Lake", "source_lake_name": "Wall Lake", "county": "LaGrange", "county2": null, "acres": null, "max_depth_ft": null, "survey_date": null, "contour_interval_ft": 5.0, "min_contour_ft": 5.0, "max_contour_ft": 30.0, "has_contours": true, "pdf_url": null, "bbox": [-85.207674, 41.725541, -85.196538, 41.732688], "source": "Indiana DNR Division of Fish & Wildlife \u2013 Lake Bathymetry (IndianaMap)", "source_url": "https://gisdata.in.gov/server/rest/services/Hosted/Lake_Bathymetry_RO/FeatureServer/0", "precision_note": "Surveyed bathymetric contours; typical interval 5.0 ft. Contours are feet below surface. Not a real-time sonar product.", "contour_method": "vector_featureserver", "georef_method": "featureserver", "depth_assignment": "featureserver", "needs_review": false, "review_priority": null, "review_notes": null, "line_style": "solid", "data_quality": "featureserver"}}, {"type": "Feature", "geometry": {"type": "Point", "coordinates": [-85.402713, 41.541859]}, "properties": {"id": "westler-lake", "name": "Westler Lake", "source_lake_name": "Westler Lake", "county": "LaGrange", "county2": null, "acres": 88, "max_depth_ft": 33, "survey_date": "2018-09-10", "contour_interval_ft": 10.0, "min_contour_ft": 10.0, "max_contour_ft": 30.0, "has_contours": true, "pdf_url": null, "bbox": [-85.41187, 41.536988, -85.395387, 41.545969], "source": "Indiana DNR Division of Fish & Wildlife \u2013 Lake Bathymetry (IndianaMap)", "source_url": "https://gisdata.in.gov/server/rest/services/Hosted/Lake_Bathymetry_RO/FeatureServer/0", "precision_note": "Surveyed bathymetric contours; typical interval 10.0 ft. Contours are feet below surface. Not a real-time sonar product.", "contour_method": "vector_featureserver", "georef_method": "featureserver", "depth_assignment": "featureserver", "needs_review": false, "review_priority": null, "review_notes": null, "line_style": "solid", "data_quality": "featureserver"}}, {"type": "Feature", "geometry": {"type": "Point", "coordinates": [-85.460482, 41.333385]}, "properties": {"id": "williams-lake", "name": "Williams Lake", "source_lake_name": "Williams Lake", "county": "Noble", "county2": null, "acres": 46, "max_depth_ft": 43, "survey_date": "2019-07-26", "contour_interval_ft": 5.0, "min_contour_ft": 5.0, "max_contour_ft": 40.0, "has_contours": true, "pdf_url": null, "bbox": [-85.463294, 41.33084, -85.457109, 41.335755], "source": "Indiana DNR Division of Fish & Wildlife \u2013 Lake Bathymetry (IndianaMap)", "source_url": "https://gisdata.in.gov/server/rest/services/Hosted/Lake_Bathymetry_RO/FeatureServer/0", "precision_note": "Surveyed bathymetric contours; typical interval 5.0 ft. Contours are feet below surface. Not a real-time sonar product.", "contour_method": "vector_featureserver", "georef_method": "featureserver", "depth_assignment": "featureserver", "line_style": "solid", "needs_review": false}}, {"type": "Feature", "geometry": {"type": "Point", "coordinates": [-85.390571, 41.533734]}, "properties": {"id": "witmer-lake", "name": "Witmer Lake", "source_lake_name": "Witmer Lake", "county": "LaGrange", "county2": null, "acres": 204, "max_depth_ft": 55, "survey_date": "2013-07-23", "contour_interval_ft": 10.0, "min_contour_ft": 10.0, "max_contour_ft": 50.0, "has_contours": true, "pdf_url": null, "bbox": [-85.400815, 41.528093, -85.382532, 41.536689], "source": "Indiana DNR Division of Fish & Wildlife \u2013 Lake Bathymetry (IndianaMap)", "source_url": "https://gisdata.in.gov/server/rest/services/Hosted/Lake_Bathymetry_RO/FeatureServer/0", "precision_note": "Surveyed bathymetric contours; typical interval 10.0 ft. Contours are feet below surface. Not a real-time sonar product.", "contour_method": "vector_featureserver", "georef_method": "featureserver", "depth_assignment": "featureserver", "needs_review": false, "review_priority": null, "review_notes": null, "line_style": "solid", "data_quality": "featureserver"}}, {"type": "Feature", "geometry": {"type": "Polygon", "coordinates": [[[-85.0587948, 41.5995199], [-85.05861950000002, 41.59942289999999], [-85.0584764, 41.59929900000001], [-85.0579885, 41.599042], [-85.0576309, 41.5989377], [-85.0569731, 41.5988206], [-85.05640449999999, 41.59858799999999], [-85.05610939999998, 41.59837129999999], [-85.0557232, 41.5979862], [-85.0553906, 41.597753499999996], [-85.05473079999999, 41.5974406], [-85.0545377, 41.59721199999999], [-85.05444109999999, 41.597007399999995], [-85.0541943, 41.596886999999995], [-85.0540388, 41.59702740000001], [-85.05402799999999, 41.597328299999994], [-85.0540549, 41.5975088], [-85.0539851, 41.5976011], [-85.0537705, 41.5977736], [-85.0535667, 41.5978538], [-85.05338429999999, 41.5980223], [-85.05323949999999, 41.5982189], [-85.0532265, 41.5984985], [-85.0531185, 41.5986649], [-85.05307049999999, 41.5988025], [-85.0531268, 41.59928790000001], [-85.05318849999999, 41.5994784], [-85.05352909999999, 41.59989959999999], [-85.0537156, 41.59998819999999], [-85.0543419, 41.6001383], [-85.05455369999999, 41.6001122], [-85.05494799999998, 41.60012630000001], [-85.0555891, 41.60019049999999], [-85.0561725, 41.6005558], [-85.0564206, 41.6007702], [-85.056898, 41.601055], [-85.05706030000002, 41.6011054], [-85.05717339999998, 41.6011049], [-85.0573647, 41.60093069999999], [-85.05769859999998, 41.60073229999999], [-85.05800839999999, 41.6004533], [-85.0581975, 41.600186799999996], [-85.05835799999998, 41.59990049999999], [-85.05843889999998, 41.5996525], [-85.0585389, 41.59960579999999], [-85.0587238, 41.5995803], [-85.0587948, 41.5995199]]]}, "properties": {"id": "bower-lake-steuben", "name": "Bower Lake", "county": "Steuben", "county2": null, "acres": 25, "max_depth_ft": 21, "survey_date": "2023-07-25", "contour_interval_ft": 3, "has_contours": true, "pdf_url": "https://www.in.gov/dnr/fish-and-wildlife/files/depth/fw-Bower_Lake_Bathymetric_Steuben_County_July_2023.pdf", "bbox": [-85.058795, 41.596887, -85.053065, 41.601256], "source": "Indiana DNR Fish & Wildlife Lake Depth Maps (PDF digitized)", "source_url": "https://www.in.gov/dnr/fish-and-wildlife/fishing/lake-depth-maps/", "precision_note": "Shoreline confirmed vs osm:way/179642749 (IoU=0.992); Kept existing contour depths (distance_from_shore_bins); Acre mismatch 47.2 vs PDF 25", "note": null, "needs_review": true, "review_notes": "Georef IoU=0.992 OK. Acre mismatch shoreline 47.2 vs PDF 25 (ratio=1.89). Shoreline georef IoU OK vs OSM/NHD, but shoreline acres differ >10% from PDF survey acres (often OSM/NHD includes marsh/wetland or a dual-basin neighbor). Depths retained; needs_review kept.", "min_contour_ft": 0, "max_contour_ft": 18, "data_quality": "needs_review", "contour_method": "traced_from_pdf", "georef_method": "osm", "depth_assignment": "distance_from_shore_bins", "review_priority": "medium", "line_style": "solid", "shore_iou": 0.992}}, {"type": "Feature", "geometry": {"type": "Polygon", "coordinates": [[[-85.05544449999998, 41.6511822], [-85.05448389999998, 41.650464400000004], [-85.0538871, 41.64984449999999], [-85.0542219, 41.649344199999994], [-85.0543238, 41.648561199999996], [-85.0542365, 41.6475279], [-85.05298479999999, 41.6467449], [-85.05211149999998, 41.64653820000001], [-85.05062689999998, 41.64716899999999], [-85.0500884, 41.6469189], [-85.04898219999998, 41.6475279], [-85.0486038, 41.64737569999999], [-85.04749759999999, 41.64773460000001], [-85.04759949999999, 41.647963], [-85.0466389, 41.6484306], [-85.0466971, 41.6491158], [-85.0466389, 41.6499098], [-85.04749759999999, 41.650757999999996], [-85.04746849999998, 41.6510952], [-85.04796339999999, 41.6526938], [-85.0479313, 41.6534774], [-85.0482561, 41.65397829999999], [-85.0482982, 41.65464439999999], [-85.0478469, 41.65569529999999], [-85.0481453, 41.6558384], [-85.04832719999999, 41.655825799999995], [-85.04872660000001, 41.654773199999994], [-85.0491077, 41.6545545], [-85.0506421, 41.6539344], [-85.05135, 41.653863799999996], [-85.0517377, 41.65409089999999], [-85.0520824, 41.655151599999996], [-85.0531012, 41.6558476], [-85.0533486, 41.65577139999999], [-85.0531594, 41.655205999999986], [-85.05292649999998, 41.654651300000005], [-85.0540036, 41.653922699999995], [-85.0547313, 41.6533029], [-85.05531349999998, 41.65215009999999], [-85.05544449999998, 41.6511822]]]}, "properties": {"id": "loon-lake-steuben", "name": "Loon Lake", "county": "Steuben", "county2": null, "acres": 138, "max_depth_ft": 22, "survey_date": "2011-03-21", "contour_interval_ft": 5, "has_contours": true, "pdf_url": "https://www.in.gov/dnr/fish-and-wildlife/files/depth/fw-Loon_Lake_Bathymetry_Steuben_County_c_March_2011.pdf", "bbox": [-85.544683, 41.265936, -85.046639, 41.655848], "source": "Indiana DNR Fish & Wildlife Lake Depth Maps (PDF digitized)", "source_url": "https://www.in.gov/dnr/fish-and-wildlife/fishing/lake-depth-maps/", "precision_note": "Shoreline confirmed vs osm:way/398449807 (IoU=0.999); Kept existing contour depths (distance_from_shore_bins); Acre mismatch 217.9 vs PDF 138", "note": null, "contour_method": "traced_from_pdf", "georef_method": "osm", "depth_assignment": "distance_from_shore_bins", "needs_review": true, "review_priority": "medium", "review_notes": "Georef IoU=0.999 OK. Acre mismatch shoreline 217.9 vs PDF 138 (ratio=1.58). Shoreline georef IoU OK vs OSM/NHD, but shoreline acres differ >10% from PDF survey acres (often OSM/NHD includes marsh/wetland or a dual-basin neighbor). Depths retained; needs_review kept.", "line_style": "solid", "data_quality": "needs_review", "min_contour_ft": 0, "max_contour_ft": 20, "shore_iou": 0.999}}, {"type": "Feature", "geometry": {"type": "Polygon", "coordinates": [[[-85.0001774, 41.5744356], [-84.9999333, 41.574198800000005], [-84.99984749999999, 41.574062299999994], [-84.9998233, 41.573948], [-84.9997777, 41.5738717], [-84.99980459999999, 41.5737333], [-84.9996007, 41.5735808], [-84.99959269999998, 41.5734885], [-84.9994156, 41.573259699999994], [-84.9992842, 41.5731754], [-84.9991662, 41.5731453], [-84.99880199999998, 41.5731767], [-84.99868069999998, 41.57314929999999], [-84.9983589, 41.5728945], [-84.99815499999998, 41.572818299999994], [-84.99652149999999, 41.5726156], [-84.9960146, 41.572681800000005], [-84.99583809999999, 41.5726811], [-84.99545939999999, 41.5724129], [-84.9949449, 41.57217740000001], [-84.99482909999999, 41.572172099999996], [-84.9947384, 41.5722055], [-84.9946655, 41.57228450000001], [-84.9946418, 41.572452399999996], [-84.9946928, 41.5728316], [-84.9950302, 41.57349249999999], [-84.9951327, 41.5736382], [-84.9952904, 41.57375329999999], [-84.99536870000001, 41.5739653], [-84.99548619999999, 41.57406029999999], [-84.9962667, 41.57433919999999], [-84.99660199999998, 41.5744215], [-84.9970848, 41.5745158], [-84.997776, 41.57460699999999], [-84.99895069999998, 41.5746393], [-84.99913449999998, 41.574573099999995], [-84.99926449999998, 41.574442499999996], [-84.99948809999998, 41.57432719999999], [-84.9997992, 41.5743713], [-85.0001398, 41.5744837], [-85.0001774, 41.5744356]]]}, "properties": {"id": "meserve-lake-steuben", "name": "Meserve Lake", "county": "Steuben", "county2": null, "acres": 16, "max_depth_ft": 20, "survey_date": "2009-07-08", "contour_interval_ft": 5, "has_contours": true, "pdf_url": "https://www.in.gov/dnr/fish-and-wildlife/files/depth/fw-Meserve_Lake_Bathymetry_Steuben_County_July_2008_2009.pdf", "bbox": [-85.000177, 41.572172, -84.994518, 41.574655], "source": "Indiana DNR Fish & Wildlife Lake Depth Maps (PDF digitized)", "source_url": "https://www.in.gov/dnr/fish-and-wildlife/fishing/lake-depth-maps/", "precision_note": "Shoreline confirmed vs osm:way/178101906 (IoU=0.991); Kept existing contour depths (distance_from_shore_bins); Acre mismatch 32.5 vs PDF 16", "note": null, "contour_method": "traced_from_pdf", "georef_method": "osm", "depth_assignment": "distance_from_shore_bins", "needs_review": true, "review_priority": "medium", "review_notes": "Georef IoU=0.991 OK. Acre mismatch shoreline 32.5 vs PDF 16 (ratio=2.03). Shoreline georef IoU OK vs OSM/NHD, but shoreline acres differ >10% from PDF survey acres (often OSM/NHD includes marsh/wetland or a dual-basin neighbor). Depths retained; needs_review kept.", "line_style": "solid", "data_quality": "needs_review", "min_contour_ft": 0, "max_contour_ft": 20, "shore_iou": 0.991}}, {"type": "Feature", "geometry": {"type": "Polygon", "coordinates": [[[-84.9546173, 41.5392873], [-84.9546066, 41.53920099999999], [-84.9545556, 41.53914880000001], [-84.9545529, 41.53899619999999], [-84.95444299999998, 41.538851599999994], [-84.95421759999999, 41.5386709], [-84.95390379999999, 41.5385264], [-84.95352299999999, 41.538416], [-84.9530509, 41.5381871], [-84.952467, 41.53809079999999], [-84.9521853, 41.53801049999999], [-84.9520343, 41.5379281], [-84.9512619, 41.53777149999999], [-84.95081660000001, 41.5375948], [-84.94970079999999, 41.537251499999996], [-84.94944139999998, 41.53719339999999], [-84.9493234, 41.5372195], [-84.9491142, 41.53716929999999], [-84.9486735, 41.5369785], [-84.9484893, 41.536956499999995], [-84.9481701, 41.53684], [-84.94774829999999, 41.5366653], [-84.9476014, 41.536565], [-84.94744519999999, 41.53654079999999], [-84.9469839, 41.5364002], [-84.94657149999999, 41.5363381], [-84.94575, 41.53629779999999], [-84.94399319999998, 41.53630389999999], [-84.9434326, 41.53624560000001], [-84.94296319999998, 41.53623759999999], [-84.94262589999998, 41.536151399999994], [-84.9415014, 41.535733699999994], [-84.9408523, 41.5356955], [-84.94049559999999, 41.5357477], [-84.9402301, 41.5357417], [-84.939766, 41.535536900000004], [-84.93951989999998, 41.5354989], [-84.9392725, 41.535500799999994], [-84.9389486, 41.53543859999999], [-84.9387468, 41.5354486], [-84.93854899999998, 41.53563940000001], [-84.93828339999999, 41.53597069999999], [-84.9380843, 41.5362637], [-84.9379669, 41.5365329], [-84.937682, 41.5370066], [-84.9373845, 41.5370566], [-84.9374139, 41.5371035], [-84.9376011, 41.5370894], [-84.9377256, 41.5370448], [-84.93786969999998, 41.5368881], [-84.9380011, 41.53665719999999], [-84.9382157, 41.5367395], [-84.9383337, 41.53690219999999], [-84.9384229, 41.5369746], [-84.93869849999999, 41.5370989], [-84.93971509999999, 41.5374463], [-84.94044999999998, 41.5378418], [-84.940625, 41.5380085], [-84.9408282, 41.53808670000001], [-84.9409603, 41.538235400000005], [-84.94107029999999, 41.5384281], [-84.9415148, 41.538422], [-84.94169450000001, 41.5384662], [-84.94204859999999, 41.53860069999999], [-84.9423892, 41.5386529], [-84.9428345, 41.538666899999996], [-84.94318849999999, 41.5386368], [-84.94331189999998, 41.5386549], [-84.9435185, 41.5387713], [-84.9437572, 41.53880749999999], [-84.9441354, 41.5387974], [-84.9443177, 41.5388536], [-84.9446638, 41.5390524], [-84.94483009999999, 41.53919489999999], [-84.94502919999998, 41.5392392], [-84.94527529999999, 41.539218999999996], [-84.9461738, 41.539225099999996], [-84.9463401, 41.53925919999999], [-84.9464394, 41.5393515], [-84.94658959999998, 41.5394077], [-84.94715279999998, 41.5394961], [-84.9472682, 41.53946799999999], [-84.9477402, 41.5395623], [-84.9481131, 41.5396426], [-84.9487164, 41.5398213], [-84.9490624, 41.5398715], [-84.9493977, 41.54], [-84.95000659999998, 41.540124500000005], [-84.9503472, 41.5401646], [-84.9507978, 41.5401526], [-84.9510787, 41.540019], [-84.95133429999998, 41.53973499999999], [-84.95166959999999, 41.5396768], [-84.9519941, 41.53973299999999], [-84.9522248, 41.5398033], [-84.95233469999998, 41.53994180000001], [-84.9525466, 41.5401124], [-84.9528202, 41.54021879999999], [-84.9534076, 41.54029109999999], [-84.9535766, 41.54027299999999], [-84.9537062, 41.54020890000001], [-84.9534693, 41.53992769999999], [-84.9534827, 41.539869499999995], [-84.9539065, 41.54009440000001], [-84.95408619999999, 41.54014449999998], [-84.95426059999998, 41.54009229999999], [-84.95443490000001, 41.53995179999999], [-84.9546173, 41.5392873]]]}, "properties": {"id": "ball-lake-steuben", "name": "Ball Lake", "county": "Steuben", "county2": null, "acres": 87, "max_depth_ft": 44, "survey_date": "2013-07-03", "contour_interval_ft": 5, "has_contours": true, "pdf_url": "https://www.in.gov/dnr/fish-and-wildlife/files/depth/fw-Ball_Lake_Bathymetry_Steuben_County_c_July_2013.pdf", "bbox": [-84.954617, 41.535439, -84.937384, 41.540291], "source": "Indiana DNR Fish & Wildlife Lake Depth Maps (PDF digitized)", "source_url": "https://www.in.gov/dnr/fish-and-wildlife/fishing/lake-depth-maps/", "precision_note": "Shoreline confirmed vs osm:way/178310507 (IoU=0.991); Kept existing contour depths (distance_from_shore_bins); Acre mismatch 160.4 vs PDF 87", "note": null, "contour_method": "traced_from_pdf", "georef_method": "osm", "depth_assignment": "distance_from_shore_bins", "needs_review": true, "review_priority": "medium", "review_notes": "Georef IoU=0.991 OK. Acre mismatch shoreline 160.4 vs PDF 87 (ratio=1.84). Shoreline georef IoU OK vs OSM/NHD, but shoreline acres differ >10% from PDF survey acres (often OSM/NHD includes marsh/wetland or a dual-basin neighbor). Depths retained; needs_review kept.", "line_style": "solid", "data_quality": "needs_review", "min_contour_ft": 0, "max_contour_ft": 35, "shore_iou": 0.991}}, {"type": "Feature", "geometry": {"type": "Polygon", "coordinates": [[[-85.19568279999999, 41.6978404], [-85.19560889999998, 41.697279099999996], [-85.1950789, 41.6964509], [-85.1951529, 41.6959816], [-85.1951529, 41.6954662], [-85.195042, 41.69425149999999], [-85.194968, 41.69458279999999], [-85.194093, 41.69425149999999], [-85.1938465, 41.6948129], [-85.1933659, 41.69532819999999], [-85.19329189999999, 41.69581589999999], [-85.1932673, 41.696561300000006], [-85.19363699999998, 41.6976748], [-85.1930208, 41.6986778], [-85.1927004, 41.699505900000005], [-85.19305779999999, 41.7004537], [-85.19339049999999, 41.70113460000001], [-85.1932057, 41.7017235], [-85.19346449999999, 41.702064], [-85.1932796, 41.702597700000005], [-85.1936124, 41.70224799999999], [-85.19377260000002, 41.701824699999996], [-85.19411769999999, 41.70154869999999], [-85.1943025, 41.701521099999994], [-85.19440109999998, 41.7012359], [-85.1947708, 41.701143800000004], [-85.1950913, 41.7007758], [-85.1952268, 41.700251300000005], [-85.19511589999999, 41.6998188], [-85.1952515, 41.6992943], [-85.1952515, 41.698871], [-85.19546099999998, 41.6987054], [-85.1954856, 41.6983189], [-85.19568279999999, 41.6978404]]]}, "properties": {"id": "beaverdam-lake-steuben", "name": "Beaverdam Lake", "county": "Steuben", "county2": null, "acres": 32.4, "max_depth_ft": 26, "survey_date": "2013-07-11", "contour_interval_ft": 3, "has_contours": true, "pdf_url": "https://www.in.gov/dnr/fish-and-wildlife/files/depth/fw-Beaverdam_Lake_Bathymetry_Steuben_County_c_July_2013.pdf", "bbox": [-85.195683, 41.694251, -85.1927, 41.702598], "source": "Indiana DNR Fish & Wildlife Lake Depth Maps (PDF digitized)", "source_url": "https://www.in.gov/dnr/fish-and-wildlife/fishing/lake-depth-maps/", "precision_note": "Shoreline confirmed vs osm:way/671268321 (IoU=1.000); Kept existing contour depths (distance_from_shore_bins); Acre mismatch 58.2 vs PDF 32.4", "note": null, "contour_method": "traced_from_pdf", "georef_method": "osm", "depth_assignment": "distance_from_shore_bins", "needs_review": true, "review_priority": "medium", "review_notes": "Georef IoU=1.000 OK. Acre mismatch shoreline 58.2 vs PDF 32.4 (ratio=1.80). Shoreline georef IoU OK vs OSM/NHD, but shoreline acres differ >10% from PDF survey acres (often OSM/NHD includes marsh/wetland or a dual-basin neighbor). Depths retained; needs_review kept.", "line_style": "solid", "data_quality": "needs_review", "min_contour_ft": 0, "max_contour_ft": 24, "shore_iou": 1.0}}, {"type": "Feature", "geometry": {"type": "Polygon", "coordinates": [[[-84.9941591, 41.56988590000001], [-84.9940276, 41.5696471], [-84.9941054, 41.5695387], [-84.9941183, 41.5694491], [-84.9940008, 41.5691133], [-84.9937186, 41.5687748], [-84.99368109999999, 41.568652400000005], [-84.9935255, 41.568532000000005], [-84.99317149999999, 41.5683414], [-84.9927879, 41.5681849], [-84.9924043, 41.5680986], [-84.991648, 41.5678457], [-84.991369, 41.5677213], [-84.99106320000001, 41.56765909999999], [-84.9909855, 41.5675567], [-84.9907521, 41.56751259999999], [-84.9905107, 41.5675507], [-84.9903873, 41.5675427], [-84.99013519999998, 41.5674223], [-84.98981069999999, 41.567173499999996], [-84.9897651, 41.567095200000004], [-84.9897951, 41.566905899999995], [-84.9897624, 41.5667922], [-84.98965510000001, 41.5666958], [-84.9894888, 41.566667699999996], [-84.9892018, 41.56674399999999], [-84.98912399999999, 41.56692660000001], [-84.988896, 41.567085199999994], [-84.9881101, 41.56719549999999], [-84.9879277, 41.5671654], [-84.98775609999998, 41.5670892], [-84.9875093, 41.567115300000005], [-84.98681729999998, 41.56731589999999], [-84.98673149999999, 41.5674123], [-84.9866912, 41.5675728], [-84.98672609999998, 41.5680203], [-84.98683130000002, 41.5682183], [-84.9870104, 41.5683815], [-84.9873114, 41.5685092], [-84.9876998, 41.56880089999999], [-84.9879251, 41.56889319999999], [-84.98831719999998, 41.56889050000001], [-84.98850709999999, 41.5688451], [-84.9889261, 41.56866579999999], [-84.9894432, 41.56861829999999], [-84.9905134, 41.568754799999994], [-84.9907253, 41.568754799999994], [-84.99096449999999, 41.56870789999999], [-84.99118389999998, 41.568710599999996], [-84.9918706, 41.5688551], [-84.9923191, 41.569030999999995], [-84.99265379999999, 41.56922629999999], [-84.99274769999998, 41.569330699999995], [-84.9928174, 41.56950929999999], [-84.99294079999999, 41.56969589999999], [-84.9930078, 41.5697822], [-84.9931071, 41.5698243], [-84.99361669999999, 41.5698625], [-84.9939761, 41.5699407], [-84.99409149999998, 41.5699367], [-84.9941591, 41.56988590000001]]]}, "properties": {"id": "gooseneck-lake-steuben", "name": "Gooseneck Lake", "county": "Steuben", "county2": null, "acres": 22.6, "max_depth_ft": 38, "survey_date": "2014-09-04", "contour_interval_ft": 5, "has_contours": true, "pdf_url": "https://www.in.gov/dnr/fish-and-wildlife/files/depth/fw-Gooseneck_Lake_Bathymetry_Steuben_County_c_September_2014.pdf", "bbox": [-84.994159, 41.566668, -84.986691, 41.569941], "source": "Indiana DNR Fish & Wildlife Lake Depth Maps (PDF digitized)", "source_url": "https://www.in.gov/dnr/fish-and-wildlife/fishing/lake-depth-maps/", "precision_note": "Shoreline confirmed vs osm:way/178102645 (IoU=0.990); Kept existing contour depths (distance_from_shore_bins); Acre mismatch 40.4 vs PDF 22.6", "note": null, "contour_method": "traced_from_pdf", "georef_method": "osm", "depth_assignment": "distance_from_shore_bins", "needs_review": true, "review_priority": "medium", "review_notes": "Georef IoU=0.990 OK. Acre mismatch shoreline 40.4 vs PDF 22.6 (ratio=1.79). Shoreline georef IoU OK vs OSM/NHD, but shoreline acres differ >10% from PDF survey acres (often OSM/NHD includes marsh/wetland or a dual-basin neighbor). Depths retained; needs_review kept.", "line_style": "solid", "data_quality": "needs_review", "min_contour_ft": 0, "max_contour_ft": 35, "shore_iou": 0.99}}, {"type": "Feature", "geometry": {"type": "Polygon", "coordinates": [[[-85.000746, 41.727507599999996], [-85.0006226, 41.727013199999995], [-85.00059309999999, 41.72697509999999], [-85.000349, 41.726888999999986], [-85.00026579999998, 41.726783], [-85.00004859999999, 41.7265888], [-84.9997187, 41.72610629999999], [-84.9996194, 41.7260683], [-84.99942629999998, 41.7260643], [-84.9993727, 41.7260343], [-84.99925999999999, 41.7260203], [-84.9991554, 41.726054299999994], [-84.99882549999998, 41.726082299999995], [-84.99873159999999, 41.7261284], [-84.9985626, 41.726114300000006], [-84.9982542, 41.72600620000001], [-84.99808789999999, 41.72597619999999], [-84.9979779, 41.72598020000001], [-84.99778209999998, 41.72605229999999], [-84.99755949999998, 41.7260783], [-84.9974602, 41.7260383], [-84.997412, 41.7260563], [-84.99737169999999, 41.7261744], [-84.997192, 41.7262485], [-84.9969721, 41.726276500000004], [-84.9968943, 41.7263345], [-84.9967924, 41.7264787], [-84.9965805, 41.72660679999999], [-84.99646509999998, 41.726789], [-84.9962908, 41.7269411], [-84.9961862, 41.7270832], [-84.99613260000001, 41.7272834], [-84.99614059999999, 41.7274475], [-84.9962854, 41.7277198], [-84.9962774, 41.7278819], [-84.99634979999999, 41.72803409999999], [-84.9963766, 41.7281922], [-84.996551, 41.7283403], [-84.99655369999999, 41.72842039999999], [-84.99666359999999, 41.728512499999994], [-84.9967897, 41.7286926], [-84.9968031, 41.72877269999999], [-84.9971089, 41.729053], [-84.9973959, 41.7291631], [-84.9975193, 41.729241099999996], [-84.9977204, 41.7292832], [-84.99787869999999, 41.7292731], [-84.9981228, 41.7292111], [-84.99882549999998, 41.7292051], [-84.99903200000001, 41.729167100000005], [-84.9991205, 41.72912099999999], [-84.9993324, 41.7289349], [-84.9994934, 41.7287167], [-84.9997106, 41.72859859999999], [-84.99977229999999, 41.72844039999999], [-84.9999279, 41.728330299999996], [-85.00000570000002, 41.7281722], [-85.00006739999999, 41.7281041], [-85.0003409, 41.727982], [-85.0005341, 41.7278399], [-85.0007165, 41.7275877], [-85.000746, 41.727507599999996]]]}, "properties": {"id": "green-lake-steuben", "name": "Green Lake", "county": "Steuben", "county2": null, "acres": 25.3, "max_depth_ft": 36, "survey_date": "2013-07-10", "contour_interval_ft": 5, "has_contours": true, "pdf_url": "https://www.in.gov/dnr/fish-and-wildlife/files/depth/fw-Green_Lake_Bathymetry_Steuben_County_c_July_2013.pdf", "bbox": [-85.000746, 41.725976, -84.996133, 41.729283], "source": "Indiana DNR Fish & Wildlife Lake Depth Maps (PDF digitized)", "source_url": "https://www.in.gov/dnr/fish-and-wildlife/fishing/lake-depth-maps/", "precision_note": "Shoreline confirmed vs osm:way/932492507 (IoU=0.991); Kept existing contour depths (distance_from_shore_bins); Acre mismatch 45.4 vs PDF 25.3", "note": null, "contour_method": "traced_from_pdf", "georef_method": "osm", "depth_assignment": "distance_from_shore_bins", "needs_review": true, "review_priority": "medium", "review_notes": "Georef IoU=0.991 OK. Acre mismatch shoreline 45.3 vs PDF 25.3 (ratio=1.79). Shoreline georef IoU OK vs OSM/NHD, but shoreline acres differ >10% from PDF survey acres (often OSM/NHD includes marsh/wetland or a dual-basin neighbor). Depths retained; needs_review kept.", "line_style": "solid", "data_quality": "needs_review", "min_contour_ft": 0, "max_contour_ft": 35, "shore_iou": 0.991}}, {"type": "Feature", "geometry": {"type": "Polygon", "coordinates": [[[-85.1799847, 41.571375700000004], [-85.17993750000001, 41.57118549999999], [-85.1797594, 41.5707497], [-85.17974429999998, 41.57039089999999], [-85.1796585, 41.57027049999999], [-85.1793195, 41.5700514], [-85.17891179999998, 41.570035299999994], [-85.17851479999999, 41.569955], [-85.178135, 41.56982099999999], [-85.17777449999998, 41.56958579999999], [-85.17692689999998, 41.5692166], [-85.176369, 41.5687831], [-85.1761437, 41.5686788], [-85.175736, 41.568582400000004], [-85.17544639999998, 41.5685985], [-85.1746095, 41.5688634], [-85.1745559, 41.5690159], [-85.1745559, 41.56922459999999], [-85.1748885, 41.57014770000001], [-85.17516739999999, 41.57037239999998], [-85.17616090000001, 41.5707601], [-85.1764549, 41.5709423], [-85.1767446, 41.57125529999999], [-85.1772338, 41.5714745], [-85.1774698, 41.57163499999999], [-85.1778024, 41.5717393], [-85.1781565, 41.57178749999999], [-85.1786071, 41.57191589999999], [-85.17893319999999, 41.5719055], [-85.1793688, 41.57198820000001], [-85.1797014, 41.5718919], [-85.1798667, 41.571761], [-85.179931, 41.5716165], [-85.1799847, 41.571375700000004]]]}, "properties": {"id": "henry-lake-steuben", "name": "Henry Lake", "county": "Steuben", "county2": null, "acres": 22.9, "max_depth_ft": 20, "survey_date": "2014-07-10", "contour_interval_ft": 2, "has_contours": true, "pdf_url": "https://www.in.gov/dnr/fish-and-wildlife/files/depth/fw-Henry_Lake_Bathymetry_Steuben_County_c_July_2014.pdf", "bbox": [-85.179985, 41.568582, -85.17446, 41.572061], "source": "Indiana DNR Fish & Wildlife Lake Depth Maps (PDF digitized)", "source_url": "https://www.in.gov/dnr/fish-and-wildlife/fishing/lake-depth-maps/", "precision_note": "Shoreline confirmed vs osm:way/149475312 (IoU=0.994); Kept existing contour depths (distance_from_shore_bins); Acre mismatch 40.9 vs PDF 22.9", "note": null, "contour_method": "traced_from_pdf", "georef_method": "osm", "depth_assignment": "distance_from_shore_bins", "needs_review": true, "review_priority": "medium", "review_notes": "Georef IoU=0.994 OK. Acre mismatch shoreline 41.0 vs PDF 22.9 (ratio=1.79). Shoreline georef IoU OK vs OSM/NHD, but shoreline acres differ >10% from PDF survey acres (often OSM/NHD includes marsh/wetland or a dual-basin neighbor). Depths retained; needs_review kept.", "line_style": "solid", "data_quality": "needs_review", "min_contour_ft": 0, "max_contour_ft": 18, "shore_iou": 0.994}}, {"type": "Feature", "geometry": {"type": "Polygon", "coordinates": [[[-86.187677, 39.6439539], [-86.18711059999998, 39.6439154], [-86.1867774, 39.6439491], [-86.1865879, 39.64389609999999], [-86.1864671, 39.6438079], [-86.1864463, 39.64375499999999], [-86.1864442, 39.64329959999999], [-86.18647329999999, 39.6432435], [-86.186288, 39.6433477], [-86.1860131, 39.64367810000001], [-86.1857216, 39.643916999999995], [-86.18563, 39.6440613], [-86.18615059999999, 39.6447668], [-86.18630259999999, 39.645057099999995], [-86.1863463, 39.64509069999999], [-86.1864025, 39.64507789999999], [-86.18642340000001, 39.645015400000005], [-86.1864629, 39.6446177], [-86.18651079999998, 39.64454229999999], [-86.1866087, 39.6444878], [-86.1871064, 39.64431629999999], [-86.18716889999999, 39.64432109999999], [-86.1876374, 39.6446225], [-86.1876541, 39.6446049], [-86.1875895, 39.6443531], [-86.1876041, 39.64420079999999], [-86.187677, 39.6439539]]]}, "properties": {"id": "lake-arrowhead-steuben", "name": "Lake Arrowhead", "county": "Steuben", "county2": null, "acres": 3.4, "max_depth_ft": 34, "survey_date": "2014-07-02", "contour_interval_ft": 5, "has_contours": true, "pdf_url": "https://www.in.gov/dnr/fish-and-wildlife/files/depth/fw-Lake_Arrowhead_Bathymetry_Steuben_County_c_July_2014.pdf", "bbox": [-86.187942, 39.643243, -86.185336, 39.645091], "source": "Indiana DNR Fish & Wildlife Lake Depth Maps (PDF digitized)", "source_url": "https://www.in.gov/dnr/fish-and-wildlife/fishing/lake-depth-maps/", "precision_note": "Shoreline confirmed vs osm:way/241408620 (IoU=0.962); Kept existing contour depths (distance_from_shore_bins); Acre mismatch 5.7 vs PDF 3.4", "note": null, "contour_method": "traced_from_pdf", "georef_method": "osm", "depth_assignment": "distance_from_shore_bins", "needs_review": true, "review_priority": "medium", "review_notes": "Georef IoU=0.962 OK. Acre mismatch shoreline 5.7 vs PDF 3.4 (ratio=1.67). Shoreline georef IoU OK vs OSM/NHD, but shoreline acres differ >10% from PDF survey acres (often OSM/NHD includes marsh/wetland or a dual-basin neighbor). Depths retained; needs_review kept.", "line_style": "solid", "data_quality": "needs_review", "min_contour_ft": 0, "max_contour_ft": 25, "shore_iou": 0.962}}, {"type": "Feature", "geometry": {"type": "Polygon", "coordinates": [[[-85.1857559, 41.750583999999996], [-85.18567, 41.75026389999999], [-85.1854984, 41.7499917], [-85.18517650000001, 41.7496075], [-85.18481169999998, 41.749319299999996], [-85.1844899, 41.748647], [-85.18398879999998, 41.7481555], [-85.1833665, 41.74807539999999], [-85.18281619999999, 41.7482627], [-85.1824439, 41.7485077], [-85.1820008, 41.7497196], [-85.1813785, 41.750279899999995], [-85.1812422, 41.750845], [-85.18119929999999, 41.75111710000001], [-85.18146429999999, 41.75148049999999], [-85.18208659999999, 41.75181669999999], [-85.18238699999999, 41.75202479999999], [-85.1829878, 41.7521208], [-85.1834095, 41.75212559999999], [-85.1835672, 41.75186469999999], [-85.18384609999998, 41.7517206], [-85.1842753, 41.751560500000004], [-85.18453279999999, 41.751576500000006], [-85.1847259, 41.7517046], [-85.1853696, 41.7515285], [-85.1857559, 41.750583999999996]]]}, "properties": {"id": "lime-lake-steuben", "name": "Lime Lake", "county": "Steuben", "county2": null, "acres": 27.8, "max_depth_ft": 28, "survey_date": "2014-07-02", "contour_interval_ft": 5, "has_contours": true, "pdf_url": "https://www.in.gov/dnr/fish-and-wildlife/files/depth/fw-Lime_Lake_Bathymetry_Steuben_County_c_July_2014.pdf", "bbox": [-85.185756, 41.748075, -85.181199, 41.752126], "source": "Indiana DNR Fish & Wildlife Lake Depth Maps (PDF digitized)", "source_url": "https://www.in.gov/dnr/fish-and-wildlife/fishing/lake-depth-maps/", "precision_note": "Shoreline confirmed vs osm:way/259170380 (IoU=0.997); Kept existing contour depths (distance_from_shore_bins); Acre mismatch 49.9 vs PDF 27.8", "note": null, "contour_method": "traced_from_pdf", "georef_method": "osm", "depth_assignment": "distance_from_shore_bins", "needs_review": true, "review_priority": "medium", "review_notes": "Georef IoU=0.997 OK. Acre mismatch shoreline 49.9 vs PDF 27.8 (ratio=1.80). Shoreline georef IoU OK vs OSM/NHD, but shoreline acres differ >10% from PDF survey acres (often OSM/NHD includes marsh/wetland or a dual-basin neighbor). Depths retained; needs_review kept.", "line_style": "solid", "data_quality": "needs_review", "min_contour_ft": 0, "max_contour_ft": 25, "shore_iou": 0.997}}, {"type": "Feature", "geometry": {"type": "Polygon", "coordinates": [[[-85.0118597, 41.7218173], [-85.0118382, 41.7216791], [-85.0117953, 41.72159309999999], [-85.0116022, 41.72147089999999], [-85.01137149999998, 41.72140689999999], [-85.01116499999999, 41.7213048], [-85.01085389999999, 41.721122599999994], [-85.01041669999998, 41.7207903], [-85.0100894, 41.7206601], [-85.00988289999998, 41.720538], [-85.0090058, 41.7201096], [-85.0087161, 41.7200255], [-85.00834869999998, 41.7198613], [-85.0081529, 41.7198673], [-85.0080751, 41.7198934], [-85.0080992, 41.720023499999996], [-85.0080644, 41.720063499999995], [-85.00797579999998, 41.7201236], [-85.00780959999999, 41.7201837], [-85.00775049999999, 41.720199699999995], [-85.0073133, 41.7201877], [-85.0071363, 41.7201516], [-85.0070988, 41.7201176], [-85.00713359999999, 41.7200315], [-85.00701289999999, 41.7200115], [-85.0068842, 41.7199474], [-85.0062887, 41.71981929999999], [-85.00583540000001, 41.71967109999999], [-85.00544649999999, 41.719603099999986], [-85.0053097, 41.719513], [-85.00513809999998, 41.7194609], [-85.00501469999999, 41.719442900000004], [-85.00485639999998, 41.71950700000001], [-85.0046687, 41.71950499999999], [-85.00417779999998, 41.719462899999996], [-85.0040223, 41.71938290000001], [-85.0037755, 41.7194129], [-85.0034992, 41.719509], [-85.00342149999999, 41.719577], [-85.00338930000001, 41.71966509999999], [-85.00327389999998, 41.7197672], [-85.0032552, 41.7198113], [-85.00348579999999, 41.7201196], [-85.0036387, 41.7201817], [-85.0038211, 41.72034579999999], [-85.00414569999998, 41.720447899999996], [-85.0044943, 41.7206101], [-85.0049798, 41.7207702], [-85.0051703, 41.7209324], [-85.0053714, 41.7210145], [-85.005578, 41.7212227], [-85.0060742, 41.72149699999999], [-85.00623779999998, 41.7216191], [-85.0067984, 41.72179930000001], [-85.0070344, 41.721787299999995], [-85.00774249999999, 41.72197340000001], [-85.0080831, 41.7220035], [-85.00866249999999, 41.7222998], [-85.00865179999998, 41.7223258], [-85.0090916, 41.722522], [-85.009317, 41.72255599999999], [-85.009604, 41.722545999999994], [-85.0098266, 41.7226781], [-85.00999559999998, 41.72271620000001], [-85.0102289, 41.7227242], [-85.0105105, 41.7226801], [-85.0107493, 41.7226821], [-85.0107922, 41.72271009999999], [-85.0109075, 41.7228983], [-85.01089549999999, 41.7229661], [-85.01113579999999, 41.723055800000004], [-85.01107379999999, 41.72279819999999], [-85.01108719999999, 41.72270809999999], [-85.0111999, 41.722601999999995], [-85.0113608, 41.722542000000004], [-85.01153250000002, 41.7223658], [-85.0116719, 41.7222857], [-85.0117551, 41.72216759999999], [-85.01184899999998, 41.72190739999999], [-85.0118597, 41.7218173]]]}, "properties": {"id": "little-otter-lake-steuben", "name": "Little Otter Lake", "county": "Steuben", "county2": null, "acres": 31.9, "max_depth_ft": 37, "survey_date": "2013-07-10", "contour_interval_ft": 5, "has_contours": true, "pdf_url": "https://www.in.gov/dnr/fish-and-wildlife/files/depth/fw-Little_Otter_Lake_Bathymetry_Steuben_County_c_July_2013.pdf", "bbox": [-85.01186, 41.719383, -85.003255, 41.723056], "source": "Indiana DNR Fish & Wildlife Lake Depth Maps (PDF digitized)", "source_url": "https://www.in.gov/dnr/fish-and-wildlife/fishing/lake-depth-maps/", "precision_note": "Shoreline confirmed vs osm:relation/15027820 (IoU=0.989); Kept existing contour depths (distance_from_shore_bins); Acre mismatch 57.3 vs PDF 31.9", "note": null, "contour_method": "traced_from_pdf", "georef_method": "osm", "depth_assignment": "distance_from_shore_bins", "needs_review": true, "review_priority": "medium", "review_notes": "Georef IoU=0.989 OK. Acre mismatch shoreline 57.4 vs PDF 31.9 (ratio=1.80). Shoreline georef IoU OK vs OSM/NHD, but shoreline acres differ >10% from PDF survey acres (often OSM/NHD includes marsh/wetland or a dual-basin neighbor). Depths retained; needs_review kept.", "line_style": "solid", "data_quality": "needs_review", "min_contour_ft": 0, "max_contour_ft": 35, "shore_iou": 0.989}}, {"type": "Feature", "geometry": {"type": "Polygon", "coordinates": [[[-85.06728761979029, 41.63477579705146], [-85.06731493665977, 41.63486026268344], [-85.06731376525663, 41.63498674204941], [-85.0673123881393, 41.63513429081318], [-85.06724527590275, 41.63530258186277], [-85.06724442070659, 41.635393927879804], [-85.0673749531039, 41.635457848865954], [-85.06751584127979, 41.63541641608046], [-85.06751648896511, 41.63534615309991], [-85.06742413856064, 41.63520514216401], [-85.06745489867261, 41.6349172110922], [-85.0674841038008, 41.63479790277202], [-85.0676622487048, 41.634777750143414], [-85.06790570112994, 41.63478605531527], [-85.06820546894028, 41.63478059014976], [-85.06847727129747, 41.63476092024978], [-85.06869359639767, 41.63466367376601], [-85.06877892017997, 41.63455168792224], [-85.06906022222131, 41.634518021298526], [-85.0692192419929, 41.63453992770205], [-85.0694060502495, 41.6345971100404], [-85.0696031792504, 41.634548949958386], [-85.06986737377545, 41.63433952022231], [-85.07003008202962, 41.633960920854264], [-85.07002376327989, 41.63363063986187], [-85.07002519968603, 41.63347504013761], [-85.07002642319145, 41.63334255270325], [-85.0700100280392, 41.63308951677203], [-85.07004006410904, 41.63287887307364], [-85.07014560178189, 41.63260537987597], [-85.07031599512328, 41.63240951391582], [-85.0706269370774, 41.63220735209797], [-85.07075941073406, 41.63206048081571], [-85.07085469413792, 41.63188530589478], [-85.07100693342575, 41.6316261079096], [-85.07106454507986, 41.63147182203649], [-85.07111369729896, 41.631219111792724], [-85.07109651881578, 41.63105038909163], [-85.07093860217535, 41.630909029682435], [-85.07087388574564, 41.63081735569092], [-85.07096909818262, 41.63064920467603], [-85.07097948719887, 41.63053682779376], [-85.07118650036283, 41.63043250197204], [-85.07125354163249, 41.63027124231868], [-85.07120846776479, 41.6300812900706], [-85.07121034165048, 41.62987752492078], [-85.07127757336296, 41.62969517097574], [-85.07146674778203, 41.62949238223864], [-85.07161736471245, 41.629408840876884], [-85.07176695666514, 41.62943772808853], [-85.07210409259463, 41.62943946983485], [-85.07235759806613, 41.629370506985815], [-85.07268639583317, 41.62925977897937], [-85.0728649889965, 41.62919043723776], [-85.07297632529449, 41.629303440247234], [-85.07300312922592, 41.62944412031066], [-85.07299177721569, 41.62966188118452], [-85.07291460115302, 41.629907411035624], [-85.07294999028362, 41.63013245417711], [-85.07301329007012, 41.63037871209357], [-85.07320938331348, 41.630442963702365], [-85.07353659106246, 41.630507890045095], [-85.07402390015464, 41.630475272786164], [-85.07440826501022, 41.63043509776508], [-85.07469966860691, 41.630317146191864], [-85.07489788636592, 41.6301495222991], [-85.07503951744854, 41.63002376867472], [-85.07514389000647, 41.629876748727646], [-85.0751595781846, 41.62980628633133], [-85.07518295683987, 41.629701283849435], [-85.07519424776467, 41.62954582504511], [-85.07520438615096, 41.62940627592929], [-85.07510392575611, 41.62912469375009], [-85.07490822956811, 41.62901827875687], [-85.07463767766578, 41.628904464126926], [-85.07440341859926, 41.62891730709304], [-85.07413131530642, 41.62897212283396], [-85.07383100311705, 41.62904084371351], [-85.07345536898772, 41.62915133104366], [-85.0732576030813, 41.62926976081061], [-85.07308878268995, 41.629296998995095], [-85.07308987414302, 41.62917754530984], [-85.07315652734049, 41.62905844123176], [-85.07331676163433, 41.62894683979519], [-85.07347661504251, 41.62887739498396], [-85.07358078368287, 41.628751458927034], [-85.0736199762804, 41.62856193730759], [-85.07350857171045, 41.62845595917884], [-85.07340086730113, 41.628296717030295], [-85.07336072608265, 41.62823736967322], [-85.07294957077038, 41.62813687084093], [-85.07270601863223, 41.6281426481297], [-85.07236888899094, 41.62814090701988], [-85.07188223926218, 41.62810325391268], [-85.07161169544469, 41.62798942088061], [-85.07132151265846, 41.62797386433081], [-85.07088232990934, 41.62786619112078], [-85.07064807443605, 41.627879026907614], [-85.07028253198064, 41.62791226793085], [-85.06996315215105, 41.628016017683834], [-85.06973716028007, 41.62814834685652], [-85.0694655771118, 41.62814693610781], [-85.06930709632938, 41.62806881576375], [-85.06925186880402, 41.6279631329414], [-85.06917825006985, 41.627822217318055], [-85.06900168979404, 41.627673739959974], [-85.06873166160952, 41.62750369525182], [-85.06843419438465, 41.62726324400907], [-85.0682216763446, 41.62695296022904], [-85.06809238272409, 41.62675554007717], [-85.06783205185307, 41.62655041406526], [-85.06749552408301, 41.62648541994598], [-85.06718667879676, 41.62646272517021], [-85.0669710966033, 41.62648268231105], [-85.06671792800005, 41.626516490785285], [-85.06642710740995, 41.62657118367193], [-85.06603397859048, 41.626548053134485], [-85.0656974373457, 41.626483054312466], [-85.06538978322551, 41.62633388895638], [-85.06511945320706, 41.626198966810726], [-85.06481178561215, 41.62604980012589], [-85.06479917865545, 41.62604218008849], [-85.06449516181385, 41.62585841389686], [-85.0643559400128, 41.62572418574906], [-85.06431984839962, 41.625576428099315], [-85.06416195960698, 41.62543507280296], [-85.06392871024683, 41.62534250196852], [-85.06365824817604, 41.6252216247714], [-85.06349047162703, 41.625136430694056], [-85.06326651623682, 41.625050935001674], [-85.06310776955306, 41.62500091176671], [-85.06294831859013, 41.62502818667264], [-85.06286298402804, 41.625140158172336], [-85.0627321444069, 41.62511136371608], [-85.06248972863757, 41.62499766574464], [-85.0622940513142, 41.62489124125333], [-85.06214468394033, 41.624841270271496], [-85.06214528221831, 41.62477803107452], [-85.06235273286183, 41.62462452991413], [-85.06278448564525, 41.62452140524499], [-85.06294360243488, 41.624529261159736], [-85.06346741636527, 41.62459525577496], [-85.06363538335708, 41.624659378175885], [-85.06384966029843, 41.62477995290884], [-85.06404520017959, 41.62490043407795], [-85.06412122819536, 41.62478137581829], [-85.06419771075865, 41.624613137209096], [-85.06411532356898, 41.62440892568504], [-85.06390118766315, 41.62427430370327], [-85.06370545464421, 41.62417490600805], [-85.06334987270866, 41.624144927925336], [-85.06272221442975, 41.6241697367489], [-85.06241141440944, 41.62435783023029], [-85.06220375356015, 41.624532403122465], [-85.06211804440059, 41.62468653974253], [-85.06199589777646, 41.62472805933343], [-85.06184647560535, 41.624685112130486], [-85.06163082783488, 41.62471208230847], [-85.06151812879259, 41.62474662028955], [-85.06137674833992, 41.624844249716084], [-85.06101878407225, 41.625067218816994], [-85.06078368777585, 41.62517138007512], [-85.06063287321606, 41.62527599173823], [-85.0606125093069, 41.6254515431965], [-85.06058276788447, 41.625627053215744], [-85.06049689702813, 41.62579524821848], [-85.06043075227714, 41.62585812985692], [-85.06020192172988, 41.62629258393164], [-85.06005954504555, 41.62649560566604], [-85.05992640483898, 41.626712727849316], [-85.05977440090975, 41.6269438032854], [-85.05972618293856, 41.627091111941205], [-85.05978091818714, 41.627245989795895], [-85.0598077643394, 41.62737963730842], [-85.059703498681, 41.62751259427067], [-85.05956264014951, 41.62755400594923], [-85.05936130793141, 41.62764184309798], [-85.05935575724126, 41.62764426509257], [-85.05927081703958, 41.627714075840274], [-85.0592791884397, 41.62781952271382], [-85.0592675094427, 41.628065400015096], [-85.05922767544806, 41.62831814410871], [-85.05909320214161, 41.62867579014404], [-85.05910065097193, 41.62887960475144], [-85.05899507197658, 41.629153086226786], [-85.05884325399863, 41.62936309011954], [-85.05877669781923, 41.62946813612521], [-85.05873779807249, 41.62962251072512], [-85.05868785713258, 41.629952510103486], [-85.05858346301508, 41.630099515777445], [-85.058571920562, 41.630331333104756], [-85.05863555721673, 41.63053544194058], [-85.05869979394608, 41.63067631201851], [-85.05877213707254, 41.63095073595411], [-85.05884449367372, 41.63122516073576], [-85.05887983519364, 41.631450195919854], [-85.05893417877674, 41.63164723979553], [-85.0591022302102, 41.631704332714406], [-85.05931737133085, 41.63173358214], [-85.05957900475904, 41.63179820168344], [-85.05983134781057, 41.63185574499595], [-85.06006541014604, 41.63186401428729], [-85.06025278613791, 41.631857972789916], [-85.06045796673868, 41.63195040468409], [-85.06060722541639, 41.63201442711327], [-85.06074678678061, 41.6321135387815], [-85.06083951986741, 41.63221239918513], [-85.06089419313223, 41.63237429988991], [-85.06077040438777, 41.63259147478816], [-85.06064680967938, 41.632787567134365], [-85.06048086030368, 41.63300951775623], [-85.06045969240233, 41.633129696181534], [-85.06045168032831, 41.63320620303088], [-85.06027458824984, 41.633243549679264], [-85.06009925956427, 41.63324844293188], [-85.06008924514548, 41.6332668476817], [-85.05994837763083, 41.63324866516933], [-85.05986484688582, 41.63321814880427], [-85.059768349858, 41.633210806236114], [-85.05951509771141, 41.63320947213917], [-85.05930185383265, 41.63321517981788], [-85.05914154677525, 41.63321023083545], [-85.05903937688639, 41.63322471790442], [-85.05894815476593, 41.633237915187], [-85.05888788499689, 41.63325263388698], [-85.05880559123202, 41.633285006018085], [-85.05867941566386, 41.63333218409828], [-85.05858212183037, 41.633409578983496], [-85.05853964319552, 41.633469505034284], [-85.05850439599872, 41.63353630290337], [-85.05848916685972, 41.63360593673293], [-85.05851977335975, 41.63364573983198], [-85.05857056230928, 41.633669249182496], [-85.0586526530549, 41.633660118706366], [-85.05869866835702, 41.63360977517532], [-85.05871759136848, 41.633536057839], [-85.05874560802557, 41.63346238875992], [-85.05880628832469, 41.63340392906335], [-85.05885581603955, 41.63336865313946], [-85.05893612991753, 41.63335403987755], [-85.05907091224445, 41.633358853223854], [-85.05915839378008, 41.63335795487581], [-85.05933700311307, 41.63335206525734], [-85.0594645441205, 41.6333527366685], [-85.05962317671818, 41.633341266950666], [-85.05975439902164, 41.63333922787458], [-85.05982724969624, 41.633342343894356], [-85.05989292283171, 41.63333312474557], [-85.05994233556223, 41.63331014367338], [-85.05997521839319, 41.633302112247314], [-85.06008920921288, 41.63331494426613], [-85.06012807662027, 41.633323428893355], [-85.06024839517279, 41.63332652477157], [-85.06038512325061, 41.633308385246366], [-85.06051068976102, 41.63332088021542], [-85.06053787367983, 41.63341939701943], [-85.06054997488502, 41.63371029367481], [-85.06059058322745, 41.63379208380511], [-85.06056043217325, 41.634009750094364], [-85.06054903524725, 41.634227519715864], [-85.06053822312448, 41.63438205211117], [-85.0604903357333, 41.634494228927096], [-85.06059256221602, 41.634579082996304], [-85.0606871521205, 41.63448120512277], [-85.06073707239915, 41.63415121617097], [-85.06078633780594, 41.633891488829924], [-85.06078836889681, 41.6336736771172], [-85.06078183365311, 41.633371491865056], [-85.06075492911037, 41.63324486833295], [-85.06086267304553, 41.63320927810093], [-85.06110086403805, 41.633309934192965], [-85.06139956644645, 41.63341690407235], [-85.06167044623385, 41.633495630932636], [-85.06180103881827, 41.63355253287704], [-85.06195056609228, 41.63358844720997], [-85.06205933590351, 41.633599127978755], [-85.06205194456534, 41.63376464475507], [-85.0620538992994, 41.63384209216211], [-85.06211626214305, 41.63389849091796], [-85.06222233790676, 41.63385375918418], [-85.06224791204457, 41.633842975061064], [-85.0623805321266, 41.633682054271965], [-85.06238151757847, 41.633576659957725], [-85.06234491392557, 41.63348512807031], [-85.06224859835746, 41.63339524302349], [-85.06212144362561, 41.63334341412387], [-85.06211342077181, 41.63324921505597], [-85.06234641411211, 41.63332351886251], [-85.06255213010881, 41.63335973411522], [-85.06268272179491, 41.633416634836735], [-85.06279459079387, 41.633473432110904], [-85.06294397793067, 41.63352340311628], [-85.06312159372698, 41.63355947121806], [-85.06326156562129, 41.63361641406202], [-85.06342019193077, 41.63368049593459], [-85.06355969220958, 41.633786627954976], [-85.06368085428015, 41.63385050085109], [-85.063839413216, 41.63392159397615], [-85.06399791555799, 41.63399972267014], [-85.06416571366654, 41.634084917120525], [-85.0642605613875, 41.63411786221202], [-85.06437110177816, 41.63415625907754], [-85.0647826137216, 41.63422165703293], [-85.06504419325087, 41.63429330029776], [-85.0652403601561, 41.6343505311958], [-85.06541804691929, 41.63437957195791], [-85.06560490458324, 41.63442973629534], [-85.06576366114844, 41.634479754900056], [-85.06585666911971, 41.63455050424635], [-85.06593093823415, 41.63462116019068], [-85.06602420941176, 41.634663802674325], [-85.06615526193363, 41.63467152173094], [-85.0664364256344, 41.63465190819508], [-85.0666518452328, 41.63465303614312], [-85.06682043385878, 41.634653915673965], [-85.0669420549685, 41.63466860518048], [-85.06702621273756, 41.6346830858791], [-85.06719447078353, 41.634719107677], [-85.06728761979029, 41.63477579705146]], [[-85.05959389882645, 41.629212462284876], [-85.05939716867755, 41.62921845098536], [-85.05918171494318, 41.62922434501026], [-85.059258287338, 41.629049085836236], [-85.05928716817438, 41.628964910716206], [-85.05927925760999, 41.62881028475906], [-85.05928090332358, 41.6286346289693], [-85.05936715686221, 41.62842428092919], [-85.05936841270699, 41.62829077994692], [-85.0593887972774, 41.628115228833266], [-85.0594276404303, 41.6279678681286], [-85.05946609101942, 41.627862673298274], [-85.05957886821511, 41.62782110200841], [-85.05978534508485, 41.62777301072541], [-85.05994487420121, 41.627738716094555], [-85.06009504107568, 41.62770437981431], [-85.06024488904823, 41.62770516476276], [-85.06051586944695, 41.627769834004205], [-85.06072123330405, 41.627841182278985], [-85.06083269895944, 41.627940147940336], [-85.0607756496507, 41.62803119014458], [-85.06063392604159, 41.628163949695356], [-85.06049246474055, 41.628268614248896], [-85.06037896619765, 41.628387459258555], [-85.06022794772029, 41.628513142214075], [-85.06017934077857, 41.6287026062314], [-85.06015870737481, 41.62890627571921], [-85.0601108226786, 41.62901845400697], [-85.05991317355316, 41.62912280091785], [-85.05979089397837, 41.629178377913625], [-85.05959389882645, 41.629212462284876]], [[-85.06268336858192, 41.629334139757844], [-85.06264486499221, 41.629446369674376], [-85.06259686082007, 41.629572597126256], [-85.06253006299384, 41.629705755029434], [-85.06257616722917, 41.629783279829624], [-85.06274381172582, 41.62988253526077], [-85.0629769523898, 41.629989167718804], [-85.06269593241949, 41.62999471520701], [-85.06243437085651, 41.629923077236164], [-85.06229454898086, 41.629852075046664], [-85.06219264678998, 41.6297320791878], [-85.0621001778079, 41.62960511412439], [-85.06206384005634, 41.629485473675125], [-85.06200850024159, 41.629393835931985], [-85.06203725441551, 41.629323720149124], [-85.06211295724111, 41.629239793825654], [-85.06227248815411, 41.629205506018145], [-85.06252561363826, 41.629178721698366], [-85.06265658710836, 41.62919346818334], [-85.06268336858192, 41.629334139757844]], [[-85.06202880935352, 41.629225297132194], [-85.06184981643989, 41.62933678729707], [-85.06180332503067, 41.62930140574363], [-85.06168210187465, 41.62924455577725], [-85.06151359679198, 41.629236644706346], [-85.06133566209378, 41.62923570601358], [-85.06126100041556, 41.62920720211182], [-85.06106539765233, 41.629093751072844], [-85.06094497040365, 41.62895257873833], [-85.06081516743836, 41.62881136513572], [-85.06067522429014, 41.62875440797525], [-85.06053475023758, 41.62875366668446], [-85.06046047932652, 41.62868301773772], [-85.0604708449866, 41.62857766628096], [-85.06063030672931, 41.62855040429147], [-85.06077019508031, 41.6286143736947], [-85.060956433805, 41.6287277839468], [-85.06104916509516, 41.628826644842626], [-85.06125387677535, 41.62896826732899], [-85.06140292075571, 41.6290533697253], [-85.06163612520011, 41.62915297073659], [-85.06202880935352, 41.629225297132194]], [[-85.06202161744135, 41.63321776811336], [-85.06196407226257, 41.63326034572704], [-85.06188466298808, 41.63326230893606], [-85.06182129492963, 41.633247682893206], [-85.06166277192638, 41.633220637059175], [-85.06150423365179, 41.633195986143285], [-85.06141557711976, 41.6331693162789], [-85.06140338787968, 41.63311445106519], [-85.06135273816899, 41.633097509282585], [-85.06129264896134, 41.63307099178847], [-85.06117837966393, 41.63306561980406], [-85.06105502570406, 41.63301494815833], [-85.06102062292364, 41.632957591191236], [-85.06097310384173, 41.6329454231311], [-85.0608586449998, 41.632961506213576], [-85.06079230800933, 41.63292541494902], [-85.06078329611042, 41.63287057168452], [-85.06085363240051, 41.632818542952286], [-85.06092702655586, 41.6327808079786], [-85.06098485111069, 41.632709641753586], [-85.06105792187255, 41.63270526209475], [-85.06113077434378, 41.632724707697065], [-85.06120668288358, 41.63275607901008], [-85.06128901617433, 41.632780333958095], [-85.06136495435857, 41.63280932104291], [-85.0613931390006, 41.63285235011822], [-85.0614177959585, 41.63293109512483], [-85.06144264425758, 41.63299077923972], [-85.0615121280465, 41.63303164691063], [-85.06159121302916, 41.63306303687382], [-85.06166400531326, 41.6330896208412], [-85.06174939736755, 41.63312581004019], [-85.06183151326599, 41.63317387987333], [-85.06192343337743, 41.633191043202096], [-85.06203139290827, 41.63319161524586], [-85.06202161744135, 41.63321776811336]]]}, "properties": {"id": "silver-lake-steuben", "name": "Silver Lake", "county": "Steuben", "county2": null, "acres": 202.0, "max_depth_ft": 39, "survey_date": "2014-07-01", "contour_interval_ft": 5, "has_contours": true, "pdf_url": "https://www.in.gov/dnr/fish-and-wildlife/files/depth/fw-Silver_Lake_Bathymetry_Steuben_County_c_July_2014.pdf", "bbox": [-85.075204, 41.624145, -85.05847, 41.635458], "source": "Indiana DNR Fish & Wildlife Lake Depth Maps (PDF digitized)", "source_url": "https://www.in.gov/dnr/fish-and-wildlife/fishing/lake-depth-maps/", "precision_note": "Restored Steuben Silver digitized contours; georef nhd:Silver Lake; Warp IoU=0.905; PDF acres 202 vs OSM/NHD ~360 \u2014 likely marsh inclusion; left review if acre gate fails; Acre mismatch shoreline 383.2 vs PDF 202.0 (ratio=1.90)", "note": null, "contour_method": "traced_from_pdf", "georef_method": "nhd", "depth_assignment": "hand_visual_confirmed_intervals", "needs_review": true, "review_priority": "medium", "review_notes": "Restored Steuben Silver digitized contours; georef nhd:Silver Lake; Warp IoU=0.905; PDF acres 202 vs OSM/NHD ~360 \u2014 likely marsh inclusion; left review if acre gate fails; Acre mismatch shoreline 383.2 vs PDF 202.0 (ratio=1.90)", "line_style": "solid", "data_quality": "needs_review", "min_contour_ft": 0, "max_contour_ft": 35, "shore_iou": 0.905}}, {"type": "Feature", "geometry": {"type": "Point", "coordinates": [-85.012238, 41.725271]}, "properties": {"id": "big-otter-lake-steuben", "name": "Big Otter Lake", "county": "Steuben", "county2": null, "acres": 69.6, "max_depth_ft": 40, "survey_date": "2015-07-28", "contour_interval_ft": 5, "has_contours": true, "pdf_url": "https://www.in.gov/dnr/fish-and-wildlife/files/depth/fw-BigOtter_Lake_Bathymetric_Steuben_County_c_July_2015.pdf", "bbox": [-85.017059, 41.722601, -85.007417, 41.727942], "source": "Indiana DNR Fish & Wildlife Lake Depth Maps (PDF digitized)", "source_url": "https://www.in.gov/dnr/fish-and-wildlife/fishing/lake-depth-maps/", "precision_note": "Digitized from DNR bathymetry PDF; georeferenced to OSM shoreline. Suitable for structure/relative depth while trolling \u2014 not navigation-grade or a sonar substitute. contour_method=traced_from_pdf; georef=osm; Depth labels on traced lines were assigned by distance-from-shore binning to survey intervals (not OCR of each label); occasional band swaps possible in multi-basin lakes.", "note": null, "contour_method": "traced_from_pdf", "georef_method": "osm", "depth_assignment": "distance_from_shore_bins", "needs_review": false, "review_priority": null, "review_notes": "Depth labels on traced lines were assigned by distance-from-shore binning to survey intervals (not OCR of each label); occasional band swaps possible in multi-basin lakes.", "line_style": "solid", "data_quality": "pdf_digitized", "min_contour_ft": 0, "max_contour_ft": 40}}, {"type": "Feature", "geometry": {"type": "Point", "coordinates": [-85.023927, 41.626753]}, "properties": {"id": "fox-lake-steuben", "name": "Fox Lake", "county": "Steuben", "county2": null, "acres": 146.5, "max_depth_ft": 55, "survey_date": "2015-08-10", "contour_interval_ft": 5, "has_contours": true, "pdf_url": "https://www.in.gov/dnr/fish-and-wildlife/files/depth/fw-Fox_Lake_Bathymetric_Steuben_County_c_August_2015.pdf", "bbox": [-85.031954, 41.622807, -85.015899, 41.6307], "source": "Indiana DNR Fish & Wildlife Lake Depth Maps (PDF digitized)", "source_url": "https://www.in.gov/dnr/fish-and-wildlife/fishing/lake-depth-maps/", "precision_note": "Digitized from DNR bathymetry PDF; georeferenced to OSM shoreline. Suitable for structure/relative depth while trolling \u2014 not navigation-grade or a sonar substitute. contour_method=traced_from_pdf; georef=osm; Depth labels on traced lines were assigned by distance-from-shore binning to survey intervals (not OCR of each label); occasional band swaps possible in multi-basin lakes.", "note": null, "contour_method": "traced_from_pdf", "georef_method": "osm", "depth_assignment": "distance_from_shore_bins", "needs_review": false, "review_priority": null, "review_notes": "Depth labels on traced lines were assigned by distance-from-shore binning to survey intervals (not OCR of each label); occasional band swaps possible in multi-basin lakes.", "line_style": "solid", "data_quality": "pdf_digitized", "min_contour_ft": 0, "max_contour_ft": 55}}, {"type": "Feature", "geometry": {"type": "Polygon", "coordinates": [[[-85.12423409999998, 41.7032556], [-85.12422359999998, 41.70272799999999], [-85.12408399999998, 41.7025293], [-85.1235346, 41.7023883], [-85.1225476, 41.702292199999995], [-85.1219811, 41.7021128], [-85.1214146, 41.7018821], [-85.12078809999998, 41.70176669999999], [-85.12031599999999, 41.70174109999999], [-85.11974949999998, 41.70165140000001], [-85.1193976, 41.701446299999986], [-85.11901419999998, 41.700965], [-85.11905529999999, 41.700800400000006], [-85.1188909, 41.7006017], [-85.1185736, 41.700337700000006], [-85.1179557, 41.699703199999995], [-85.11742349999999, 41.699344399999994], [-85.116651, 41.69894699999999], [-85.1162991, 41.698825299999996], [-85.114655, 41.6985805], [-85.1139312, 41.69860599999999], [-85.1133648, 41.698557], [-85.1128745, 41.69833179999999], [-85.11211059999998, 41.6980242], [-85.11169859999998, 41.6978127], [-85.11110639999998, 41.6974602], [-85.11012109999999, 41.69681679999999], [-85.1088834, 41.6968642], [-85.1081023, 41.6966912], [-85.10742419999998, 41.696473299999994], [-85.10709529999998, 41.6963161], [-85.1068424, 41.6961134], [-85.1062817, 41.6959893], [-85.1058174, 41.696126], [-85.1054541, 41.69635519999999], [-85.10445449999999, 41.6972423], [-85.1038494, 41.69812259999999], [-85.10392119999999, 41.6992141], [-85.1040604, 41.6995467], [-85.1038191, 41.7002934], [-85.1041663, 41.7007722], [-85.1043999, 41.7013397], [-85.1045413, 41.7015815], [-85.10472239999999, 41.7018103], [-85.10491819999999, 41.70200160000001], [-85.10503689999999, 41.70224339999999], [-85.1055672, 41.702605], [-85.1059522, 41.7028211], [-85.1067376, 41.70338159999999], [-85.1071194, 41.703725399999996], [-85.10735939999999, 41.70404489999999], [-85.1075065, 41.7043022], [-85.10761689999998, 41.70457449999999], [-85.10777179999998, 41.70519959999999], [-85.1079708, 41.705692199999994], [-85.1082023, 41.7061563], [-85.108507, 41.706626899999996], [-85.10872559999999, 41.7068612], [-85.10939829999998, 41.7074826], [-85.1101134, 41.7080824], [-85.11157819999998, 41.7088569], [-85.11230959999999, 41.7091783], [-85.1129438, 41.7092178], [-85.1135077, 41.7091723], [-85.11390259999999, 41.709084399999995], [-85.1144646, 41.7088805], [-85.11443359999998, 41.7083989], [-85.1144965, 41.70818319999999], [-85.11466689999999, 41.70786139999999], [-85.1148361, 41.70761009999998], [-85.1156095, 41.70700480000001], [-85.11609489999998, 41.7066908], [-85.11652509999999, 41.706493599999995], [-85.11706399999998, 41.7063101], [-85.1176381, 41.7061883], [-85.1183323, 41.70621439999999], [-85.1191487, 41.705906299999995], [-85.11953129999999, 41.7059318], [-85.11973299999998, 41.7060473], [-85.12024079999999, 41.7060903], [-85.120419, 41.705996], [-85.12061639999999, 41.70593199999999], [-85.12143449999999, 41.70542069999999], [-85.1218522, 41.7052084], [-85.12269689999998, 41.70491069999999], [-85.1231073, 41.70472939999999], [-85.1236177, 41.70477679999999], [-85.1238729, 41.7046353], [-85.1240257, 41.7044422], [-85.1241411, 41.703921199999996], [-85.1242213, 41.703682799999996], [-85.12423409999998, 41.7032556]]]}, "properties": {"id": "gage-lake-steuben", "name": "Gage Lake", "county": "Steuben", "county2": null, "acres": 334.1, "max_depth_ft": 68, "survey_date": "2015-08-04", "contour_interval_ft": 5, "has_contours": true, "pdf_url": "https://www.in.gov/dnr/fish-and-wildlife/files/depth/fw-Gage_Lake_Bathymetric_Steuben_County_c_August_2015.pdf", "bbox": [-85.124234, 41.695989, -85.103819, 41.709218], "source": "Indiana DNR Fish & Wildlife Lake Depth Maps (PDF digitized)", "source_url": "https://www.in.gov/dnr/fish-and-wildlife/fishing/lake-depth-maps/", "precision_note": "Shoreline confirmed vs osm:way/32793710 (IoU=0.998); Kept existing contour depths (distance_from_shore_bins); Acre mismatch 599.4 vs PDF 334.1", "note": null, "contour_method": "traced_from_pdf", "georef_method": "osm", "depth_assignment": "distance_from_shore_bins", "needs_review": true, "review_priority": "medium", "review_notes": "Georef IoU=0.998 OK. Acre mismatch shoreline 599.4 vs PDF 334.1 (ratio=1.79). Shoreline georef IoU OK vs OSM/NHD, but shoreline acres differ >10% from PDF survey acres (often OSM/NHD includes marsh/wetland or a dual-basin neighbor). Depths retained; needs_review kept.", "line_style": "solid", "data_quality": "needs_review", "min_contour_ft": 0, "max_contour_ft": 65, "shore_iou": 0.998}}, {"type": "Feature", "geometry": {"type": "Polygon", "coordinates": [[[-84.93129089999998, 41.550538499999995], [-84.9312821, 41.550318299999994], [-84.93097089999999, 41.549952999999995], [-84.9307, 41.5497061], [-84.9300724, 41.5495114], [-84.92985589999999, 41.5491755], [-84.9300088, 41.549049100000005], [-84.9300938, 41.548907199999995], [-84.9303674, 41.5480199], [-84.9305096, 41.5477931], [-84.93064099999998, 41.54770679999999], [-84.9308341, 41.5473936], [-84.93085289999999, 41.54724709999999], [-84.9307832, 41.5468777], [-84.93084219999999, 41.54623329999999], [-84.93092800000001, 41.5460185], [-84.9309387, 41.54584390000001], [-84.93088780000001, 41.54569729999999], [-84.93075099999999, 41.545520700000004], [-84.9305874, 41.54537409999999], [-84.9300724, 41.545069000000005], [-84.92991149999999, 41.54501079999999], [-84.9293509, 41.5449164], [-84.929147, 41.544846199999995], [-84.92867040000002, 41.5445364], [-84.9284523, 41.5443423], [-84.92829939999999, 41.5441697], [-84.92814119999998, 41.54405119999999], [-84.92802319999998, 41.543906699999994], [-84.9279937, 41.543734], [-84.9278228, 41.5435186], [-84.9277067, 41.543306399999985], [-84.9276933, 41.5430254], [-84.9276155, 41.542949099999994], [-84.92729899999999, 41.5428146], [-84.9271273, 41.543009299999994], [-84.9268438, 41.54322350000001], [-84.926538, 41.54334999999999], [-84.9256878, 41.5435227], [-84.92535519999998, 41.543625], [-84.92511299999998, 41.5437702], [-84.92484019999999, 41.54402249999999], [-84.9246471, 41.54424740000001], [-84.92444319999998, 41.5445445], [-84.9242305, 41.54477789999999], [-84.92354929999999, 41.5454785], [-84.9234481, 41.54555620000001], [-84.9232998, 41.5455749], [-84.92315229999998, 41.5455347], [-84.9228358, 41.545346], [-84.9227526, 41.5452657], [-84.92273919999998, 41.54521359999998], [-84.9227661, 41.545129200000005], [-84.92316569999998, 41.5447438], [-84.9230638, 41.54439049999999], [-84.92312549999998, 41.54407930000001], [-84.92325959999998, 41.5438404], [-84.92342859999998, 41.5436236], [-84.923568, 41.5432563], [-84.92380139999999, 41.543131800000005], [-84.92417419999998, 41.5430254], [-84.9252605, 41.54296120000001], [-84.9254107, 41.54290090000001], [-84.9257513, 41.542615899999994], [-84.9260383, 41.5424292], [-84.926556, 41.54215810000001], [-84.9268162, 41.5422384], [-84.92698249999998, 41.542318699999996], [-84.9278676, 41.5415177], [-84.9280366, 41.5411744], [-84.9280795, 41.5410439], [-84.92806069999999, 41.54089940000001], [-84.92796949999999, 41.5406946], [-84.92763689999998, 41.5401265], [-84.92724799999999, 41.539897599999996], [-84.9267607, 41.53949349999999], [-84.92667939999998, 41.5393997], [-84.92663380000002, 41.539257199999994], [-84.92637629999999, 41.539044399999995], [-84.9262771, 41.5389139], [-84.92616709999999, 41.538666899999996], [-84.926033, 41.5384441], [-84.9257943, 41.538201099999995], [-84.9257084, 41.5380666], [-84.92553679999999, 41.537875899999996], [-84.9244907, 41.537269599999995], [-84.9239972, 41.5371551], [-84.9237316, 41.5371351], [-84.92338909999998, 41.53718059999999], [-84.9231818, 41.5371692], [-84.92285719999998, 41.5372154], [-84.9227339, 41.5372796], [-84.9224879, 41.5373091], [-84.92225369999998, 41.5372856], [-84.92159389999999, 41.53714110000001], [-84.92130419999998, 41.53703269999999], [-84.920808, 41.5367536], [-84.92055319999999, 41.5367175], [-84.92033059999999, 41.5367255], [-84.9199935, 41.5368735], [-84.91963139999999, 41.5371304], [-84.9190091, 41.53766650000001], [-84.9188294, 41.537895400000004], [-84.91876769999999, 41.5381002], [-84.91880789999999, 41.538332999999994], [-84.91894939999999, 41.53861669999999], [-84.9191479, 41.538867700000004], [-84.9194134, 41.5390745], [-84.91932489999999, 41.5391528], [-84.91900039999999, 41.53896809999999], [-84.918657, 41.5387171], [-84.9185417, 41.5385906], [-84.91831369999998, 41.537875899999996], [-84.9182279, 41.53770319999999], [-84.9180348, 41.53756069999999], [-84.9176861, 41.537378], [-84.91734279999999, 41.5372595], [-84.91694309999998, 41.53718729999999], [-84.91651399999999, 41.5371351], [-84.9160741, 41.5370407], [-84.91560469999999, 41.537030699999995], [-84.9146766, 41.5368841], [-84.9145962, 41.5368359], [-84.91452379999998, 41.53658899999999], [-84.9145801, 41.5364685], [-84.91477319999998, 41.536418299999994], [-84.9152801, 41.5363822], [-84.9157281, 41.53629380000001], [-84.9157281, 41.53623759999999], [-84.9155001, 41.536075000000004], [-84.9153552, 41.535894299999995], [-84.91507629999998, 41.5356554], [-84.914688, 41.5353837], [-84.91445669999999, 41.53515539999999], [-84.91429379999998, 41.5348476], [-84.9141757, 41.534783399999995], [-84.9141858, 41.5346957], [-84.91406579999999, 41.5345766], [-84.9138861, 41.5343437], [-84.9138452, 41.5342258], [-84.91374319999998, 41.534127399999996], [-84.91351789999999, 41.53403509999999], [-84.91322819999999, 41.5339909], [-84.9130331, 41.5340124], [-84.91287689999999, 41.5341074], [-84.9124075, 41.534890399999995], [-84.9123109, 41.5351032], [-84.9122895, 41.5353763], [-84.9123062, 41.5355544], [-84.91221769999999, 41.53595189999999], [-84.912209, 41.536199499999995], [-84.9122331, 41.5364705], [-84.9123163, 41.53656089999999], [-84.91253359999999, 41.536609], [-84.913188, 41.5366733], [-84.9132792, 41.53674149999999], [-84.91332209999999, 41.536970399999994], [-84.9133919, 41.53714709999999], [-84.9136386, 41.53734789999999], [-84.9140356, 41.5376069], [-84.914286, 41.5376746], [-84.9145023, 41.537633], [-84.9145854, 41.5375928], [-84.9149261, 41.53755269999999], [-84.9150253, 41.537578800000006], [-84.9150897, 41.537635], [-84.91509570000001, 41.53771869999999], [-84.9150146, 41.537769499999996], [-84.91452910000001, 41.537789599999996], [-84.91430649999998, 41.537709299999996], [-84.9142126, 41.537835699999995], [-84.91430649999998, 41.5380405], [-84.91454789999999, 41.53823129999999], [-84.91476249999998, 41.5383738], [-84.9150736, 41.538500299999995], [-84.9152426, 41.53860269999999], [-84.915543, 41.5388837], [-84.91581119999998, 41.539062400000006], [-84.91600699999998, 41.53924309999999], [-84.91611429999999, 41.53930739999999], [-84.9162491, 41.53966609999999], [-84.9163296, 41.5399853], [-84.9162806, 41.5402469], [-84.91619809999999, 41.54045709999999], [-84.9160258, 41.5407147], [-84.9159346, 41.540959599999994], [-84.9159587, 41.5411343], [-84.9160607, 41.5414856], [-84.91600499999998, 41.541617499999994], [-84.91554900000001, 41.542169599999994], [-84.91546789999998, 41.5423087], [-84.91546519999999, 41.5424051], [-84.9155296, 41.5425335], [-84.91568249999999, 41.5427022], [-84.91591309999998, 41.5427985], [-84.9162886, 41.54285070000001], [-84.91633159999999, 41.5428869], [-84.9161364, 41.5432958], [-84.9160211, 41.543747499999995], [-84.9159004, 41.543980399999995], [-84.91486439999998, 41.5449446], [-84.91473099999999, 41.54512059999999], [-84.91458809999999, 41.54550059999999], [-84.9145432, 41.5460219], [-84.91455859999999, 41.54633369999999], [-84.91466589999999, 41.5466167], [-84.9150823, 41.547334799999994], [-84.91517079999998, 41.5476279], [-84.9152184, 41.54793759999999], [-84.91540619999999, 41.5484073], [-84.9154256, 41.54853920000001], [-84.91513329999998, 41.54898889999999], [-84.91495289999999, 41.5493387], [-84.9147947, 41.549557500000006], [-84.9145861, 41.549737599999986], [-84.9142669, 41.549902200000005], [-84.9136554, 41.5503257], [-84.9133141, 41.5504568], [-84.913009, 41.5505224], [-84.91277559999999, 41.5506389], [-84.9125986, 41.55078939999999], [-84.9123217, 41.5509546], [-84.91222579999999, 41.5510724], [-84.9120642, 41.5511674], [-84.91193009999999, 41.551197499999994], [-84.9118764, 41.55117939999999], [-84.9116491, 41.5511848], [-84.91129499999998, 41.551291199999994], [-84.9110081, 41.55133339999999], [-84.9105782, 41.55112119999999], [-84.91048229999998, 41.5510965], [-84.9105273, 41.5510429], [-84.90944629999998, 41.5505411], [-84.90922969999998, 41.550406], [-84.90922100000002, 41.550332399999995], [-84.90928879999998, 41.5501692], [-84.90928810000001, 41.550049300000005], [-84.90908159999998, 41.549732199999994], [-84.90863359999999, 41.54932469999999], [-84.90836609999998, 41.5494164], [-84.90800329999999, 41.549144], [-84.90785309999998, 41.548931199999984], [-84.9078236, 41.5487787], [-84.90785579999998, 41.5485719], [-84.90781290000001, 41.5484455], [-84.90779139999998, 41.5482287], [-84.90727369999999, 41.5478553], [-84.9072147, 41.547622499999996], [-84.90726299999999, 41.547409699999996], [-84.9072603, 41.5473073], [-84.90716379999999, 41.54720489999999], [-84.90672929999998, 41.547164800000004], [-84.90618809999998, 41.5471802], [-84.90547199999999, 41.5475456], [-84.90526209999999, 41.547756899999996], [-84.90497509999999, 41.5479215], [-84.90464049999999, 41.54799319999999], [-84.90417379999998, 41.5479852], [-84.9036347, 41.548009300000004], [-84.90364, 41.5483003], [-84.90334769999998, 41.54830229999999], [-84.90335499999999, 41.5483812], [-84.90359109999999, 41.5484013], [-84.9036394, 41.548473599999994], [-84.9036588, 41.5486275], [-84.90371979999999, 41.5488168], [-84.9037681, 41.548881099999996], [-84.9039693, 41.548901099999995], [-84.9040739, 41.5488289], [-84.90423209999999, 41.5488048], [-84.9043421, 41.54886499999999], [-84.90447619999999, 41.5491199], [-84.90449299999999, 41.5493943], [-84.90444199999999, 41.5496894], [-84.9044682, 41.5498305], [-84.9045781, 41.5500072], [-84.904782, 41.55025810000001], [-84.90534790000001, 41.55086429999999], [-84.9054257, 41.5509365], [-84.905651, 41.551051], [-84.9058334, 41.55104899999999], [-84.9059648, 41.5509707], [-84.9060909, 41.5509526], [-84.90624909999998, 41.55102289999999], [-84.90635639999999, 41.5512818], [-84.9065576, 41.551623], [-84.9066112, 41.5520064], [-84.90670309999999, 41.5522647], [-84.90690429999998, 41.55255379999999], [-84.90726569999998, 41.5528434], [-84.9078209, 41.553158599999996], [-84.9086417, 41.553825], [-84.9091486, 41.554136099999994], [-84.90955629999999, 41.55459170000001], [-84.90987009999999, 41.55498310000001], [-84.91068019999999, 41.5563138], [-84.9108733, 41.5564904], [-84.91099129999999, 41.556564699999996], [-84.9110557, 41.55678149999999], [-84.9110081, 41.556923399999995], [-84.9108545, 41.5569982], [-84.91079819999999, 41.5571789], [-84.9107613, 41.55749339999999], [-84.9108384, 41.55760039999999], [-84.91110659999998, 41.557773], [-84.91122729999998, 41.5576967], [-84.9114553, 41.557656599999994], [-84.9116699, 41.557708700000006], [-84.9117638, 41.5578251], [-84.91175910000001, 41.55793889999999], [-84.91138619999998, 41.5581035], [-84.911228, 41.558300200000005], [-84.911171, 41.5584955], [-84.9111817, 41.5585758], [-84.911399, 41.55872829999999], [-84.91150359999999, 41.558762400000006], [-84.9119596, 41.558738399999996], [-84.9120561, 41.5587584], [-84.9121715, 41.55882869999999], [-84.91223919999999, 41.5591091], [-84.91225729999998, 41.5601152], [-84.9123036, 41.5604598], [-84.9122285, 41.5605681], [-84.9119576, 41.5607789], [-84.9115485, 41.56080159999999], [-84.9112997, 41.56071319999999], [-84.9110878, 41.5606992], [-84.91067479999998, 41.5607112], [-84.9105326, 41.5607674], [-84.91037499999999, 41.5612425], [-84.9103804, 41.5613167], [-84.91047360000002, 41.5613374], [-84.9105246, 41.56127719999999], [-84.91062379999998, 41.5608397], [-84.9107606, 41.5608176], [-84.91151059999999, 41.5608499], [-84.9115535, 41.5608308], [-84.91205879999998, 41.560883800000006], [-84.9120595, 41.56145719999999], [-84.91215269999998, 41.56169870000001], [-84.9122895, 41.561899399999994], [-84.9124853, 41.5621201], [-84.91268909999998, 41.5622947], [-84.9132873, 41.56259579999999], [-84.9135689, 41.5626981], [-84.914741, 41.5630132], [-84.9151192, 41.5630553], [-84.9154116, 41.5630533], [-84.91596459999998, 41.562946999999994], [-84.9162185, 41.5627112], [-84.91646080000001, 41.5626695], [-84.9167393, 41.5625797], [-84.9175305, 41.5624974], [-84.918024, 41.5623389], [-84.91837049999998, 41.5621523], [-84.91871329999998, 41.5621377], [-84.9193732, 41.562288699999996], [-84.9201876, 41.5622559], [-84.92047519999998, 41.5621802], [-84.92105749999999, 41.561823099999984], [-84.9216261, 41.561552199999994], [-84.9225318, 41.5615293], [-84.9228197, 41.5615421], [-84.9233427, 41.56162239999999], [-84.92371559999998, 41.56162839999999], [-84.92396229999999, 41.561534099999996], [-84.9240481, 41.56139759999999], [-84.92409369999999, 41.56123099999999], [-84.92395429999999, 41.56047439999999], [-84.9239301, 41.56016329999999], [-84.923855, 41.5598743], [-84.9239248, 41.5597057], [-84.9242898, 41.559612400000006], [-84.9253651, 41.5596306], [-84.9256571, 41.55945589999999], [-84.92570479999999, 41.55903239999999], [-84.9254436, 41.5585248], [-84.9251513, 41.55848769999999], [-84.9241455, 41.5586972], [-84.9237907, 41.55857379999999], [-84.9237585, 41.5584534], [-84.92379599999998, 41.5582968], [-84.9240052, 41.5578532], [-84.9241045, 41.557738799999996], [-84.92419029999999, 41.55769269999999], [-84.9245119, 41.55761089999999], [-84.9246953, 41.5575053], [-84.92463289999999, 41.5573374], [-84.9245658, 41.5572692], [-84.9245417, 41.5568096], [-84.92447999999999, 41.5566209], [-84.92456039999999, 41.556097], [-84.9245819, 41.55566350000001], [-84.9245658, 41.555199900000005], [-84.9245283, 41.5549731], [-84.9243807, 41.554557599999995], [-84.92437539999999, 41.55440300000001], [-84.92419829999999, 41.55414809999999], [-84.92420099999998, 41.553967499999985], [-84.92430559999998, 41.553650299999994], [-84.92450949999998, 41.55330909999999], [-84.9246471, 41.552840800000006], [-84.9246758, 41.55253629999999], [-84.9246543, 41.5521269], [-84.92461949999999, 41.5519281], [-84.92450949999998, 41.5514103], [-84.92434320000001, 41.5508181], [-84.9243405, 41.5506495], [-84.92441559999999, 41.55051499999999], [-84.92456039999999, 41.55055109999999], [-84.9246758, 41.55053509999999], [-84.92476969999998, 41.55042269999999], [-84.9248957, 41.550338399999994], [-84.9249118, 41.5502701], [-84.92462479999999, 41.54986869999999], [-84.92448269999998, 41.5498366], [-84.92437, 41.5498526], [-84.92427349999998, 41.5499048], [-84.92420369999999, 41.5499148], [-84.9241072, 41.54986869999999], [-84.9237477, 41.54960169999999], [-84.922581, 41.5489834], [-84.92251659999998, 41.5487466], [-84.92255229999999, 41.54870379999999], [-84.9227902, 41.5486462], [-84.9229914, 41.5484113], [-84.9230933, 41.5482307], [-84.9234178, 41.54799779999999], [-84.9237263, 41.547903500000004], [-84.92408299999998, 41.54783119999999], [-84.9244853, 41.5477931], [-84.92478579999998, 41.547779], [-84.9250593, 41.54782120000001], [-84.9255073, 41.54803799999999], [-84.9255797, 41.5481966], [-84.9256065, 41.5486402], [-84.9257969, 41.5488289], [-84.92595519999999, 41.54888309999999], [-84.9262181, 41.548913199999994], [-84.92646749999999, 41.5488911], [-84.9266043, 41.548830900000006], [-84.92678399999998, 41.548830900000006], [-84.9272668, 41.5490095], [-84.9275833, 41.54932269999999], [-84.9277523, 41.549386899999995], [-84.92781129999999, 41.5494351], [-84.9278148, 41.5494867], [-84.9272507, 41.54982249999998], [-84.92707639999999, 41.549959], [-84.9269503, 41.5501577], [-84.9272748, 41.550246], [-84.9273312, 41.5500935], [-84.92743389999998, 41.54998049999999], [-84.9278148, 41.5497436], [-84.92812779999998, 41.549599699999995], [-84.9284416, 41.549557500000006], [-84.9287539, 41.5498023], [-84.9292141, 41.5497612], [-84.9296489, 41.5498872], [-84.92994029999998, 41.550080300000005], [-84.93027799999999, 41.550198900000005], [-84.930369, 41.550333699999996], [-84.9305316, 41.550766], [-84.93084739999999, 41.5508746], [-84.93129089999998, 41.550538499999995]]]}, "properties": {"id": "hamilton-lake-steuben", "name": "Hamilton Lake", "county": "Steuben", "county2": null, "acres": 802, "max_depth_ft": 60, "survey_date": "2022-07-08", "contour_interval_ft": 10, "has_contours": true, "pdf_url": "https://www.in.gov/dnr/fish-and-wildlife/files/depth/fw-hamilton-lake-bathymetry-steuben-county-2022.pdf", "bbox": [-84.931291, 41.533991, -84.903348, 41.563055], "source": "Indiana DNR Fish & Wildlife Lake Depth Maps (PDF digitized)", "source_url": "https://www.in.gov/dnr/fish-and-wildlife/fishing/lake-depth-maps/", "precision_note": "Shoreline confirmed vs osm:relation/2735735 (IoU=0.982); Kept existing contour depths (distance_from_shore_bins); Acre mismatch 1407.2 vs PDF 802", "note": null, "contour_method": "traced_from_pdf", "georef_method": "osm", "depth_assignment": "distance_from_shore_bins", "needs_review": true, "review_priority": "medium", "review_notes": "Georef IoU=0.982 OK. Acre mismatch shoreline 1429.5 vs PDF 802 (ratio=1.78). Shoreline georef IoU OK vs OSM/NHD, but shoreline acres differ >10% from PDF survey acres (often OSM/NHD includes marsh/wetland or a dual-basin neighbor). Depths retained; needs_review kept.", "line_style": "solid", "data_quality": "needs_review", "min_contour_ft": 0, "max_contour_ft": 60, "shore_iou": 0.982}}, {"type": "Feature", "geometry": {"type": "Polygon", "coordinates": [[[-85.00818258119271, 41.72703345406274], [-85.00820934110669, 41.72711058280816], [-85.0082264450297, 41.727146465748305], [-85.00826130056105, 41.72719910412541], [-85.00821878509528, 41.72738447180426], [-85.00815379467943, 41.72747363367508], [-85.00809434776718, 41.727617635815406], [-85.00799311032961, 41.72769792626626], [-85.00778754165663, 41.72772705499487], [-85.00766268930685, 41.72774669515737], [-85.00754894193064, 41.727761059725054], [-85.0074756483866, 41.72776795305375], [-85.00740564806641, 41.72778585210585], [-85.00740406164162, 41.72783508821718], [-85.00743731727343, 41.7279369727902], [-85.00788658630658, 41.72794235026913], [-85.00821266038167, 41.72791539783857], [-85.00825397839317, 41.72788055783977], [-85.00835513588069, 41.727575813139566], [-85.00846347180564, 41.727161708047134], [-85.0084853332064, 41.727049870989276], [-85.00866251331978, 41.72710780989451], [-85.00883036712386, 41.72722854885386], [-85.00904775582936, 41.72739944587436], [-85.00920206124235, 41.72748709523499], [-85.00936525279012, 41.72752562683115], [-85.00979261101517, 41.72753060007571], [-85.00996851102929, 41.72751460966512], [-85.01022329839668, 41.727431627877976], [-85.01036062295586, 41.72736566420629], [-85.01059552431781, 41.72721935521332], [-85.01072848665795, 41.72717522129575], [-85.01095441205361, 41.72708075520786], [-85.01113771598229, 41.72706216608256], [-85.01139672543151, 41.72707505584842], [-85.01159194281747, 41.72702656870044], [-85.01173428267087, 41.72703186781476], [-85.01193166499668, 41.72702995372431], [-85.01219485969683, 41.72702648288482], [-85.01248985655467, 41.72705643990411], [-85.01278166259662, 41.72707264899024], [-85.01322081390472, 41.727165426939564], [-85.01344172670107, 41.727226890204015], [-85.01351832694367, 41.72723100196607], [-85.0136463979571, 41.72722510417195], [-85.01382231234423, 41.72720910899232], [-85.01399926518386, 41.72716029008108], [-85.01414040488804, 41.727088929138276], [-85.01429276904167, 41.72700955306972], [-85.01446660472726, 41.72694425604789], [-85.01471399267166, 41.72686384866971], [-85.0148104375972, 41.72681905211645], [-85.01505260093992, 41.72678782584917], [-85.01530866930491, 41.72677875818779], [-85.0155828971134, 41.726772747048294], [-85.01571089536327, 41.726769577221205], [-85.015836197769, 41.72673624709686], [-85.016001236253, 41.72671732198258], [-85.01614079402395, 41.72669519485091], [-85.01623182300665, 41.726705038891176], [-85.0162336016709, 41.72670290220559], [-85.01643098669167, 41.726741117825604], [-85.0167002171722, 41.726756720245454], [-85.01689256174588, 41.72675372674264], [-85.01690835502691, 41.72675196081054], [-85.01695878824358, 41.726746321090886], [-85.01696078519845, 41.726684019989506], [-85.01696278305165, 41.72662171882771], [-85.01683723001598, 41.726600113935085], [-85.01669711888277, 41.7265847018819], [-85.01651352120503, 41.726583544703914], [-85.01640154710317, 41.726585824197024], [-85.01633105091292, 41.72658509475924], [-85.01633445462954, 41.72658097491058], [-85.01633326705674, 41.726504306792094], [-85.01638240939435, 41.726453183041286], [-85.01642050155566, 41.72640460424395], [-85.0164259875671, 41.72634722184158], [-85.01646587456234, 41.72612894914403], [-85.01649894514122, 41.72600910584427], [-85.01647324344263, 41.725899154086356], [-85.01642083483064, 41.72582430809986], [-85.0162589566198, 41.725744750788856], [-85.01618143470573, 41.72565576016491], [-85.01612554063044, 41.72557537732167], [-85.01608391898837, 41.72550618821871], [-85.01603776085413, 41.725464295782324], [-85.0159842095851, 41.72542501405587], [-85.0158730313906, 41.72536005802455], [-85.01584992043328, 41.725282996904696], [-85.01566926114481, 41.7252201131012], [-85.01549846176489, 41.72516066196083], [-85.01546851372994, 41.725142970018105], [-85.01547451357773, 41.72511449515198], [-85.01540849189591, 41.72503136611692], [-85.01534349429355, 41.7249958909735], [-85.01530186636327, 41.72494559604722], [-85.01530272155942, 41.72491892730353], [-85.01522822786617, 41.724862328679485], [-85.01521001901537, 41.72479530304656], [-85.01516970801529, 41.72462496429649], [-85.01516972418499, 41.72454493483715], [-85.01518203020606, 41.72447845932168], [-85.01519801572654, 41.72429770207821], [-85.01521365000575, 41.724206513010145], [-85.01522711485353, 41.72410385215691], [-85.01524497066643, 41.72402308788843], [-85.01525984586922, 41.72395580325033], [-85.01526737375133, 41.72387970793071], [-85.01526232162615, 41.72379957697294], [-85.0152956024108, 41.72363438479236], [-85.01534199500533, 41.723536128019376], [-85.01534964415997, 41.72345622526398], [-85.01536516974303, 41.72336884395718], [-85.01527213482233, 41.723176603725214], [-85.01508386321012, 41.723018854912866], [-85.01497911695304, 41.722954080159724], [-85.01486799086084, 41.72292921819619], [-85.01478785215434, 41.72288965801253], [-85.01464036675098, 41.722808872774], [-85.01438289791247, 41.72274705730438], [-85.01418255024791, 41.722728206779166], [-85.01393027097677, 41.72274271394], [-85.0137783416077, 41.722720924702166], [-85.0134916272168, 41.72269860577794], [-85.01329183111783, 41.722662611065424], [-85.01312079278604, 41.72260236169801], [-85.01299121170463, 41.7225981162141], [-85.01286553559974, 41.72263015579893], [-85.012662925079, 41.7226817700306], [-85.01254384081166, 41.722746311060995], [-85.01246519420687, 41.7228192242914], [-85.01243296714604, 41.72287199896839], [-85.01244180207686, 41.722914084181035], [-85.01239459471036, 41.72303709924234], [-85.01238324629337, 41.72315313777665], [-85.01239629432288, 41.72322198210786], [-85.01243362830608, 41.723247429281905], [-85.01248747961242, 41.72331318799409], [-85.01252861436761, 41.72337871867834], [-85.01255208824429, 41.72344012924569], [-85.01251544955711, 41.72347186267563], [-85.01248626059859, 41.72350945131545], [-85.01246102782056, 41.723503274934146], [-85.0124391250973, 41.72347239704152], [-85.0123849701604, 41.72341615316403], [-85.01231470843045, 41.72338630306392], [-85.0122570231145, 41.7233604891963], [-85.0121715133809, 41.723330364176356], [-85.01205281628748, 41.72330343931185], [-85.01191670175899, 41.72326478114586], [-85.01183348003444, 41.72324231825864], [-85.0117857938659, 41.72322240517712], [-85.0116745456028, 41.72320133619145], [-85.01159889487947, 41.72318092024121], [-85.01157184840288, 41.72315184778282], [-85.0115088369756, 41.723133559905044], [-85.01143288082507, 41.72312265797807], [-85.01138711615292, 41.723121831952525], [-85.01131171066964, 41.723093800715965], [-85.0112232221226, 41.72307695099219], [-85.0111710659372, 41.723037895097534], [-85.01114450994078, 41.72299359001798], [-85.01110768620063, 41.72287287126015], [-85.01096883630213, 41.72286284091033], [-85.01084330123274, 41.72286810080985], [-85.01085456430977, 41.722903965334616], [-85.01085714157632, 41.72291217600221], [-85.01083576885908, 41.72294419531613], [-85.01076498071637, 41.722963564727074], [-85.0107639009414, 41.7229638610779], [-85.01063872789308, 41.7229806538408], [-85.01055973364025, 41.72298495025568], [-85.01047857175266, 41.72297776408597], [-85.01042529806305, 41.72297299297297], [-85.01034389183368, 41.72297342274865], [-85.01026756467894, 41.722986267742414], [-85.01019043263369, 41.72299924816986], [-85.00994127500817, 41.72307477999164], [-85.00973543773893, 41.72314729391669], [-85.00952416386558, 41.72323114078522], [-85.00940217534493, 41.72330706925465], [-85.0092132138266, 41.72356663913393], [-85.00910349180117, 41.723814301123525], [-85.0090423515646, 41.72397517704962], [-85.00892321429669, 41.72419980367691], [-85.00872689916945, 41.72437157029782], [-85.00862753022766, 41.72445553692227], [-85.00850088304396, 41.72451803730004], [-85.00823304315549, 41.72461992311059], [-85.00810482661498, 41.72465190067549], [-85.00791648403586, 41.72489242884473], [-85.00785972308633, 41.72515438584059], [-85.00781988729506, 41.725403780861384], [-85.00781308884497, 41.72549655719797], [-85.00785585673735, 41.725708855668216], [-85.00787877994678, 41.72580166307534], [-85.00793293308703, 41.72604900201146], [-85.00815167824861, 41.72651828077111], [-85.00831308484393, 41.7268387287601], [-85.00822351382695, 41.726897324212466], [-85.00818487099836, 41.72696232293832], [-85.00818258119271, 41.72703345406274]]]}, "properties": {"id": "west-otter-lake-steuben", "name": "West Otter Lake", "county": "Steuben", "county2": null, "acres": 112.1, "max_depth_ft": 27, "survey_date": "2015-08-09", "contour_interval_ft": 3, "has_contours": true, "pdf_url": "https://www.in.gov/dnr/fish-and-wildlife/files/depth/fw-WestOtter_Lake_Bathymetric_Steuben_County_c_August_2015.pdf", "bbox": [-85.016963, 41.722598, -85.007406, 41.727942], "source": "Indiana DNR Fish & Wildlife Lake Depth Maps (PDF digitized)", "source_url": "https://www.in.gov/dnr/fish-and-wildlife/fishing/lake-depth-maps/", "precision_note": "Re-locked West Otter to NHD Big Otter Lake (126.2 ac vs PDF 112); Dense warp IoU=0.470", "note": null, "contour_method": "traced_from_pdf", "georef_method": "nhd", "depth_assignment": "hand_visual_confirmed_intervals", "needs_review": true, "review_priority": "medium", "review_notes": "Re-locked West Otter to NHD Big Otter Lake (126.2 ac vs PDF 112); Dense warp IoU=0.470", "line_style": "solid", "data_quality": "needs_review", "min_contour_ft": 0, "max_contour_ft": 27, "shore_iou": 0.47}}, {"type": "Feature", "geometry": {"type": "Point", "coordinates": [-85.41284, 41.536818]}, "properties": {"id": "atwood-lake-lagrange", "name": "Atwood Lake", "county": "LaGrange", "county2": null, "acres": 170, "max_depth_ft": 34, "survey_date": "2010-08-24", "contour_interval_ft": 5, "has_contours": true, "pdf_url": "https://www.in.gov/dnr/fish-and-wildlife/files/depth/fw-Atwood_Lake_Bathymetry_LaGrange_County_August_2010.pdf", "bbox": [-85.419447, 41.532886, -85.406232, 41.540751], "source": "Indiana DNR Fish & Wildlife Lake Depth Maps (PDF digitized)", "source_url": "https://www.in.gov/dnr/fish-and-wildlife/files/depth/fw-Atwood_Lake_Bathymetry_LaGrange_County_August_2010.pdf", "precision_note": "Digitized from DNR PDF; labeled interval 5 ft; max labeled contour 30 ft (map max depth 34 ft). Georef IoU\u22480.51. Structure aid only \u2014 not navigation/sonar. contour_method=traced_from_pdf; georef=osm; Depth labels on traced lines were assigned by distance-from-shore binning to survey intervals (not OCR of each label); occasional band swaps possible in multi-basin lakes.", "note": null, "needs_review": false, "review_notes": "Depth labels on traced lines were assigned by distance-from-shore binning to survey intervals (not OCR of each label); occasional band swaps possible in multi-basin lakes.", "min_contour_ft": 5, "max_contour_ft": 30, "data_quality": "pdf_digitized", "contour_method": "traced_from_pdf", "georef_method": "osm", "depth_assignment": "distance_from_shore_bins", "review_priority": null, "line_style": "solid"}}, {"type": "Feature", "geometry": {"type": "Point", "coordinates": [-85.234948, 41.55766]}, "properties": {"id": "big-long-lake-lagrange", "name": "Big Long Lake", "county": "LaGrange", "county2": null, "acres": 365, "max_depth_ft": 84, "survey_date": "2008-08-07", "contour_interval_ft": 5, "has_contours": true, "pdf_url": "https://www.in.gov/dnr/fish-and-wildlife/files/depth/fw-Big_Long_Lake_Bathymetry_Compressed_Lagrange_County_August_2008.pdf", "bbox": [-85.251749, 41.546015, -85.218147, 41.569305], "source": "Indiana DNR Fish & Wildlife Lake Depth Maps (PDF digitized)", "source_url": "https://www.in.gov/dnr/fish-and-wildlife/files/depth/fw-Big_Long_Lake_Bathymetry_Compressed_Lagrange_County_August_2008.pdf", "precision_note": "Digitized from DNR PDF; labeled interval 5 ft; max labeled contour 80 ft (map max depth 84 ft). Georef IoU\u22480.30. Structure aid only \u2014 not navigation/sonar. contour_method=traced_from_pdf; georef=osm; Depth labels on traced lines were assigned by distance-from-shore binning to survey intervals (not OCR of each label); occasional band swaps possible in multi-basin lakes.", "note": null, "needs_review": false, "review_notes": "Large multi-basin lake; arms may georef weaker; low shoreline IoU (0.30); Depth labels on traced lines were assigned by distance-from-shore binning to survey intervals (not OCR of each label); occasional band swaps possible in multi-basin lakes.", "min_contour_ft": 5, "max_contour_ft": 80, "data_quality": "pdf_digitized", "contour_method": "traced_from_pdf", "georef_method": "osm", "depth_assignment": "distance_from_shore_bins", "review_priority": null, "line_style": "solid"}}, {"type": "Feature", "geometry": {"type": "Point", "coordinates": [-85.219019, 41.597398]}, "properties": {"id": "little-turkey-lake-lagrange", "name": "Little Turkey Lake", "county": "LaGrange", "county2": null, "acres": 135, "max_depth_ft": 33, "survey_date": "2007-07-31", "contour_interval_ft": 5, "has_contours": true, "pdf_url": "https://www.in.gov/dnr/fish-and-wildlife/files/depth/fw-Little_Turkey_Lake_Bathymetry_LaGrange_County_July_2007.pdf", "bbox": [-85.226461, 41.593094, -85.211577, 41.601703], "source": "Indiana DNR Fish & Wildlife Lake Depth Maps (PDF digitized)", "source_url": "https://www.in.gov/dnr/fish-and-wildlife/files/depth/fw-Little_Turkey_Lake_Bathymetry_LaGrange_County_July_2007.pdf", "precision_note": "Digitized from DNR PDF; labeled interval 5 ft; max labeled contour 30 ft (map max depth 33 ft). Georef IoU\u22480.44. Structure aid only \u2014 not navigation/sonar. contour_method=traced_from_pdf; georef=osm; Depth labels on traced lines were assigned by distance-from-shore binning to survey intervals (not OCR of each label); occasional band swaps possible in multi-basin lakes.", "note": null, "needs_review": false, "review_notes": "low shoreline IoU (0.44); Depth labels on traced lines were assigned by distance-from-shore binning to survey intervals (not OCR of each label); occasional band swaps possible in multi-basin lakes.", "min_contour_ft": 5, "max_contour_ft": 30, "data_quality": "pdf_digitized", "contour_method": "traced_from_pdf", "georef_method": "osm", "depth_assignment": "distance_from_shore_bins", "review_priority": null, "line_style": "solid"}}, {"type": "Feature", "geometry": {"type": "Point", "coordinates": [-85.607421, 41.686203]}, "properties": {"id": "shipshewana-lake-lagrange", "name": "Shipshewana Lake", "county": "LaGrange", "county2": null, "acres": 202, "max_depth_ft": 17, "survey_date": "2011-05-17", "contour_interval_ft": 2, "has_contours": true, "pdf_url": "https://www.in.gov/dnr/fish-and-wildlife/files/depth/fw-Shipshewana_Lake_Bathymetry_Lagrange_County_May_c_2011.pdf", "bbox": [-85.616473, 41.679396, -85.598369, 41.69301], "source": "Indiana DNR Fish & Wildlife Lake Depth Maps (PDF digitized)", "source_url": "https://www.in.gov/dnr/fish-and-wildlife/files/depth/fw-Shipshewana_Lake_Bathymetry_Lagrange_County_May_c_2011.pdf", "precision_note": "Digitized from DNR PDF; labeled interval 2 ft; max labeled contour 16 ft (map max depth 17 ft). Georef IoU\u22480.47. Structure aid only \u2014 not navigation/sonar. contour_method=traced_from_pdf; georef=osm; Depth labels on traced lines were assigned by distance-from-shore binning to survey intervals (not OCR of each label); occasional band swaps possible in multi-basin lakes.", "note": null, "needs_review": false, "review_notes": "Depth labels on traced lines were assigned by distance-from-shore binning to survey intervals (not OCR of each label); occasional band swaps possible in multi-basin lakes.", "min_contour_ft": 2, "max_contour_ft": 16, "data_quality": "pdf_digitized", "contour_method": "traced_from_pdf", "georef_method": "osm", "depth_assignment": "distance_from_shore_bins", "review_priority": null, "line_style": "solid"}}, {"type": "Feature", "geometry": {"type": "Point", "coordinates": [-85.654971, 41.745263]}, "properties": {"id": "stone-lake-lagrange", "name": "Stone Lake", "county": "LaGrange", "county2": null, "acres": 116, "max_depth_ft": 31, "survey_date": "2011-08-18", "contour_interval_ft": 5, "has_contours": true, "pdf_url": "https://www.in.gov/dnr/fish-and-wildlife/files/depth/fw-Stone_Lake_Bathymetry_LaGrange_County_c_August_2011.pdf", "bbox": [-85.660189, 41.741803, -85.649752, 41.748723], "source": "Indiana DNR Fish & Wildlife Lake Depth Maps (PDF digitized)", "source_url": "https://www.in.gov/dnr/fish-and-wildlife/files/depth/fw-Stone_Lake_Bathymetry_LaGrange_County_c_August_2011.pdf", "precision_note": "Digitized from DNR PDF; labeled interval 5 ft; max labeled contour 30 ft (map max depth 31 ft). Georef IoU\u22480.59. Structure aid only \u2014 not navigation/sonar. contour_method=traced_from_pdf; georef=osm; Depth labels on traced lines were assigned by distance-from-shore binning to survey intervals (not OCR of each label); occasional band swaps possible in multi-basin lakes.", "note": null, "needs_review": false, "review_notes": "Depth labels on traced lines were assigned by distance-from-shore binning to survey intervals (not OCR of each label); occasional band swaps possible in multi-basin lakes.", "min_contour_ft": 5, "max_contour_ft": 30, "data_quality": "pdf_digitized", "contour_method": "traced_from_pdf", "georef_method": "osm", "depth_assignment": "distance_from_shore_bins", "review_priority": null, "line_style": "solid"}}, {"type": "Feature", "geometry": {"type": "Point", "coordinates": [-85.330172, 41.554033]}, "properties": {"id": "adams-lake-lagrange", "name": "Adams Lake", "county": "LaGrange", "county2": null, "acres": null, "max_depth_ft": 90, "survey_date": "2014-07-11", "contour_interval_ft": 10, "has_contours": true, "pdf_url": "https://www.in.gov/dnr/fish-and-wildlife/files/depth/fw-Adams_Lake_Bathymetry_LaGrange_County_c_July_2014.pdf", "bbox": [-85.341792, 41.548346, -85.318551, 41.55972], "source": "Indiana DNR Fish & Wildlife Lake Depth Maps (PDF digitized)", "source_url": "https://www.in.gov/dnr/fish-and-wildlife/files/depth/fw-Adams_Lake_Bathymetry_LaGrange_County_c_July_2014.pdf", "precision_note": "Digitized from DNR PDF; labeled interval 10 ft; max labeled contour 90 ft (map max depth 90 ft). Georef IoU\u22480.92. Structure aid only \u2014 not navigation/sonar. contour_method=traced_from_pdf; georef=osm; Depth labels on traced lines were assigned by distance-from-shore binning to survey intervals (not OCR of each label); occasional band swaps possible in multi-basin lakes.", "note": null, "needs_review": false, "review_notes": "BioBase color-ramp; distance-band depth assignment approximate; Depth labels on traced lines were assigned by distance-from-shore binning to survey intervals (not OCR of each label); occasional band swaps possible in multi-basin lakes.", "min_contour_ft": 10, "max_contour_ft": 90, "data_quality": "pdf_digitized", "contour_method": "traced_from_pdf", "georef_method": "osm", "depth_assignment": "distance_from_shore_bins", "review_priority": null, "line_style": "solid"}}, {"type": "Feature", "geometry": {"type": "Point", "coordinates": [-85.371727, 41.719179]}, "properties": {"id": "meteer-lake-lagrange", "name": "Meteer Lake", "county": "LaGrange", "county2": null, "acres": null, "max_depth_ft": 17, "survey_date": "2013-07-31", "contour_interval_ft": 1, "has_contours": true, "pdf_url": "https://www.in.gov/dnr/fish-and-wildlife/files/depth/fw-Meteer_Lake_Bathymetry_LaGrange_County_c_July_2013.pdf", "bbox": [-85.373554, 41.717477, -85.3699, 41.720881], "source": "Indiana DNR Fish & Wildlife Lake Depth Maps (PDF digitized)", "source_url": "https://www.in.gov/dnr/fish-and-wildlife/files/depth/fw-Meteer_Lake_Bathymetry_LaGrange_County_c_July_2013.pdf", "precision_note": "Digitized from DNR PDF; labeled interval 1 ft; max labeled contour 17 ft (map max depth 17 ft). Georef IoU\u22480.91. Structure aid only \u2014 not navigation/sonar. contour_method=traced_from_pdf; georef=osm; Depth labels on traced lines were assigned by distance-from-shore binning to survey intervals (not OCR of each label); occasional band swaps possible in multi-basin lakes.", "note": null, "needs_review": false, "review_notes": "Legend 2'\u201317'; 1-ft bands inferred \u2014 verify on PDF; Depth labels on traced lines were assigned by distance-from-shore binning to survey intervals (not OCR of each label); occasional band swaps possible in multi-basin lakes.", "min_contour_ft": 2, "max_contour_ft": 17, "data_quality": "pdf_digitized", "contour_method": "traced_from_pdf", "georef_method": "osm", "depth_assignment": "distance_from_shore_bins", "review_priority": null, "line_style": "solid"}}, {"type": "Feature", "geometry": {"type": "Point", "coordinates": [-85.332517, 41.528222]}, "properties": {"id": "nauvoo-lake-lagrange", "name": "Nauvoo Lake", "county": "LaGrange", "county2": null, "acres": null, "max_depth_ft": 27, "survey_date": "2014-08-01", "contour_interval_ft": 2, "has_contours": true, "pdf_url": "https://www.in.gov/dnr/fish-and-wildlife/files/depth/fw-Nauvoo_Lake_Bathymetry_LaGrange_County_c_August_2014.pdf", "bbox": [-85.336208, 41.525589, -85.328826, 41.530855], "source": "Indiana DNR Fish & Wildlife Lake Depth Maps (PDF digitized)", "source_url": "https://www.in.gov/dnr/fish-and-wildlife/files/depth/fw-Nauvoo_Lake_Bathymetry_LaGrange_County_c_August_2014.pdf", "precision_note": "Digitized from DNR PDF; labeled interval 2 ft; max labeled contour 26 ft (map max depth 27 ft). Georef IoU\u22480.57. Structure aid only \u2014 not navigation/sonar. contour_method=traced_from_pdf; georef=osm; Depth labels on traced lines were assigned by distance-from-shore binning to survey intervals (not OCR of each label); occasional band swaps possible in multi-basin lakes.", "note": null, "needs_review": false, "review_notes": "Island present; BioBase 2-ft \u2014 verify island rings; Depth labels on traced lines were assigned by distance-from-shore binning to survey intervals (not OCR of each label); occasional band swaps possible in multi-basin lakes.", "min_contour_ft": 2, "max_contour_ft": 26, "data_quality": "pdf_digitized", "contour_method": "traced_from_pdf", "georef_method": "osm", "depth_assignment": "distance_from_shore_bins", "review_priority": null, "line_style": "solid"}}, {"type": "Feature", "geometry": {"type": "Point", "coordinates": [-85.353166, 41.712291]}, "properties": {"id": "troxel-lake-lagrange", "name": "Troxel Lake", "county": "LaGrange", "county2": null, "acres": null, "max_depth_ft": 15, "survey_date": "2014-10-01", "contour_interval_ft": 1, "has_contours": true, "pdf_url": "https://www.in.gov/dnr/fish-and-wildlife/files/depth/fw-Troxel_Lake_Bathymetry_LaGrange_County_c_October_2014.pdf", "bbox": [-85.354465, 41.710434, -85.351866, 41.714148], "source": "Indiana DNR Fish & Wildlife Lake Depth Maps (PDF digitized)", "source_url": "https://www.in.gov/dnr/fish-and-wildlife/files/depth/fw-Troxel_Lake_Bathymetry_LaGrange_County_c_October_2014.pdf", "precision_note": "Digitized from DNR PDF; labeled interval 1 ft; max labeled contour 15 ft (map max depth 15 ft). Georef IoU\u22480.67. Structure aid only \u2014 not navigation/sonar. contour_method=traced_from_pdf; georef=osm; Depth labels on traced lines were assigned by distance-from-shore binning to survey intervals (not OCR of each label); occasional band swaps possible in multi-basin lakes.", "note": null, "needs_review": false, "review_notes": "Legend 1'\u201315'; 1-ft bands inferred \u2014 verify on PDF; Depth labels on traced lines were assigned by distance-from-shore binning to survey intervals (not OCR of each label); occasional band swaps possible in multi-basin lakes.", "min_contour_ft": 1, "max_contour_ft": 15, "data_quality": "pdf_digitized", "contour_method": "traced_from_pdf", "georef_method": "osm", "depth_assignment": "distance_from_shore_bins", "review_priority": null, "line_style": "solid"}}, {"type": "Feature", "geometry": {"type": "Point", "coordinates": [-85.655686, 41.738828]}, "properties": {"id": "brokesha-lake-lagrange", "name": "Brokesha Lake", "county": "LaGrange", "county2": null, "acres": null, "max_depth_ft": 25, "survey_date": "2015-07-14", "contour_interval_ft": 5, "has_contours": true, "pdf_url": "https://www.in.gov/dnr/fish-and-wildlife/files/depth/fw-Brokesha_Lake_Bathymetric_LaGrange_County_c_July_2015.pdf", "bbox": [-85.658244, 41.736731, -85.653127, 41.740925], "source": "Indiana DNR Fish & Wildlife Lake Depth Maps (PDF digitized)", "source_url": "https://www.in.gov/dnr/fish-and-wildlife/files/depth/fw-Brokesha_Lake_Bathymetric_LaGrange_County_c_July_2015.pdf", "precision_note": "Digitized from DNR PDF; labeled interval 5 ft; max labeled contour 25 ft (map max depth 25 ft). Georef IoU\u22480.77. Structure aid only \u2014 not navigation/sonar. contour_method=traced_from_pdf; georef=osm; Depth labels on traced lines were assigned by distance-from-shore binning to survey intervals (not OCR of each label); occasional band swaps possible in multi-basin lakes.", "note": null, "needs_review": false, "review_notes": "Depth labels on traced lines were assigned by distance-from-shore binning to survey intervals (not OCR of each label); occasional band swaps possible in multi-basin lakes.", "min_contour_ft": 5, "max_contour_ft": 25, "data_quality": "pdf_digitized", "contour_method": "traced_from_pdf", "georef_method": "osm", "depth_assignment": "distance_from_shore_bins", "review_priority": null, "line_style": "solid"}}, {"type": "Feature", "geometry": {"type": "Point", "coordinates": [-85.367851, 41.73665]}, "properties": {"id": "cedar-lake-lagrange", "name": "Cedar Lake", "county": "LaGrange", "county2": null, "acres": 120, "max_depth_ft": 29, "survey_date": "2017-07-27", "contour_interval_ft": 5, "has_contours": true, "pdf_url": "https://www.in.gov/dnr/fish-and-wildlife/files/depth/fw-Cedar_Lake_Bathymetric_Lagrange_County_July_2017.pdf", "bbox": [-85.373184, 41.730508, -85.362517, 41.742792], "source": "Indiana DNR Fish & Wildlife Lake Depth Maps (PDF digitized)", "source_url": "https://www.in.gov/dnr/fish-and-wildlife/files/depth/fw-Cedar_Lake_Bathymetric_Lagrange_County_July_2017.pdf", "precision_note": "Digitized from DNR PDF; labeled interval 5 ft; max labeled contour 25 ft (map max depth 29 ft). Georef IoU\u22480.74. Structure aid only \u2014 not navigation/sonar. contour_method=traced_from_pdf; georef=osm; Depth labels on traced lines were assigned by distance-from-shore binning to survey intervals (not OCR of each label); occasional band swaps possible in multi-basin lakes.", "note": "LaGrange Cedar (distinct from DeKalb Cedar with contours)", "needs_review": false, "review_notes": "FeatureServer incomplete (5/20/25 only); PDF digitization used; Depth labels on traced lines were assigned by distance-from-shore binning to survey intervals (not OCR of each label); occasional band swaps possible in multi-basin lakes.", "min_contour_ft": 5, "max_contour_ft": 25, "data_quality": "pdf_digitized", "contour_method": "traced_from_pdf", "georef_method": "osm", "depth_assignment": "distance_from_shore_bins", "review_priority": null, "line_style": "solid"}}, {"type": "Feature", "geometry": {"type": "Point", "coordinates": [-85.249161, 41.439807]}, "properties": {"id": "bixler-lake-noble", "name": "Bixler Lake", "county": "Noble", "county2": null, "acres": 117, "max_depth_ft": 35, "survey_date": "2022-07-19", "contour_interval_ft": 5, "has_contours": true, "pdf_url": "https://www.in.gov/dnr/fish-and-wildlife/files/depth/fw-Bixler_Lake_Bathymetry_Noble_County_2022.pdf", "bbox": [-85.253118, 41.434497, -85.245205, 41.445117], "source": "Indiana DNR Fish & Wildlife bathymetry PDF, semi-manual digitization (Noble batch)", "source_url": "https://www.in.gov/dnr/fish-and-wildlife/fishing/lake-depth-maps/", "precision_note": "Raster DNR PDF digitized at 200 DPI; yellow/white contours color-extracted; georeferenced to OSM water polygon via similarity+ECC (IoU=0.79). Depths assigned from labeled 5 ft intervals on the map (max labeled contour 35 ft). Suitable for structure/relative depth, not navigation or a sonar substitute. contour_method=traced_from_pdf; georef=osm; Depth labels on traced lines were assigned by distance-from-shore binning to survey intervals (not OCR of each label); occasional band swaps possible in multi-basin lakes.", "note": null, "needs_review": false, "review_notes": "Depth labels on traced lines were assigned by distance-from-shore binning to survey intervals (not OCR of each label); occasional band swaps possible in multi-basin lakes.", "min_contour_ft": 0, "max_contour_ft": 35, "data_quality": "pdf_digitized", "contour_method": "traced_from_pdf", "georef_method": "osm", "depth_assignment": "distance_from_shore_bins", "review_priority": null, "line_style": "solid", "shore_iou": 0.793}}, {"type": "Feature", "geometry": {"type": "Polygon", "coordinates": [[[-85.21815333324552, 41.464138524139], [-85.21804843427483, 41.46408154087882], [-85.21792843642088, 41.46403203516247], [-85.21784805696588, 41.464054358885434], [-85.217666157104, 41.46425731511574], [-85.2175296589949, 41.46441895504467], [-85.2174177998774, 41.46464480988336], [-85.2173818888256, 41.46476158986385], [-85.21741591521193, 41.464916364968936], [-85.21755506514776, 41.465097944974836], [-85.21782924804047, 41.46532907299138], [-85.21806381073755, 41.46548840266718], [-85.21818386428708, 41.46553035580406], [-85.21837898375668, 41.46559145481156], [-85.21851392778035, 41.465656097249784], [-85.21862364441589, 41.465743272116015], [-85.21876823814233, 41.46586075423613], [-85.21902315127387, 41.46597866628728], [-85.21939320237371, 41.466123430090875], [-85.21956321482942, 41.46619197828529], [-85.21974344292657, 41.466234163203374], [-85.21995904667959, 41.46623500329335], [-85.2200597047038, 41.46617882426992], [-85.2200550604138, 41.46612599613937], [-85.22003567926154, 41.466027866253086], [-85.22001132862913, 41.46592216931384], [-85.22000943318389, 41.46582348982596], [-85.22003772742038, 41.46572992010222], [-85.22005301674652, 41.46569226384088], [-85.22011351828093, 41.465643470879314], [-85.22020368038933, 41.46565890295995], [-85.22026834292012, 41.4657345897733], [-85.22027790368969, 41.465802515038604], [-85.22029214468188, 41.4659194787241], [-85.22031142342621, 41.46603270419048], [-85.22032578389434, 41.46613082127963], [-85.22035006535647, 41.466247836878495], [-85.22036432341666, 41.466361036864974], [-85.22042382512613, 41.46645933386053], [-85.22051356322976, 41.466535111287406], [-85.220593581562, 41.466565598058985], [-85.22081403891251, 41.46658907602713], [-85.22105458079614, 41.46660886717084], [-85.22124504429762, 41.46662092118004], [-85.22154092689433, 41.46661452697507], [-85.22173653235251, 41.46660773628699], [-85.2218620566421, 41.46658182288546], [-85.22194768225835, 41.466525578194194], [-85.22200326102498, 41.466465452090674], [-85.22202919538724, 41.466337311768925], [-85.22202989607315, 41.46623548324861], [-85.22202059042512, 41.466129839153574], [-85.22202144472296, 41.46600538501895], [-85.22203316773742, 41.4657565029593], [-85.22203445322658, 41.46556792801497], [-85.22203140075126, 41.46528127468547], [-85.22203813542093, 41.46502861475637], [-85.22203554557797, 41.46467407507565], [-85.22199749833244, 41.4643721981325], [-85.22184349295675, 41.46416416924881], [-85.22175422107875, 41.464020496321815], [-85.22172981744575, 41.46392234103428], [-85.22175598806493, 41.46376026903554], [-85.22179214795005, 41.46360576717319], [-85.2218729352402, 41.46352310577914], [-85.22196882231192, 41.46343295786616], [-85.22204474432648, 41.46332764714092], [-85.22207032924409, 41.463252321035164], [-85.22209126987168, 41.46312416830479], [-85.22210689965931, 41.46303747393539], [-85.22205766120196, 41.462905285044826], [-85.2219979313204, 41.46283169189822], [-85.22192833883533, 41.462753916168786], [-85.22186844366378, 41.4627121981968], [-85.22169348418576, 41.462636087787224], [-85.22150800184254, 41.462631600999714], [-85.22140269144346, 41.46263496625865], [-85.22123263586859, 41.46268560466709], [-85.22107064626668, 41.46279962677245], [-85.22095482917204, 41.46287083823059], [-85.22072355161393, 41.46296423503306], [-85.2205274952015, 41.46303891185258], [-85.22037690432222, 41.4630647203073], [-85.22016615955656, 41.463086540823355], [-85.21996576787456, 41.46306312823195], [-85.21982098999348, 41.4629720479944], [-85.21974620075449, 41.462911417747165], [-85.21970629040307, 41.462881084762884], [-85.21965145005159, 41.4628356152166], [-85.21949649336001, 41.46276712069465], [-85.2193613984194, 41.462725105183196], [-85.21924600802451, 41.462735971069044], [-85.2191604902061, 41.46277713028221], [-85.21904475575646, 41.46283702217182], [-85.21897423082014, 41.462885786951944], [-85.21892367273763, 41.46294592512629], [-85.2188981686684, 41.46300994414214], [-85.21896243144887, 41.46314219811792], [-85.21904727822577, 41.46319910209514], [-85.21920717205815, 41.46327892914247], [-85.21934694362814, 41.463369996158626], [-85.21947681306877, 41.46344216492271], [-85.21959670671816, 41.463506740839556], [-85.21960605997691, 41.46360484424846], [-85.21956566633185, 41.46364617322361], [-85.21946465167646, 41.46375137774312], [-85.21938893178285, 41.463826520165775], [-85.21932318768047, 41.46390924310497], [-85.21924703929047, 41.4640447170468], [-85.21916094924521, 41.46416884576437], [-85.21909535785642, 41.464228932934176], [-85.21894462683996, 41.46427360985624], [-85.2188593309054, 41.4642808147879], [-85.21871891793829, 41.464284046000614], [-85.2186328611307, 41.46428703487218], [-85.218498367163, 41.46427564686683], [-85.21839829843361, 41.4642450789113], [-85.21826824124508, 41.464199312107084], [-85.21815333324552, 41.464138524139]]]}, "properties": {"id": "cree-lake-noble", "name": "Cree Lake", "county": "Noble", "county2": null, "acres": 58, "max_depth_ft": 27, "survey_date": "2007-06-27", "contour_interval_ft": 5, "has_contours": true, "pdf_url": "https://www.in.gov/dnr/fish-and-wildlife/files/depth/fw-Cree_Lake_Bathymetry_Noble_County_June_2007.pdf", "bbox": [-85.222107, 41.462464, -85.217382, 41.466763], "source": "Indiana DNR Fish & Wildlife bathymetry PDF, semi-manual digitization (Noble batch)", "source_url": "https://www.in.gov/dnr/fish-and-wildlife/fishing/lake-depth-maps/", "precision_note": "Shoreline confirmed vs nhd_near:unnamed_390_49ac (IoU=0.996); Kept existing contour depths (pdf_label); Acre mismatch 49.4 vs PDF 58; Acre mismatch retained with honest note (NHD/OSM vs PDF survey footprint)", "note": null, "needs_review": false, "review_notes": null, "min_contour_ft": 0, "max_contour_ft": 25, "data_quality": "ok", "contour_method": "traced_from_pdf", "georef_method": "nhd", "depth_assignment": "pdf_label", "review_priority": null, "line_style": "solid", "shore_iou": 0.996}}, {"type": "Feature", "geometry": {"type": "Polygon", "coordinates": [[[-85.65780691997354, 41.35678152509426], [-85.65775220089463, 41.356863965719846], [-85.65773230141448, 41.356893934908506], [-85.6576974791208, 41.356995113015294], [-85.65771238306968, 41.35708879026375], [-85.65778698366243, 41.357141256044926], [-85.65785659591045, 41.35721996272881], [-85.65790630957659, 41.357328630214646], [-85.6579510618474, 41.3574335579767], [-85.6580853258464, 41.35758720066641], [-85.65830413299173, 41.357707136016614], [-85.65845333058401, 41.357737118976786], [-85.65864730470162, 41.35777460591746], [-85.65879151664407, 41.357845815941495], [-85.65897055537177, 41.357946999311324], [-85.65909487861383, 41.358010713946086], [-85.6592540322344, 41.35806318033267], [-85.65936343984949, 41.35808567670232], [-85.6596121150797, 41.35802573671159], [-85.65978619690365, 41.35794705527589], [-85.65984588186947, 41.35785712215236], [-85.65992050222516, 41.35771847529098], [-85.65998019707243, 41.357598573001184], [-85.65998021144546, 41.35744868403987], [-85.65996034610126, 41.35724633312479], [-85.65988078680813, 41.35710018021691], [-85.65991063243513, 41.35701024794603], [-85.66003994402196, 41.35698402579639], [-85.6601344378067, 41.35700277488058], [-85.6601642816371, 41.35692033173365], [-85.66004990633847, 41.356811654126155], [-85.65995540985878, 41.35677043177042], [-85.65978631997287, 41.356702972291465], [-85.65962221663507, 41.356658000165744], [-85.65935364641626, 41.356661724918375], [-85.65911990388102, 41.356639226707955], [-85.65884638304668, 41.35660173574197], [-85.65867231020587, 41.35659048797596], [-85.65841867358036, 41.356594214081], [-85.65831920941714, 41.356538000847884], [-85.65831425431004, 41.356421831264086], [-85.65841869963148, 41.35629817888658], [-85.65841374721931, 41.35619700171928], [-85.65835406494847, 41.35614454326843], [-85.65826953258193, 41.35613704313195], [-85.65803578196184, 41.3561819906689], [-85.65795121096774, 41.35627941611367], [-85.65796611761156, 41.3564105598669], [-85.65798101706886, 41.356530473785256], [-85.6579213213233, 41.35668036823259], [-85.65780691997354, 41.35678152509426]]]}, "properties": {"id": "hindman-lake-noble", "name": "Hindman Lake", "county": "Noble", "county2": null, "acres": 11, "max_depth_ft": 19, "survey_date": "2012-04-19", "contour_interval_ft": 5, "has_contours": true, "pdf_url": "https://www.in.gov/dnr/fish-and-wildlife/files/depth/fw-Hindman_Lake_Bathymetry_Noble_County_c_April_2012.pdf", "bbox": [-85.660164, 41.356137, -85.657491, 41.358086], "source": "Indiana DNR Fish & Wildlife bathymetry PDF, semi-manual digitization (Noble batch)", "source_url": "https://www.in.gov/dnr/fish-and-wildlife/fishing/lake-depth-maps/", "precision_note": "Shoreline confirmed vs nhd_near:unnamed_390_11ac (IoU=0.995); Kept existing contour depths (pdf_label)", "note": null, "needs_review": false, "review_notes": null, "min_contour_ft": 0, "max_contour_ft": 15, "data_quality": "ok", "contour_method": "traced_from_pdf", "georef_method": "nhd", "depth_assignment": "pdf_label", "review_priority": null, "line_style": "solid", "shore_iou": 0.995}}, {"type": "Feature", "geometry": {"type": "Polygon", "coordinates": [[[-85.38864030425803, 41.487058850294524], [-85.3887871976716, 41.48709766033621], [-85.38885730489133, 41.48714831126489], [-85.38894650759904, 41.48721823894235], [-85.38898147811473, 41.48726398680414], [-85.38899720671704, 41.4873241198607], [-85.38895220381625, 41.487381705823616], [-85.38890734644254, 41.48740562913386], [-85.3888401246115, 41.487429503311546], [-85.38873754778584, 41.4874941656949], [-85.38872774536947, 41.48754221073727], [-85.38875317487853, 41.48757833079865], [-85.3888042063732, 41.487604891910706], [-85.38887117577762, 41.48764110681981], [-85.38895395283612, 41.48772303627287], [-85.3890206958651, 41.48781213631131], [-85.38914451155902, 41.48801434927769], [-85.38919845269687, 41.488110633702696], [-85.38924267406335, 41.48823332608609], [-85.38926463877037, 41.48832953414576], [-85.3892644330562, 41.488377606831286], [-85.38928967661397, 41.48845699104904], [-85.38933738524041, 41.48851479672201], [-85.38939799726757, 41.48854379206528], [-85.38949394991633, 41.48853199716843], [-85.38964749804953, 41.4885083380578], [-85.38980104708104, 41.48848466682603], [-85.38992920702769, 41.48841526471908], [-85.38997094904398, 41.488372096969435], [-85.39001295785994, 41.48826643511698], [-85.39000077311141, 41.488126993104345], [-85.38999519906507, 41.48793467112284], [-85.38998627969264, 41.48777601166979], [-85.3900059321361, 41.4876654782034], [-85.39008922931914, 41.48762241627663], [-85.3901661457687, 41.48757693178258], [-85.3903199409386, 41.487493171779796], [-85.39057961424285, 41.48732071685339], [-85.39072384774485, 41.487232126893836], [-85.39075629938449, 41.48711682477508], [-85.39075016478942, 41.48705672113512], [-85.39088839215545, 41.48687436214045], [-85.39099418494983, 41.48680491120309], [-85.39113501293862, 41.48676438028908], [-85.39120210631056, 41.48677175297392], [-85.39138086117062, 41.486832272752146], [-85.39145094593246, 41.48689013774706], [-85.39156244123225, 41.486984143943886], [-85.39165156488822, 41.48707330085187], [-85.39165761234672, 41.48715744833317], [-85.3916573293774, 41.48722234920567], [-85.3916155047161, 41.48728714369011], [-85.39158972127082, 41.487337560964], [-85.391551040713, 41.48740958528453], [-85.39151871124423, 41.487498440135184], [-85.39153766928999, 41.487548964913046], [-85.39159194100787, 41.4875659280725], [-85.39171018535042, 41.487575828181576], [-85.39178371964293, 41.487573592716636], [-85.39185411432355, 41.48755693708709], [-85.39189269427004, 41.487506548919875], [-85.39196337461492, 41.487422586274484], [-85.3920372349959, 41.48734343631471], [-85.39209507572042, 41.48727146911981], [-85.39214317511399, 41.48723551981182], [-85.3921911712013, 41.487226020044695], [-85.39224544381752, 41.48724298126993], [-85.39224533961293, 41.48726701297327], [-85.39222597463035, 41.487312647075406], [-85.39219381494318, 41.48735823875081], [-85.39214879587271, 41.48742062468635], [-85.39210057340995, 41.48748541695378], [-85.39205873078234, 41.48755261689162], [-85.39201373057651, 41.487610203997264], [-85.39196875193021, 41.4876629702063], [-85.3919045107093, 41.48773493225587], [-85.39190127138438, 41.48774454230815], [-85.39186266628505, 41.487804538987895], [-85.39177277097625, 41.487893266114234], [-85.3917278282626, 41.4879388270995], [-85.39168292776974, 41.48797477669014], [-85.39161876919384, 41.4880275089561], [-85.39154189227014, 41.48806338111145], [-85.39152895383509, 41.48809700299582], [-85.39148109608834, 41.488077663214156], [-85.39148124161541, 41.488041603994226], [-85.39142065294443, 41.48800540478623], [-85.39132820911519, 41.48794268093318], [-85.39113693982489, 41.487817229680225], [-85.3910121916797, 41.48783375133081], [-85.3909609751321, 41.48785045399386], [-85.39089371557182, 41.48788154512063], [-85.3908326759466, 41.48795110324463], [-85.39082272620651, 41.48803762432992], [-85.39087683443101, 41.48809304015795], [-85.3909056101645, 41.48809310273966], [-85.39105265629168, 41.48809345669669], [-85.39120598164268, 41.488120263886955], [-85.39126978987562, 41.48815166510103], [-85.39132084382817, 41.48817342468531], [-85.39136246187698, 41.488159098190906], [-85.39141055857559, 41.48812556718322], [-85.39149043317741, 41.488135375016554], [-85.39151596509441, 41.488147451939675], [-85.39163089555186, 41.48818138130537], [-85.39175863778189, 41.48821292582193], [-85.39191505693074, 41.48826619219276], [-85.39207152099536, 41.488307419985134], [-85.39212595530832, 41.48828832386339], [-85.39211973986485, 41.48824504567019], [-85.39210386483715, 41.488218566243944], [-85.39207855480403, 41.48815601015467], [-85.39206877933711, 41.48810940696615], [-85.39207715702544, 41.48800222589804], [-85.39218854093416, 41.487883374801626], [-85.3923082082081, 41.48768116008059], [-85.39244387088398, 41.48744324317336], [-85.39253176923792, 41.48725882609862], [-85.39262750808761, 41.487098243095645], [-85.39279458035743, 41.48691996018068], [-85.39285845686234, 41.486800992699926], [-85.39285906322516, 41.486658052971755], [-85.39281232927081, 41.48646735177735], [-85.39278112898437, 41.4863541256638], [-85.39283674368362, 41.486312566214636], [-85.39294733797317, 41.48638430029165], [-85.39296310789798, 41.48640220317976], [-85.39300984903885, 41.48658694570281], [-85.39299312869647, 41.48679536292149], [-85.39297695991968, 41.48687275315357], [-85.39287341021856, 41.487009492673764], [-85.39282558660778, 41.48708084308053], [-85.39277772257282, 41.487164119778456], [-85.39272986392774, 41.48724142679957], [-85.39269798092167, 41.48728900097807], [-85.39265000459729, 41.487396095072306], [-85.3925782013583, 41.48752099332096], [-85.39255397738836, 41.48762814288465], [-85.39247434623, 41.48772919489044], [-85.39236298208424, 41.487842100307645], [-85.39244208233825, 41.48786610487178], [-85.39264042675973, 41.487789155246425], [-85.39284680391647, 41.487688392692434], [-85.39314058804868, 41.487516377034744], [-85.39339484900331, 41.48732639099955], [-85.39362624783399, 41.48692194331789], [-85.39375363882274, 41.48676738898522], [-85.3938729961779, 41.48663664684346], [-85.39402445932133, 41.48640472670328], [-85.39435084960341, 41.48601240711664], [-85.3946844461707, 41.48578687099992], [-85.39483590482254, 41.48555494916393], [-85.39485250209573, 41.485376306684586], [-85.39480596666907, 41.48513797215848], [-85.39459311086249, 41.48489922827189], [-85.39410320474083, 41.48462409801803], [-85.39388974885964, 41.48452829294224], [-85.39369979021136, 41.48449806294031], [-85.39354163911064, 41.48443812982182], [-85.3932730661969, 41.48426477307058], [-85.39294054131973, 41.48423419973503], [-85.3924970807932, 41.48421528074773], [-85.3922199765792, 41.4841907943357], [-85.39188739690482, 41.48417213173459], [-85.3916895959641, 41.48412401218607], [-85.3915470270403, 41.4841236689748], [-85.39141997741136, 41.484200799269686], [-85.39134825502074, 41.48430187680977], [-85.39121339543873, 41.484355153125584], [-85.39101525313819, 41.484384463930084], [-85.39066691970868, 41.48434788582066], [-85.39057242502561, 41.48421662869128], [-85.39058874921098, 41.4841035069917], [-85.39068399219066, 41.48405608996668], [-85.39082688720289, 41.48397900189627], [-85.39088263305618, 41.483907668935665], [-85.39067725841927, 41.48377615182232], [-85.39052685977946, 41.48375791980068], [-85.3902179372381, 41.483763129238646], [-85.39000375821311, 41.48384004394054], [-85.38988437929838, 41.483976738042735], [-85.3898042657447, 41.48419096594116], [-85.38962087467947, 41.48447639902785], [-85.38949376396506, 41.48456543085146], [-85.38937496176874, 41.48456515291952], [-85.38914550868898, 41.48451099789154], [-85.38895567310988, 41.48445097393546], [-85.3888608307788, 41.48440309618681], [-85.38878307799772, 41.484321320681545], [-85.38871031895127, 41.48414086789518], [-85.38858370141197, 41.48384970975378], [-85.38852082473198, 41.48360437477639], [-85.38851517432883, 41.483428889880734], [-85.3885252453415, 41.48331834024962], [-85.38856397530665, 41.483229489761015], [-85.38863110011962, 41.483232065227014], [-85.38866623412869, 41.483236955045314], [-85.38872411707403, 41.4831553678468], [-85.38878515759758, 41.48308340407576], [-85.38878228927689, 41.48300647568921], [-85.38876666218421, 41.482924703805175], [-85.38869352674367, 41.482835588969984], [-85.38860757324234, 41.48275365872059], [-85.38849616957069, 41.482642813172816], [-85.38837186698989, 41.48255597733182], [-85.38827613263173, 41.48251729176301], [-85.38816435166768, 41.48249778207082], [-85.3880844671844, 41.4824903779426], [-85.387979172955, 41.48244686369824], [-85.38785802974905, 41.48236965123081], [-85.38772084622538, 41.48230681693667], [-85.38757096321855, 41.48222713580088], [-85.38748798763238, 41.4821932786913], [-85.387350656785, 41.482166500679], [-85.38717173304167, 41.48214923932012], [-85.38708534565404, 41.48216826591498], [-85.38701815885732, 41.48218011109808], [-85.38693187297933, 41.48217750126819], [-85.38681685628362, 41.48216520383958], [-85.38669218090196, 41.48216731027829], [-85.38656110682054, 41.4821693891246], [-85.38645878331978, 41.482178759747306], [-85.3863980347487, 41.48218101087701], [-85.38635643915778, 41.482192930085944], [-85.3863434333491, 41.482243378243034], [-85.38635596035574, 41.482303499134574], [-85.38638394197851, 41.48248624920866], [-85.38636414400797, 41.48262802782993], [-85.3863222753292, 41.4827024430928], [-85.38626458013177, 41.48273835992101], [-85.38623877333028, 41.48279357502343], [-85.38627041199459, 41.48287057028736], [-85.3863433992131, 41.48299333989109], [-85.38642604421926, 41.483101717717], [-85.38650243964597, 41.48317400987858], [-85.3866390221967, 41.48337625683666], [-85.38670897131293, 41.483465372274175], [-85.38685220588836, 41.48360513994179], [-85.38700191641865, 41.48373049167552], [-85.38712910977806, 41.48388464610795], [-85.38732634208522, 41.48410626681491], [-85.38739320279349, 41.484168931123506], [-85.38742415783987, 41.484404567278226], [-85.38741048637957, 41.48461126268717], [-85.3874224330745, 41.48480599429561], [-85.38740221738736, 41.485046317275135], [-85.38735347390174, 41.48523128371949], [-85.38730842428855, 41.48530329086583], [-85.38728548670608, 41.48543304175146], [-85.38728519744856, 41.485500336011995], [-85.38721754442619, 41.48562276214055], [-85.38710865064745, 41.48567058111449], [-85.38696148414603, 41.485699064272126], [-85.38684288766392, 41.485773290948025], [-85.38679119590752, 41.48589816608015], [-85.38678128479499, 41.48597265901376], [-85.3868159157475, 41.48609772824209], [-85.38676096310662, 41.486237011770385], [-85.38671589013725, 41.48631382932406], [-85.38668667782252, 41.48641471110724], [-85.38665763079781, 41.48647954610278], [-85.38650994596848, 41.48662581322686], [-85.38645880667599, 41.4866256880605], [-85.38637586432748, 41.486587021071855], [-85.38630258425819, 41.48652916186267], [-85.38623576936396, 41.486454481145906], [-85.38625195431047, 41.48640884711227], [-85.38630329392727, 41.486365708981005], [-85.38629401163541, 41.48629117006634], [-85.38620469124841, 41.48624767587085], [-85.38611840267548, 41.486242659766745], [-85.38600327458867, 41.48625440326388], [-85.38587850488392, 41.48627813520228], [-85.38570858405635, 41.48639310301663], [-85.38567319672235, 41.48644589578856], [-85.38566345089984, 41.48648192494145], [-85.38565661022895, 41.48658527277967], [-85.38565933212428, 41.486693448773295], [-85.38567474631621, 41.48682568875428], [-85.38565843201233, 41.48690257088462], [-85.38561350726499, 41.48694332916386], [-85.3855973223185, 41.48698895272706], [-85.38560989424091, 41.48703705668924], [-85.38564487823133, 41.487080413076605], [-85.38570203713455, 41.487167092117716], [-85.38572414018212, 41.48723204075866], [-85.38571736418993, 41.4873209678563], [-85.38580005770508, 41.48741731925882], [-85.3858956312648, 41.48749446985846], [-85.3860486332223, 41.48759821108987], [-85.38617286393789, 41.487699467711884], [-85.38633532515534, 41.48783206767305], [-85.38643100381795, 41.48788518833244], [-85.38662267914675, 41.487914498885885], [-85.38682709168795, 41.48795585677628], [-85.38701563009978, 41.4879731401407], [-85.38718496881904, 41.48799518577724], [-85.38730313321153, 41.48802191629497], [-85.38744668489225, 41.488094377254036], [-85.38752312703133, 41.488159464933034], [-85.38763805389553, 41.48819339900287], [-85.38767653323073, 41.488167044046], [-85.38768623593413, 41.488140625150784], [-85.38763019902669, 41.48778954823473], [-85.38766217725417, 41.48778721991345], [-85.38774682640171, 41.488174430702564], [-85.3877723403524, 41.48818891600293], [-85.38782029242228, 41.488191432054705], [-85.38787791126292, 41.488172341282144], [-85.38790673191218, 41.48816038885411], [-85.38798363309039, 41.48811731379782], [-85.3880125741139, 41.4880789249433], [-85.38797448644416, 41.48801633776478], [-85.3879618345717, 41.487982653256736], [-85.38791770213842, 41.487838311741676], [-85.38789572126174, 41.48774452077456], [-85.38788020017026, 41.48763631423531], [-85.38783880670029, 41.487600159886995], [-85.38778451432114, 41.48758800480228], [-85.38771437206712, 41.48754216699698], [-85.3876567720911, 41.48755885223912], [-85.38764692296232, 41.48761892311274], [-85.3876115625778, 41.4876621061686], [-85.387582951236, 41.487625972695426], [-85.38755774540745, 41.48754177804475], [-85.38754544477626, 41.4874287731836], [-85.38754588584908, 41.487323016255445], [-85.38753665925279, 41.487238854857594], [-85.38751496583698, 41.487080164091545], [-85.38748989116246, 41.48696231666681], [-85.38747436737604, 41.48685651523644], [-85.38744619620873, 41.486717027794306], [-85.38744066617984, 41.4865175011867], [-85.3874854031793, 41.48652001595754], [-85.38751020925757, 41.486700357140016], [-85.38755122723174, 41.48682304882934], [-85.3875701331752, 41.486887995796344], [-85.38771075634811, 41.486895544103035], [-85.38779060310213, 41.48691257068937], [-85.38795954566436, 41.48702595194754], [-85.38808093141543, 41.487045479118464], [-85.38827266064315, 41.48706516711443], [-85.38837811207773, 41.48707263532145], [-85.38849643996359, 41.487060900720735], [-85.38855721009425, 41.487056242679905], [-85.38864030425803, 41.487058850294524]], [[-85.39370070559464, 41.48527165475715], [-85.3935916016101, 41.48536176490052], [-85.39338487680536, 41.48552909313461], [-85.39319549667209, 41.48565773724261], [-85.39299490915735, 41.48573041618867], [-85.39282918615712, 41.48567407909403], [-85.39264638528502, 41.48559619214048], [-85.39242923642969, 41.48552682395159], [-85.39233216178515, 41.48547494900654], [-85.39229802670266, 41.485427539041666], [-85.39235556469492, 41.48535452193467], [-85.39247590031545, 41.485316082317766], [-85.39251615921322, 41.48526884585809], [-85.3924878820447, 41.485187014244474], [-85.39249378307781, 41.48514400181487], [-85.39255679540341, 41.485131237919994], [-85.39265357989211, 41.485247653942416], [-85.39275102913415, 41.48520915975298], [-85.39283705809395, 41.48516203223365], [-85.39291755522825, 41.485071851152405], [-85.3931349169843, 41.48509388633594], [-85.3932376195741, 41.48516729203016], [-85.39336891014949, 41.485245050965545], [-85.39351227587895, 41.48517223823049], [-85.3935981718881, 41.4851595389446], [-85.39370070559464, 41.48527165475715]]]}, "properties": {"id": "jones-lake-noble", "name": "Jones Lake", "county": "Noble", "county2": null, "acres": 114, "max_depth_ft": 24, "survey_date": "2007-08-08", "contour_interval_ft": 5, "has_contours": true, "pdf_url": "https://www.in.gov/dnr/fish-and-wildlife/files/depth/fw-Jones_Lake_Bathymetry_Noble_County_August_2007.pdf", "bbox": [-85.394853, 41.482149, -85.385597, 41.488544], "source": "Indiana DNR Fish & Wildlife bathymetry PDF, semi-manual digitization (Noble batch)", "source_url": "https://www.in.gov/dnr/fish-and-wildlife/fishing/lake-depth-maps/", "precision_note": "Shoreline confirmed vs nhd_cache (IoU=0.978); Kept existing contour depths (pdf_label)", "note": null, "contour_method": "traced_from_pdf", "georef_method": "nhd", "depth_assignment": "pdf_label", "needs_review": false, "review_priority": null, "review_notes": null, "line_style": "solid", "data_quality": "ok", "shore_iou": 0.978, "min_contour_ft": 0, "max_contour_ft": 20}}, {"type": "Feature", "geometry": {"type": "Polygon", "coordinates": [[[-85.45291247303112, 41.41457405025637], [-85.45290822669477, 41.41474378701835], [-85.4525599543507, 41.41473113187546], [-85.45231320510847, 41.414758506324134], [-85.45204595720975, 41.41478558770921], [-85.45180984402046, 41.41479767492688], [-85.45155226558748, 41.41484804684307], [-85.45133491281459, 41.41492986213426], [-85.45116880264045, 41.41501240287636], [-85.45102222363724, 41.4151338121262], [-85.45111002317647, 41.41531257200914], [-85.4514341308394, 41.41547153207145], [-85.45206011465862, 41.41585859404311], [-85.45222545497654, 41.41580691329158], [-85.45238170164887, 41.4157087941914], [-85.4525073930251, 41.41560252415642], [-85.45284928283908, 41.41546072698441], [-85.4529030380257, 41.415361156261135], [-85.45304013531108, 41.41520873802121], [-85.45329674895346, 41.415196939214454], [-85.45354079785997, 41.4152775758037], [-85.4536287968252, 41.41544861967985], [-85.45355242295805, 41.41563277078438], [-85.45353889343157, 41.41576378612266], [-85.45365956771694, 41.41585811169407], [-85.45406275856591, 41.415724897676874], [-85.45431918176544, 41.41572081319628], [-85.45451198807321, 41.415800722916345], [-85.45472953398387, 41.41571118707905], [-85.45492057420377, 41.41545147876084], [-85.45504468544343, 41.414997872258745], [-85.45526026494193, 41.41457643308053], [-85.4552844251315, 41.41443013209489], [-85.4551571608052, 41.41418907108743], [-85.45518459715059, 41.41391161029175], [-85.45542571575264, 41.41369891797568], [-85.45569912339927, 41.413424938100036], [-85.45582750163652, 41.413210650218026], [-85.45586922838146, 41.41277131193708], [-85.45581524771772, 41.412469545154764], [-85.45586182806015, 41.412246382044636], [-85.45571214268267, 41.41208218474556], [-85.45542575977011, 41.41205497827054], [-85.45522714675235, 41.41179747185285], [-85.45498330086511, 41.4117091222989], [-85.45465611737063, 41.41167361819191], [-85.45457412903296, 41.41167245805439], [-85.45456156699204, 41.4117648950826], [-85.45441481102071, 41.411894023741695], [-85.45415763233801, 41.41192897191536], [-85.45352106277149, 41.41196626324115], [-85.45326098881864, 41.412116938115645], [-85.45315348832689, 41.412316083966004], [-85.4530659025867, 41.41253866475451], [-85.45304234067511, 41.413070874990034], [-85.45293408470022, 41.41370993826418], [-85.45297199270689, 41.413833963876485], [-85.45291247303112, 41.41457405025637]]]}, "properties": {"id": "latta-lake-noble", "name": "Latta Lake", "county": "Noble", "county2": null, "acres": 42, "max_depth_ft": 34, "survey_date": "2007-08-01", "contour_interval_ft": 5, "has_contours": true, "pdf_url": "https://www.in.gov/dnr/fish-and-wildlife/files/depth/fw-Latta_Lake_Bathymetry_Noble_County_August_2007.pdf", "bbox": [-85.456255, 41.411635, -85.451022, 41.415859], "source": "Indiana DNR Fish & Wildlife bathymetry PDF, semi-manual digitization (Noble batch)", "source_url": "https://www.in.gov/dnr/fish-and-wildlife/fishing/lake-depth-maps/", "precision_note": "Re-locked Latta to NHD unnamed_466_43ac (42.6 ac \u2248 PDF 42); Dense warp IoU=0.981; pdf_label depths", "note": null, "needs_review": false, "review_notes": null, "min_contour_ft": 0, "max_contour_ft": 30, "data_quality": "ok", "contour_method": "traced_from_pdf", "georef_method": "nhd", "depth_assignment": "pdf_label", "review_priority": null, "line_style": "solid", "shore_iou": 0.981}}, {"type": "Feature", "geometry": {"type": "Polygon", "coordinates": [[[-85.3296389, 41.525327600000004], [-85.3295316, 41.5251027], [-85.32914539999999, 41.524926], [-85.3283434, 41.5246436], [-85.3280617, 41.52445199999999], [-85.32812609999999, 41.5239058], [-85.3283863, 41.523711899999995], [-85.328558, 41.5234869], [-85.3285794, 41.5231737], [-85.32854719999999, 41.52289249999999], [-85.3284265, 41.522692899999996], [-85.32750649999998, 41.52250699999999], [-85.3271632, 41.522515], [-85.32700229999999, 41.5225552], [-85.3268279, 41.5228375], [-85.32648459999999, 41.5230464], [-85.32606890000001, 41.5228765], [-85.3258972, 41.52275600000001], [-85.3256612, 41.5224266], [-85.32542249999999, 41.52228329999999], [-85.32533929999998, 41.522258], [-85.3251355, 41.5224507], [-85.3254868, 41.522572399999994], [-85.3256075, 41.5226837], [-85.32565849999999, 41.52286959999999], [-85.3260152, 41.5232942], [-85.3261869, 41.52337449999999], [-85.32650869999999, 41.52335839999999], [-85.3267233, 41.523261999999995], [-85.3268735, 41.5232299], [-85.3269594, 41.5233343], [-85.3268065, 41.523488199999996], [-85.3262378, 41.52373719999999], [-85.32551099999999, 41.52383230000001], [-85.32528569999998, 41.523920700000005], [-85.3250684, 41.524098599999995], [-85.32488869999999, 41.52433039999998], [-85.32491019999999, 41.5245472], [-85.32527229999998, 41.5250946], [-85.3254895, 41.5252219], [-85.3259294, 41.52531830000001], [-85.32646319999999, 41.52525529999999], [-85.32700229999999, 41.5250854], [-85.3273349, 41.52494879999999], [-85.32801879999998, 41.52496609999999], [-85.32833269999999, 41.525077399999994], [-85.3289013, 41.5251336], [-85.3291775, 41.52527129999999], [-85.32920969999999, 41.5254722], [-85.3291346, 41.5256971], [-85.32904079999999, 41.525816299999995], [-85.3292982, 41.5258565], [-85.3294672, 41.525681000000006], [-85.32963079999999, 41.5255513], [-85.3296389, 41.525327600000004]]]}, "properties": {"id": "mud-lake-noble", "name": "Mud Lake", "county": "Noble", "county2": null, "acres": 8, "max_depth_ft": 13, "survey_date": "2011-05-02", "contour_interval_ft": 5, "has_contours": true, "pdf_url": "https://www.in.gov/dnr/fish-and-wildlife/files/depth/fw-Mud_Lake_Bathymetry_Noble_County_c_May_2011.pdf", "bbox": [-85.329639, 41.522258, -85.324889, 41.525857], "source": "Indiana DNR Fish & Wildlife bathymetry PDF, semi-manual digitization (Noble batch)", "source_url": "https://www.in.gov/dnr/fish-and-wildlife/fishing/lake-depth-maps/", "precision_note": "Shoreline confirmed vs osm:way/149487833 (IoU=0.993); Kept existing contour depths (distance_from_shore_bins); Acre mismatch 30.5 vs PDF 8", "note": null, "contour_method": "traced_from_pdf", "georef_method": "osm", "depth_assignment": "distance_from_shore_bins", "needs_review": true, "review_priority": "medium", "review_notes": "Georef IoU=0.993 OK. Acre mismatch shoreline 30.5 vs PDF 8 (ratio=3.82). Shoreline georef IoU OK vs OSM/NHD, but shoreline acres differ >10% from PDF survey acres (often OSM/NHD includes marsh/wetland or a dual-basin neighbor). Depths retained; needs_review kept.", "line_style": "solid", "data_quality": "needs_review", "shore_iou": 0.993, "min_contour_ft": 0, "max_contour_ft": 10}}, {"type": "Feature", "geometry": {"type": "Polygon", "coordinates": [[[-85.41856431735098, 41.49620808223218], [-85.419022370111, 41.496262355994844], [-85.41923068942538, 41.49617008168983], [-85.41963736034776, 41.49576628804865], [-85.42008244682495, 41.495128021937944], [-85.4201245858966, 41.494947309251614], [-85.41992863368876, 41.49464629795409], [-85.41971496311021, 41.494409500690345], [-85.41974092801517, 41.4942325842845], [-85.42002651591874, 41.4939627150671], [-85.42011477988697, 41.49392327328382], [-85.41984416330595, 41.493503725286715], [-85.41967836664385, 41.49335686070839], [-85.41945071827949, 41.4932277258904], [-85.41897116524147, 41.49310162209453], [-85.41881482873762, 41.49296905579645], [-85.41880142767026, 41.492743901192554], [-85.41875421311721, 41.492661610026545], [-85.41833578234944, 41.492707156892465], [-85.41825043071935, 41.49265694633254], [-85.41829147564303, 41.492599036695424], [-85.41772082714698, 41.492709472252294], [-85.41743469216941, 41.49305670598564], [-85.41740422490824, 41.49331831010603], [-85.4174813291057, 41.49525498976235], [-85.41745693086258, 41.4953804232482], [-85.41736659268436, 41.495375769169705], [-85.41729243496103, 41.49375502068339], [-85.41722806707766, 41.493484895805864], [-85.41715132759619, 41.49338849488778], [-85.4167941143201, 41.49310936211803], [-85.41666439220317, 41.49291690285823], [-85.41613191671682, 41.49267691724908], [-85.41595377271113, 41.49251948798836], [-85.41594358581582, 41.49229898410305], [-85.41610639827454, 41.49201554692706], [-85.41545589493965, 41.49157369521349], [-85.4152427822149, 41.49137667795845], [-85.41525624257113, 41.49129369399882], [-85.41523220634907, 41.49131433485988], [-85.4145753276706, 41.49129289191536], [-85.4141967982711, 41.491227841701715], [-85.41390658943375, 41.49111642792748], [-85.41352821364617, 41.49104542312102], [-85.413376705587, 41.49108491308605], [-85.41327970280769, 41.49116092617117], [-85.41327480788769, 41.49135143388918], [-85.41337544704727, 41.49144222932366], [-85.41369002178843, 41.49153017495722], [-85.4138305560281, 41.49160963807698], [-85.41386739324295, 41.49171737301683], [-85.41374388477286, 41.4919002028552], [-85.41378148555569, 41.491978171723666], [-85.41411358193646, 41.49200085994494], [-85.41426240403295, 41.492066148927904], [-85.4144321649604, 41.49224132512985], [-85.41462323841797, 41.49251209913571], [-85.41485011063791, 41.49262259203518], [-85.41518739029789, 41.492597707093914], [-85.41528665862833, 41.492742079723286], [-85.4152985235766, 41.492897098215025], [-85.41542093610207, 41.493065628920704], [-85.41565542423898, 41.4931881416842], [-85.41584515291856, 41.49320280484672], [-85.41588107924171, 41.49334625968195], [-85.41588441378806, 41.493524975059835], [-85.41579090096361, 41.49377375319345], [-85.41575113434261, 41.49408882189664], [-85.41580760603463, 41.49435764295033], [-85.41610572902967, 41.494778854763936], [-85.41641679135806, 41.49531341108016], [-85.41663833297508, 41.49563226915163], [-85.41680811186885, 41.49580744109242], [-85.41697987514107, 41.49590521975293], [-85.41730330996586, 41.49595754993356], [-85.41737224129085, 41.49584968680464], [-85.41742544311525, 41.49582829717024], [-85.41749850040235, 41.495841480829355], [-85.41752655299204, 41.495901229133395], [-85.41753172459312, 41.49600850411444], [-85.41780627759174, 41.49611372608685], [-85.4181924525526, 41.496190786935195], [-85.41856431735098, 41.49620808223218]]]}, "properties": {"id": "steinbarger-lake-noble", "name": "Steinbarger Lake", "county": "Noble", "county2": null, "acres": 73, "max_depth_ft": 36, "survey_date": "2007-08-02", "contour_interval_ft": 5, "has_contours": true, "pdf_url": "https://www.in.gov/dnr/fish-and-wildlife/files/depth/fw-Steinbarger_Lake_Bathymetry_Noble_County_August_2007.pdf", "bbox": [-85.420125, 41.490943, -85.413275, 41.496262], "source": "Indiana DNR Fish & Wildlife bathymetry PDF, semi-manual digitization (Noble batch)", "source_url": "https://www.in.gov/dnr/fish-and-wildlife/fishing/lake-depth-maps/", "precision_note": "pdf_label depths; IoU=0.996; acre ratio 0.80 near 10% band \u2014 dual-basin/marsh exception accepted", "note": null, "contour_method": "traced_from_pdf", "georef_method": "nhd", "depth_assignment": "pdf_label", "needs_review": false, "review_priority": null, "review_notes": null, "line_style": "solid", "data_quality": "ok", "shore_iou": 0.996, "min_contour_ft": 0, "max_contour_ft": 35}}, {"type": "Feature", "geometry": {"type": "Polygon", "coordinates": [[[-85.12488306380742, 41.73187729585763], [-85.12507608571084, 41.731912688096095], [-85.1250912232217, 41.73191207268397], [-85.12522800699506, 41.731906509841075], [-85.12529284829058, 41.73185854119457], [-85.12535759975457, 41.73182092324976], [-85.12548163373911, 41.731849090789126], [-85.12559208878983, 41.73184961368876], [-85.12568434217624, 41.73182591895486], [-85.1257997137065, 41.73178853428487], [-85.12585063201342, 41.73175429772207], [-85.12594783242211, 41.73168924485056], [-85.12610465671116, 41.73164862012412], [-85.12620616633826, 41.731618067931734], [-85.12627564114402, 41.7315666807658], [-85.126354462022, 41.731498098782644], [-85.12645163009134, 41.731436496141455], [-85.12654438743263, 41.73135073931535], [-85.1266140688509, 41.731275223926644], [-85.12662821192674, 41.73123392184387], [-85.1266707920712, 41.7310962127354], [-85.12678776080604, 41.73086922093374], [-85.12687617479293, 41.7307524133129], [-85.12697873544892, 41.730597754190775], [-85.12702095716558, 41.730501414009154], [-85.12703478942433, 41.730498041235364], [-85.12697577100847, 41.73040122626149], [-85.12694847659687, 41.73036317371463], [-85.12693055610528, 41.73030447617053], [-85.12699066866915, 41.73027028373363], [-85.12707400358143, 41.73021207482718], [-85.12715276157732, 41.730150381118825], [-85.12717644296484, 41.730071193864006], [-85.12718149239507, 41.73001605723568], [-85.12726925420507, 41.7299785481581], [-85.12735681030085, 41.72996516823915], [-85.127486305144, 41.72988992876908], [-85.12757873190527, 41.72984553992095], [-85.12767598800951, 41.72977359602614], [-85.12783314737015, 41.729691587905805], [-85.12793037203335, 41.72962309375534], [-85.12802784732652, 41.729523569683025], [-85.1281250423453, 41.72945852527899], [-85.12818975877501, 41.72942435518577], [-85.12827740110906, 41.729400624695934], [-85.12836994465133, 41.7293424579077], [-85.1285136400625, 41.72921901311729], [-85.1286988448263, 41.72908541803693], [-85.12881522696125, 41.72892737332984], [-85.1288943523681, 41.72882086982192], [-85.12891857543974, 41.72867618186001], [-85.1289612373309, 41.72852813410339], [-85.12896235573342, 41.728393686823026], [-85.12892236543192, 41.72822112175547], [-85.12884033217851, 41.72812419675281], [-85.1287673925707, 41.7280411151895], [-85.12867601593999, 41.72796139703993], [-85.12851565857694, 41.72787445696635], [-85.12831823492863, 41.727818369799465], [-85.12808846743852, 41.727775915712286], [-85.12784491260541, 41.72773340729248], [-85.12759242941672, 41.727656373825134], [-85.12746426767345, 41.72757302616696], [-85.12730409087176, 41.727465394761914], [-85.12706552797673, 41.72737463725413], [-85.12699235480694, 41.727319134267155], [-85.1268915782051, 41.72726349915713], [-85.1268045161827, 41.72721826978307], [-85.12663478759461, 41.72715197268701], [-85.12651997301982, 41.727123850018415], [-85.12645108032238, 41.72710628800999], [-85.12634090015615, 41.72707473605142], [-85.12627206764581, 41.72705028531768], [-85.12616162067997, 41.72704976371977], [-85.12600060215685, 41.72704210803017], [-85.12585345990993, 41.727027629998275], [-85.12566026103842, 41.72701638010604], [-85.12553601235652, 41.727015790123566], [-85.12539336977086, 41.727011674325105], [-85.12530573013176, 41.7270353902774], [-85.12523237460397, 41.72708472283593], [-85.12520391597576, 41.72710386171036], [-85.12484388917619, 41.727229728144465], [-85.1245529140759, 41.72735247682727], [-85.12433126196606, 41.72744106887688], [-85.12428205315311, 41.72746835403965], [-85.12420179766562, 41.727512853810396], [-85.12407194619131, 41.727629458818576], [-85.12397470625675, 41.72770140109202], [-85.12391894692874, 41.727763191011995], [-85.1239044741712, 41.727842424019094], [-85.12388499510259, 41.727969893332535], [-85.12386634877222, 41.727997382750175], [-85.12379711471496, 41.728021188175454], [-85.12377836507837, 41.728062468859015], [-85.12378724761989, 41.728100442988314], [-85.12382849107121, 41.728121323319435], [-85.12379100527272, 41.728200431856735], [-85.12372111634362, 41.72830353668738], [-85.12370677563842, 41.72836552916565], [-85.12372475182558, 41.7284173271781], [-85.12375653242368, 41.72846919084991], [-85.12366802501202, 41.72859633577817], [-85.12360828435067, 41.72858570629754], [-85.1235527028891, 41.728626819013904], [-85.1234968681026, 41.728698949898536], [-85.12344618874754, 41.728705605128575], [-85.12340031088766, 41.72868815283054], [-85.12334016688276, 41.72872579272242], [-85.12325674124064, 41.72879435084871], [-85.12315468543785, 41.72889039793741], [-85.12304832041663, 41.72895195475039], [-85.12296529542311, 41.728972242829016], [-85.12291443820162, 41.72899958700833], [-85.12284943610767, 41.729068234007414], [-85.12277101767494, 41.72908854417292], [-85.12254971500974, 41.729135762685054], [-85.1224619208604, 41.729176718843405], [-85.12240639778932, 41.7292109299635], [-85.12238746669303, 41.729272900113], [-85.12239609680796, 41.729341892751776], [-85.12244152820516, 41.72941106431583], [-85.12243629641692, 41.729486880227924], [-85.12238174891625, 41.729536528007166], [-85.12237600239337, 41.72954175920323], [-85.12237570235608, 41.72957623896251], [-85.12241138613409, 41.72971086410737], [-85.1224882217353, 41.72987670905843], [-85.12258379709162, 41.730004724736716], [-85.12264270231975, 41.73011533316657], [-85.12267337709177, 41.73029819384877], [-85.12266789108033, 41.73040159900352], [-85.1226209055977, 41.73051514376427], [-85.12257876832267, 41.73060114103767], [-85.1225089171228, 41.73069734497928], [-85.12247160739412, 41.73075577601738], [-85.12246680589892, 41.7308138463298], [-85.12246647891216, 41.730817800989804], [-85.12249770524976, 41.73093517631528], [-85.12256123410663, 41.731042354755274], [-85.12263406411998, 41.731139229098154], [-85.12273901519293, 41.73124660027012], [-85.1227982806455, 41.73131238699634], [-85.12292654659333, 41.73138538972329], [-85.12305025089617, 41.731451479993346], [-85.12314654400642, 41.73149330684998], [-85.12329374194888, 41.7315043508196], [-85.12337681365477, 41.731477161225314], [-85.1234278963534, 41.73142223630585], [-85.1234881158168, 41.731377707734794], [-85.1235897610895, 41.73132991902821], [-85.12365460058841, 41.731281960677364], [-85.12371944188394, 41.73123400430191], [-85.12379346396165, 41.731189531242826], [-85.12393167156475, 41.7311729491171], [-85.12393604007197, 41.731200551130584], [-85.12387571640402, 41.73125886975578], [-85.12381978909104, 41.73134135118143], [-85.12377777129194, 41.731413548738594], [-85.1237586021421, 41.73150309920555], [-85.12377645975164, 41.73156868589378], [-85.1238080310423, 41.73164467892297], [-85.12383064523125, 41.731693060016454], [-85.12396551559308, 41.73170680292457], [-85.12407896562694, 41.731718359702484], [-85.12408043437242, 41.73171791322568], [-85.12418971801999, 41.73168441606094], [-85.12427752833901, 41.73164000901152], [-85.12435580034636, 41.731636927245255], [-85.12441973434345, 41.73169583608413], [-85.12451100407463, 41.73178935885819], [-85.1246900886164, 41.731838463857784], [-85.12488306380742, 41.73187729585763]]]}, "properties": {"id": "tamarack-lake-noble", "name": "Tamarack Lake", "county": "Noble", "county2": null, "acres": 50, "max_depth_ft": 35, "survey_date": "2011-07-20", "contour_interval_ft": 5, "has_contours": true, "pdf_url": "https://www.in.gov/dnr/fish-and-wildlife/files/depth/fw-Tamarack_Lake_Bathymetry_Noble_County_c_July_2011.pdf", "bbox": [-85.128962, 41.727012, -85.122376, 41.732039], "source": "Indiana DNR Fish & Wildlife bathymetry PDF, semi-manual digitization (Noble batch)", "source_url": "https://www.in.gov/dnr/fish-and-wildlife/fishing/lake-depth-maps/", "precision_note": "Shoreline confirmed vs nhd:Tamarack Lake (IoU=0.997); Kept existing contour depths (pdf_label); Acre mismatch 85.4 vs PDF 50; Acre mismatch retained with honest note (NHD/OSM vs PDF survey footprint)", "note": null, "needs_review": true, "review_notes": "Georef IoU=0.997 OK. Acre mismatch shoreline 85.3 vs PDF 50 (ratio=1.71). Shoreline georef IoU OK vs OSM/NHD, but shoreline acres differ >10% from PDF survey acres (often OSM/NHD includes marsh/wetland or a dual-basin neighbor). Depths retained; needs_review kept.", "min_contour_ft": 0, "max_contour_ft": 35, "data_quality": "needs_review", "contour_method": "traced_from_pdf", "georef_method": "nhd", "depth_assignment": "pdf_label", "review_priority": "medium", "line_style": "solid", "shore_iou": 0.997}}, {"type": "Feature", "geometry": {"type": "Polygon", "coordinates": [[[-85.43760606363365, 41.51544171978692], [-85.43767210507839, 41.51544657690523], [-85.43772244217533, 41.515441945793285], [-85.43784828806182, 41.5154398357281], [-85.43800869303556, 41.51544488589357], [-85.43809360808443, 41.51544977597085], [-85.43818169238962, 41.51544995691043], [-85.43833272164676, 41.51543843933169], [-85.4384523008858, 41.51542921208354], [-85.43856870997021, 41.51542471818854], [-85.43865369868092, 41.51540596907142], [-85.43868259389035, 41.51524052472696], [-85.43867102628445, 41.514952057032744], [-85.43869063471045, 41.514744035793136], [-85.43875724658541, 41.51458575075516], [-85.43883596685207, 41.51456225990601], [-85.43924173317097, 41.514570166199135], [-85.43982365103223, 41.51457603302582], [-85.44056920061577, 41.514568050724314], [-85.44123610539111, 41.51456226797781], [-85.4423182716779, 41.51454546928788], [-85.4428121636245, 41.51453697106209], [-85.4429097000031, 41.51453243809161], [-85.44296957631005, 41.51449944607486], [-85.44300426924632, 41.514473514154915], [-85.44302329017414, 41.514433353021836], [-85.44300777896412, 41.51436948704244], [-85.4430111269852, 41.51431038605056], [-85.44302707926802, 41.51424657376182], [-85.44303987756585, 41.51418276275555], [-85.44302430796537, 41.51413781418171], [-85.44298986476075, 41.514090460173286], [-85.44299949290395, 41.514033730026895], [-85.44301873391902, 41.513927374826046], [-85.4430159168023, 41.5138328003249], [-85.44301324970422, 41.513693296982716], [-85.44307956872838, 41.51361540066964], [-85.44309012572961, 41.51329387525289], [-85.44309995958702, 41.513178045073225], [-85.44311070792938, 41.51279504598312], [-85.44311179758583, 41.51247822786347], [-85.44311243089811, 41.51229381210792], [-85.44310326089568, 41.5122181298904], [-85.44298385143821, 41.512182435244185], [-85.44286405570519, 41.51225785987044], [-85.44281988284773, 41.51229796719428], [-85.4427696939728, 41.512257672195204], [-85.44274163778985, 41.51218195831988], [-85.44271680925371, 41.51208733889025], [-85.44270454186021, 41.51199274219316], [-85.44269846835056, 41.51193125709117], [-85.44280863504207, 41.51191019094344], [-85.44289041766554, 41.511912718181975], [-85.44301615395753, 41.51193423905674], [-85.443097936581, 41.511934405880005], [-85.44314833206843, 41.5119179488994], [-85.44320518284951, 41.51184949413847], [-85.44320873568644, 41.51172891967775], [-85.44318750490302, 41.51150190172168], [-85.44316938408711, 41.511281987828205], [-85.44316491407025, 41.51075473214127], [-85.4431750129307, 41.51056087230941], [-85.44316393939818, 41.51012344898695], [-85.44314347397939, 41.50966945685236], [-85.44316290543728, 41.509508722215095], [-85.44314839674713, 41.50915640830732], [-85.44312986270619, 41.509057068125934], [-85.44307027206351, 41.50900729808141], [-85.44294460224684, 41.50896449924332], [-85.4428692039501, 41.50893598528044], [-85.44279700814732, 41.508895645135475], [-85.44253979982025, 41.50868708981113], [-85.44232023270017, 41.50850933115698], [-85.44204420197293, 41.508291277237625], [-85.4418873076153, 41.508184576917984], [-85.44175872276554, 41.50807319971154], [-85.44165201279124, 41.50800915591475], [-85.44142932672054, 41.507826662834944], [-85.4412755306523, 41.50773178678841], [-85.44109661409549, 41.50762504181996], [-85.44095527676193, 41.50756566087344], [-85.44074140316415, 41.507565235714566], [-85.44021608635231, 41.507578390748336], [-85.43928192289846, 41.50758128007909], [-85.43895166806402, 41.50757589495846], [-85.4385144256759, 41.507589210769986], [-85.43765266463733, 41.50757331709663], [-85.43708338697041, 41.50756745030801], [-85.43654237120066, 41.507573461058676], [-85.43630952069252, 41.50760136411975], [-85.43618062682228, 41.507579835077365], [-85.43572452789802, 41.50758837390691], [-85.43547917733267, 41.50759497395789], [-85.43543187833801, 41.50762561430397], [-85.43539294894686, 41.50795890609108], [-85.43530732872051, 41.50815497685175], [-85.43525951139792, 41.50833457096392], [-85.43521791311207, 41.50853545382489], [-85.43518290037555, 41.508648865852074], [-85.4351129323947, 41.50886624787894], [-85.43506163769366, 41.50913567424478], [-85.4350264399042, 41.509303477212775], [-85.43499459732232, 41.50941452873377], [-85.43495325595464, 41.509539765275036], [-85.43494352989507, 41.50962013193227], [-85.4349936963121, 41.509667512082686], [-85.4350877472274, 41.509755188780275], [-85.43514417939353, 41.5098073120148], [-85.4351786127167, 41.509852307320905], [-85.43519730216619, 41.509906723023406], [-85.4351971036385, 41.50996110302729], [-85.43519992255187, 41.510053317320576], [-85.43519969437978, 41.510114790079676], [-85.43519316901757, 41.51018098171908], [-85.43518667689301, 41.510237711878474], [-85.43519917605187, 41.51026374505373], [-85.4352368882258, 41.510270905856785], [-85.43531252727107, 41.510228500033534], [-85.43535040742995, 41.51019075594165], [-85.43536632198352, 41.510141132070416], [-85.4353790043987, 41.51011278478096], [-85.43543872799206, 41.51012236393285], [-85.43546685334529, 41.51017443978327], [-85.4355199159308, 41.51028803594754], [-85.43556060242665, 41.51034485615372], [-85.43560134731298, 41.51038749196088], [-85.43564838759285, 41.51042541823709], [-85.43567992834079, 41.51040420831627], [-85.4357272893192, 41.51035465187772], [-85.43576503293417, 41.51035472116489], [-85.43579000340412, 41.51040678673807], [-85.43578661765383, 41.51047297875159], [-85.4357359939943, 41.510557999256186], [-85.43571701618562, 41.51058869470573], [-85.43573245912364, 41.510669119257386], [-85.4357038917993, 41.51074234797925], [-85.43565043305676, 41.510735152248586], [-85.43552455123766, 41.510756177744824], [-85.43547409556311, 41.51079153817973], [-85.43540145778923, 41.5108741500523], [-85.43537299916103, 41.51091428917697], [-85.43535389828315, 41.51098044771009], [-85.43535351560084, 41.51108683600553], [-85.43537863788606, 41.51109871828012], [-85.43552337803791, 41.51108245818324], [-85.43562717297908, 41.51108502514237], [-85.43565540523184, 41.51110635995917], [-85.4356739868835, 41.511189155072145], [-85.43566447462295, 41.51121277091887], [-85.43566116612776, 41.51125768721706], [-85.4356484091524, 41.511307312250494], [-85.43562296706693, 41.51138528331784], [-85.43557874390382, 41.51143485107573], [-85.43549688492355, 41.511458328933536], [-85.43539612269475, 41.51148886520396], [-85.43525746593403, 41.511557144104565], [-85.43514078915166, 41.51163966486132], [-85.43503357791745, 41.51171510424618], [-85.43493584929938, 41.51177638169657], [-85.43481604727813, 41.51185179805117], [-85.4347403435542, 41.5119131217867], [-85.43471500926655, 41.5119579911845], [-85.43463276580735, 41.512087868283714], [-85.43456948668212, 41.51218940815962], [-85.4345407810172, 41.51230283127514], [-85.43454362957496, 41.512385593915134], [-85.43455271513577, 41.51248255177783], [-85.43451449631199, 41.51261724075915], [-85.43447958598341, 41.512702281990876], [-85.43447300043407, 41.512785021249485], [-85.43447921767415, 41.512806311110054], [-85.43452315157975, 41.51283477224575], [-85.43454182485956, 41.51288918678659], [-85.43452900410384, 41.51295772923969], [-85.43451608992329, 41.51304754929349], [-85.43449069185527, 41.51311606803574], [-85.43445284134079, 41.51314199713618], [-85.43440556839727, 41.51317027516036], [-85.43436408509577, 41.513335695199366], [-85.43435414433883, 41.51347516298867], [-85.43434717520886, 41.51366430011735], [-85.43434685271367, 41.51375414273367], [-85.43438426125704, 41.5138487879785], [-85.43448128918918, 41.513986112935], [-85.43455031573562, 41.514033538993594], [-85.43466634034108, 41.514137808127835], [-85.4347635533262, 41.51422075272795], [-85.43483584165543, 41.514237447914], [-85.43487976028968, 41.51427064185932], [-85.43488596495332, 41.51429666399564], [-85.4349045484016, 41.514377089321734], [-85.43493588972358, 41.51441024821772], [-85.43497976344203, 41.51445525512276], [-85.43501098259311, 41.51452389008826], [-85.43504222060879, 41.514585419140275], [-85.43511118517148, 41.51465176226236], [-85.43518658616317, 41.51467792079257], [-85.4353059650779, 41.51472308894637], [-85.43542234182296, 41.514728049705965], [-85.43553548822625, 41.51475191784881], [-85.43560149822997, 41.51476860011759], [-85.43567064784558, 41.51478529381701], [-85.43577729942939, 41.51486826180261], [-85.435953024272, 41.51498919095222], [-85.43600014629854, 41.515008199157435], [-85.4362577822237, 41.51509383522632], [-85.43643692335935, 41.51514147571846], [-85.43660039158824, 41.51517017730543], [-85.43676704793806, 41.51519178723107], [-85.43683310375586, 41.51518956213621], [-85.43696211800034, 41.51518035974025], [-85.43700921038248, 41.515204099241984], [-85.43704686596254, 41.51523017683214], [-85.43711606229056, 41.515232675017494], [-85.43718524244892, 41.51524227628152], [-85.43725110063734, 41.51529915200407], [-85.43730764419459, 41.51532290424239], [-85.43737049931501, 41.51533721531154], [-85.4374019187904, 41.51534673584337], [-85.43747729013768, 41.51538471907893], [-85.43751181868225, 41.51540606391342], [-85.43760606363365, 41.51544171978692]], [[-85.43817464869947, 41.51074844521176], [-85.43831702358716, 41.51082019729822], [-85.4383357750204, 41.51089170781124], [-85.43818285301296, 41.511120114306486], [-85.4381825673487, 41.51119872801064], [-85.43808720399477, 41.51127716201346], [-85.43776471060438, 41.511054960232606], [-85.43756541576535, 41.51094735432559], [-85.4373088155977, 41.51091110468621], [-85.43713811772743, 41.51078212393504], [-85.43697731390168, 41.51054594669206], [-85.43680709932502, 41.51028116104027], [-85.43650359003153, 41.51006615097384], [-85.43611421527164, 41.509936723215], [-85.43583871095714, 41.50987185115502], [-85.43560096103741, 41.509885666307255], [-85.43541076343726, 41.50989242622559], [-85.43522129167586, 41.5096990777525], [-85.43510747243441, 41.50962023485517], [-85.43511736827557, 41.509513038928134], [-85.43514622395914, 41.50942018816332], [-85.43518499165354, 41.50921300213323], [-85.43523301289369, 41.50907730575801], [-85.43530005416332, 41.50894164676992], [-85.43534728488602, 41.509027506130046], [-85.43529908667777, 41.509213232197524], [-85.43526026867771, 41.50943471580158], [-85.43530753263806, 41.50951342505768], [-85.4355072721432, 41.50949239108542], [-85.43561211362169, 41.50942113128938], [-85.435526857213, 41.50933518903631], [-85.43548939566904, 41.509170738902796], [-85.43569911006706, 41.50902107171044], [-85.43615530960263, 41.509072010231414], [-85.43638290496638, 41.50924399286416], [-85.43663850530912, 41.509558978235575], [-85.43682809115657, 41.50972374085985], [-85.43701759885059, 41.50990993716212], [-85.4371786245602, 41.51008178706627], [-85.43739663489988, 41.51027519090251], [-85.43790887403783, 41.51061927376573], [-85.43817464869947, 41.51074844521176]], [[-85.43964297557407, 41.51230940528404], [-85.4397849282536, 41.51250266322273], [-85.44006984781059, 41.51260328223899], [-85.44026937441495, 41.51264655491971], [-85.44039265381465, 41.51273971519209], [-85.44025948396367, 41.51275374094936], [-85.4400218175873, 41.51273897929545], [-85.43984121938425, 41.51272432593746], [-85.4396132072022, 41.51266670600097], [-85.43951827234466, 41.51262363513395], [-85.43936666457246, 41.512473246078706], [-85.43903461939568, 41.512258182752525], [-85.43873101577911, 41.512064603218896], [-85.43867423686328, 41.51198588092042], [-85.43859885024462, 41.51179275530134], [-85.4385610751886, 41.51172121820396], [-85.438361824367, 41.511599316983606], [-85.4384571553816, 41.51152804268978], [-85.43877083899397, 41.51155724769703], [-85.43900839038602, 41.511600595071506], [-85.43932166256998, 41.51174415579882], [-85.43940661085652, 41.51192301010248], [-85.43953908271654, 41.512109093797015], [-85.43964297557407, 41.51230940528404]], [[-85.44079882527375, 41.51351953488219], [-85.4409029121674, 41.51366267699744], [-85.44083598678041, 41.513769755065056], [-85.44064541727774, 41.5138837357324], [-85.44039798262092, 41.513940427669006], [-85.44015088213742, 41.51390419786733], [-85.44002756680509, 41.51381819699092], [-85.43998059659384, 41.513653715195446], [-85.4399432320679, 41.51346067123534], [-85.43990567709915, 41.51332480618146], [-85.43989651428323, 41.51322473314212], [-85.43993492265153, 41.51311759632401], [-85.43998279387301, 41.513024780326276], [-85.44009681613373, 41.513046452180475], [-85.44015345581069, 41.51316806613986], [-85.44021933915197, 41.513361156713465], [-85.44035194216599, 41.51351150805498], [-85.44044702344893, 41.51351169774453], [-85.44062768722897, 41.51351205425328], [-85.44079882527375, 41.51351953488219]], [[-85.44103273399732, 41.508434823776966], [-85.4407765353766, 41.508284235958364], [-85.4407676546317, 41.50810554919801], [-85.44087256707711, 41.508012839702864], [-85.44102485936554, 41.50796310383683], [-85.44095863196952, 41.50787006383388], [-85.44086371777324, 41.507819854937985], [-85.44081643404995, 41.50774828519624], [-85.44089256357533, 41.50772699232675], [-85.44103488815738, 41.507813038295], [-85.441148665178, 41.50790617390562], [-85.44148079030482, 41.50809264721189], [-85.44171796799772, 41.5082431971315], [-85.4418504560274, 41.50842214183294], [-85.44178383606763, 41.508443447255274], [-85.44165089438872, 41.50839315807876], [-85.44148920212915, 41.508407137015276], [-85.44132747842856, 41.50843540298089], [-85.44103273399732, 41.508434823776966]], [[-85.44282813117867, 41.51166165468289], [-85.44275276162801, 41.51146139298775], [-85.44259179790215, 41.511260955103275], [-85.44259204673548, 41.51118949006785], [-85.44269703913095, 41.511075343885075], [-85.44277368788256, 41.51090395808034], [-85.443002211206, 41.51081149274146], [-85.44304837742509, 41.511211817055965], [-85.4430375877602, 41.51158343976628], [-85.44311278663096, 41.51183373066465], [-85.44285607058063, 41.51183323893891], [-85.44282813117867, 41.51166165468289]], [[-85.4368155740314, 41.51326150010724], [-85.4367487878833, 41.51332568333], [-85.43665354759854, 41.51336838309453], [-85.4365206319708, 41.513310939295685], [-85.43639754930214, 41.51316060699552], [-85.43637892992123, 41.51304621271252], [-85.43645551489247, 41.51290342709141], [-85.4365889919673, 41.512803633229424], [-85.43675067973527, 41.512789661968846], [-85.43687408489912, 41.51284708066904], [-85.43691151859532, 41.513018690034826], [-85.43685416385938, 41.513104344207086], [-85.43678739388093, 41.51316137786571], [-85.4368155740314, 41.51326150010724]], [[-85.43963949100909, 41.51330998613636], [-85.43961068922444, 41.51338855076765], [-85.43955292575505, 41.513588552909106], [-85.43961896540317, 41.513738773899924], [-85.43960910639294, 41.51383881183914], [-85.43912414370027, 41.513844994879776], [-85.43906731537707, 41.51378055992624], [-85.43922908489178, 41.51374514932955], [-85.43933383564041, 41.5137024706659], [-85.4392485361126, 41.513623689820115], [-85.4391536147298, 41.51357346924272], [-85.43919207340375, 41.513452045062], [-85.4393064280411, 41.51338080576847], [-85.43937337139438, 41.51327372773012], [-85.43955408188683, 41.51325978885871], [-85.43963949100909, 41.51330998613636]], [[-85.4422536307067, 41.51006674428977], [-85.4423004967134, 41.51025980980698], [-85.44217657591658, 41.51035247505028], [-85.44193896523572, 41.51032342085503], [-85.44185383998108, 41.510194611814896], [-85.44181609367116, 41.510108766111045], [-85.44189261755695, 41.50998027482842], [-85.44202592485016, 41.50992335474332], [-85.4422536307067, 41.51006674428977]], [[-85.4378738011142, 41.51247743075102], [-85.43825403461774, 41.51250677995364], [-85.43824428430365, 41.5125782327721], [-85.43635261197835, 41.512424367929306], [-85.43635282128584, 41.512367189669995], [-85.4378738011142, 41.51247743075102]], [[-85.4428151963369, 41.5098963110425], [-85.44288209836769, 41.50979637867811], [-85.44295818297729, 41.509789381960516], [-85.44301488733298, 41.509889549106504], [-85.44303344113686, 41.51002537697269], [-85.44302321291903, 41.510232622963294], [-85.44302286886428, 41.510332683138294], [-85.44298425118853, 41.51050413906975], [-85.44292717133706, 41.510511170689924], [-85.44284224640673, 41.51032518330573], [-85.44282380219731, 41.510160770667014], [-85.44281468070392, 41.51004640068134], [-85.4428151963369, 41.5098963110425]], [[-85.43998317296206, 41.51291758196474], [-85.43996427779838, 41.51288180294851], [-85.44005001929732, 41.512831949743266], [-85.4401546254172, 41.512832152888144], [-85.44033508258474, 41.51288968724894], [-85.44029692843968, 41.51292534787194], [-85.44012566463074, 41.51295359975689], [-85.44008763714814, 41.51295351701924], [-85.43998317296206, 41.51291758196474]]]}, "properties": {"id": "waldron-lake-noble", "name": "Waldron Lake", "county": "Noble", "county2": null, "acres": 216, "max_depth_ft": 46, "survey_date": "2011-07-20", "contour_interval_ft": 5, "has_contours": true, "pdf_url": "https://www.in.gov/dnr/fish-and-wildlife/files/depth/fw-Waldron_Lake_Bathymetry_Noble_County_c_July_2011.pdf", "bbox": [-85.445319, 41.506502, -85.434111, 41.51545], "source": "Indiana DNR Fish & Wildlife bathymetry PDF, semi-manual digitization (Noble batch)", "source_url": "https://www.in.gov/dnr/fish-and-wildlife/fishing/lake-depth-maps/", "precision_note": "Shoreline confirmed vs nhd_cache (IoU=0.915); Kept existing contour depths (pdf_label)", "note": null, "contour_method": "traced_from_pdf", "georef_method": "nhd", "depth_assignment": "pdf_label", "needs_review": false, "review_priority": null, "review_notes": null, "line_style": "solid", "data_quality": "ok", "shore_iou": 0.915, "min_contour_ft": 0, "max_contour_ft": 45}}, {"type": "Feature", "geometry": {"type": "Polygon", "coordinates": [[[-85.6008228, 41.3378797], [-85.600812, 41.3372437], [-85.6007369, 41.337002], [-85.6005331, 41.336857], [-85.6002541, 41.3368006], [-85.600009, 41.3369033], [-85.5991078, 41.337145], [-85.5987108, 41.3371772], [-85.5983353, 41.3370644], [-85.5980874, 41.3368892], [-85.5977441, 41.336559], [-85.5971111, 41.3360837], [-85.5968965, 41.3360595], [-85.5966927, 41.3360837], [-85.5965436, 41.3362025], [-85.5963708, 41.3363817], [-85.5963279, 41.3367684], [-85.5963816, 41.3369456], [-85.5965747, 41.3370987], [-85.5968107, 41.3371792], [-85.5970789, 41.3371792], [-85.5972935, 41.3371873], [-85.5974555, 41.3372658], [-85.5976154, 41.3373967], [-85.5980123, 41.3379199], [-85.5985606, 41.3380311], [-85.5990209, 41.3379602], [-85.6006833, 41.3379763], [-85.6008228, 41.3378797]]]}, "properties": {"id": "harper-lake-noble", "name": "Harper Lake", "county": "Noble", "county2": null, "acres": 17.7, "max_depth_ft": 24, "survey_date": "2013-07-01", "contour_interval_ft": 3, "has_contours": true, "pdf_url": "https://www.in.gov/dnr/fish-and-wildlife/files/depth/fw-Harper_Lake_Bathymetry_Noble_County_c_July_2013.pdf", "bbox": [-85.600823, 41.336059, -85.596312, 41.338031], "source": "Indiana DNR Fish & Wildlife bathymetry PDF, semi-manual digitization (Noble batch)", "source_url": "https://www.in.gov/dnr/fish-and-wildlife/fishing/lake-depth-maps/", "precision_note": "Hand-read cBioBase white labels / legend: intervals [3, 6, 9, 12, 15, 18, 21] (max legend 24'). Contours nested-ring assigned. Georef=osm:way/250777053, 0-ft shoreline IoU=1.000.", "note": null, "needs_review": false, "review_notes": null, "min_contour_ft": 0, "max_contour_ft": 21, "data_quality": "ok", "contour_method": "traced_from_pdf", "georef_method": "osm", "depth_assignment": "hand_visual_confirmed_intervals", "review_priority": null, "line_style": "solid", "shore_iou": 1.0}}, {"type": "Feature", "geometry": {"type": "Polygon", "coordinates": [[[-85.5126492, 41.277293599999986], [-85.51245309999999, 41.276906800000006], [-85.5118953, 41.2765197], [-85.5119503, 41.276144299999984], [-85.51188599999999, 41.2759921], [-85.5117695, 41.2758171], [-85.51104000000001, 41.27542319999999], [-85.5100837, 41.27554279999998], [-85.5097342, 41.27553129999998], [-85.5090966, 41.27524339999999], [-85.50879619999998, 41.2747596], [-85.50798079999998, 41.2739533], [-85.5082383, 41.273534], [-85.5081954, 41.273179200000015], [-85.5080237, 41.27298570000001], [-85.5074229, 41.272856700000006], [-85.5072083, 41.27298570000001], [-85.50677919999997, 41.272921200000006], [-85.50622129999999, 41.2726954], [-85.5059209, 41.2725341], [-85.5052342, 41.2724696], [-85.5047622, 41.2726954], [-85.50420429999998, 41.27275989999999], [-85.50347469999998, 41.2727276], [-85.5030026, 41.272308299999985], [-85.50295969999998, 41.272082600000005], [-85.5028739, 41.271889], [-85.50261639999997, 41.271631], [-85.5021872, 41.2715665], [-85.5011144, 41.271631], [-85.5004277, 41.271631], [-85.499269, 41.2713407], [-85.4987111, 41.271502], [-85.4984965, 41.27175999999999], [-85.4989686, 41.272082600000005], [-85.49922609999999, 41.272308299999985], [-85.4995694, 41.27275989999999], [-85.4997411, 41.27305020000001], [-85.50012729999997, 41.273534], [-85.5000844, 41.2740823], [-85.50034189999998, 41.27453390000001], [-85.50025609999999, 41.275049899999985], [-85.49952649999999, 41.2749531], [-85.4989686, 41.2746306], [-85.4986253, 41.2743081], [-85.49819609999999, 41.2739855], [-85.49785279999998, 41.27330820000001], [-85.4970374, 41.2720503], [-85.496737, 41.27175999999999], [-85.49617909999998, 41.2713407], [-85.4957499, 41.2709536], [-85.49506329999998, 41.2706956], [-85.49450539999997, 41.2698892], [-85.4941192, 41.2698892], [-85.4935613, 41.27011499999999], [-85.4936471, 41.270534299999994], [-85.4937758, 41.27159869999999], [-85.4939475, 41.272082600000005], [-85.4939475, 41.2726954], [-85.4939046, 41.27330820000001], [-85.4937758, 41.273921], [-85.4933467, 41.2741791], [-85.4933038, 41.27456609999999], [-85.4939046, 41.2748241], [-85.4945483, 41.27517889999999], [-85.49506329999998, 41.2755982], [-85.49549239999999, 41.2758562], [-85.49617909999998, 41.2761465], [-85.49699449999997, 41.2764368], [-85.4972949, 41.27692059999998], [-85.4973807, 41.27740430000001], [-85.497252, 41.277920399999985], [-85.49716609999999, 41.278468600000004], [-85.497252, 41.2790492], [-85.4974236, 41.2796297], [-85.49785279999998, 41.2800167], [-85.4983249, 41.28033920000001], [-85.49866819999997, 41.2806939], [-85.499269, 41.2809197], [-85.49969819999997, 41.280855200000005], [-85.5005135, 41.280951999999985], [-85.5012002, 41.2811777], [-85.50162929999999, 41.28159699999999], [-85.5019298, 41.2818227], [-85.5024447, 41.2818872], [-85.5027881, 41.28159699999999], [-85.5030026, 41.2812422], [-85.5030885, 41.280822999999984], [-85.50330299999999, 41.2805327], [-85.50364639999997, 41.28021019999999], [-85.5044618, 41.2797587], [-85.5043759, 41.2794039], [-85.5038609, 41.27901690000001], [-85.50364639999997, 41.2787267], [-85.50347469999998, 41.277565599999996], [-85.5032601, 41.2771141], [-85.50317429999998, 41.2764368], [-85.50317429999998, 41.276211], [-85.5028739, 41.275630500000005], [-85.5025735, 41.275275700000016], [-85.50205849999999, 41.2749531], [-85.50162929999999, 41.27437259999999], [-85.50197269999997, 41.27369529999999], [-85.5024877, 41.27350169999999], [-85.50330299999999, 41.2737275], [-85.5037322, 41.2740178], [-85.5041184, 41.274404800000006], [-85.5044618, 41.27488859999999], [-85.5049338, 41.2753079], [-85.50553460000002, 41.2756627], [-85.5065705, 41.2759023], [-85.5068067, 41.2755728], [-85.50682499999999, 41.2750822], [-85.5069876, 41.27489090000001], [-85.5085356, 41.275540500000005], [-85.5086245, 41.275824], [-85.50798399999996, 41.275964499999986], [-85.50756399999999, 41.2762664], [-85.5075793, 41.2766164], [-85.5074289, 41.276671799999995], [-85.5072601, 41.2766234], [-85.5065397, 41.2768031], [-85.50572469999997, 41.2769183], [-85.5055043, 41.27700129999999], [-85.50549229999999, 41.27728], [-85.5056703, 41.277484900000005], [-85.5061484, 41.2776415], [-85.5065408, 41.2776277], [-85.50713849999997, 41.2777197], [-85.50786789999998, 41.2777634], [-85.50883639999999, 41.2774872], [-85.5092318, 41.2774205], [-85.5101634, 41.27778889999999], [-85.5105557, 41.2778327], [-85.511089, 41.27776359999999], [-85.51195949999999, 41.277717499999994], [-85.5124837, 41.2775494], [-85.5126492, 41.277293599999986]]]}, "properties": {"id": "big-lake-noble", "name": "Big Lake", "county": "Noble", "county2": null, "acres": 365.5, "max_depth_ft": 72, "survey_date": "2013-07-24", "contour_interval_ft": 5, "has_contours": true, "pdf_url": "https://www.in.gov/dnr/fish-and-wildlife/files/depth/fw-Big_Lake_Bathymetry_Noble_County_c_July_2013.pdf", "bbox": [-85.512649, 41.269889, -85.493304, 41.281887], "source": "Indiana DNR Fish & Wildlife bathymetry PDF, semi-manual digitization (Noble batch)", "source_url": "https://www.in.gov/dnr/fish-and-wildlife/fishing/lake-depth-maps/", "precision_note": "Georef shoreline IoU=0.997; shore acres 365.6 within 10% of map/PDF acres 365.5; Intervals from map header/legend: [5, 10, 15, 20, 25, 30, 35, 40, 45, 50, 55, 60, 65, 70] (interval=5', max=72'); White/print labels assigned by nested ring order onto confirmed survey intervals (OCR sparse on this render)", "note": null, "needs_review": false, "review_notes": null, "min_contour_ft": 0, "max_contour_ft": 70, "data_quality": "ok", "contour_method": "traced_from_pdf", "georef_method": "osm", "depth_assignment": "hand_visual_confirmed_intervals", "review_priority": null, "line_style": "solid", "shore_iou": 0.997}}, {"type": "Feature", "geometry": {"type": "Polygon", "coordinates": [[[-85.4850002, 41.27391629999999], [-85.4846453, 41.273804], [-85.48285199999997, 41.27443569999999], [-85.48188060000001, 41.2752219], [-85.48167509999999, 41.2759519], [-85.48171249999997, 41.2769487], [-85.48126419999997, 41.2777208], [-85.48051699999999, 41.278647299999996], [-85.47986319999998, 41.2795458], [-85.47995659999997, 41.280023], [-85.48077849999999, 41.2803038], [-85.4817872, 41.2793492], [-85.4831509, 41.278731499999985], [-85.4835245, 41.27804369999999], [-85.4837299, 41.277229399999996], [-85.48346839999999, 41.275797499999996], [-85.48341239999999, 41.275165699999995], [-85.4839728, 41.2744638], [-85.4849255, 41.2741409], [-85.4850002, 41.27391629999999]]]}, "properties": {"id": "crane-lake-noble", "name": "Crane Lake", "county": "Noble", "county2": null, "acres": 47.2, "max_depth_ft": 34, "survey_date": "2014-05-21", "contour_interval_ft": 3, "has_contours": true, "pdf_url": "https://www.in.gov/dnr/fish-and-wildlife/files/depth/fw-Crane_Lake_Bathymetry_Noble_County_c_May_2014.pdf", "bbox": [-85.485, 41.273804, -85.479863, 41.280309], "source": "Indiana DNR Fish & Wildlife bathymetry PDF, semi-manual digitization (Noble batch)", "source_url": "https://www.in.gov/dnr/fish-and-wildlife/fishing/lake-depth-maps/", "precision_note": "Georef shoreline IoU=0.997; shore acres 47.2 within 10% of map/PDF acres 47.2; Intervals from map header/legend: [3, 6, 9, 12, 15, 18, 21, 24, 27, 30, 33] (interval=3', max=34'); White/print labels assigned by nested ring order onto confirmed survey intervals (OCR sparse on this render)", "note": null, "needs_review": false, "review_notes": null, "min_contour_ft": 0, "max_contour_ft": 33, "data_quality": "ok", "contour_method": "traced_from_pdf", "georef_method": "osm", "depth_assignment": "hand_visual_confirmed_intervals", "review_priority": null, "line_style": "solid", "shore_iou": 0.997}}, {"type": "Feature", "geometry": {"type": "Polygon", "coordinates": [[[-85.41061443459736, 41.289217392276335], [-85.41068474842959, 41.289334985116525], [-85.41073162431775, 41.28941337887553], [-85.41078329990448, 41.28947043301957], [-85.41084904939675, 41.2895488691396], [-85.41093837427533, 41.289630916304894], [-85.4109994740877, 41.2896915489959], [-85.41106060084952, 41.28974506533624], [-85.4111452643701, 41.28981286820707], [-85.4112110974057, 41.28986995170068], [-85.41124395598217, 41.289912729695594], [-85.41127688732216, 41.28993771326818], [-85.41133340662489, 41.28996274812943], [-85.41145129343796, 41.28998080373245], [-85.4116257965718, 41.28999898420092], [-85.41178146742399, 41.29000644470507], [-85.41189942340733, 41.290006707270535], [-85.41200323631483, 41.29000337829149], [-85.41207878283358, 41.28998931112585], [-85.41216380657859, 41.2899645881137], [-85.41225353390244, 41.28994343369097], [-85.41232440379183, 41.28991868096247], [-85.4124330873648, 41.289876216160714], [-85.41250867520606, 41.28985147218142], [-85.41258905016947, 41.28980894591293], [-85.41265994611001, 41.289777074142634], [-85.41270721007037, 41.28975582718709], [-85.41276392610415, 41.28973104131348], [-85.41289626770843, 41.28967083592084], [-85.41300485426335, 41.289653281741515], [-85.41312289109506, 41.289632189990925], [-85.41319849061442, 41.289603888101574], [-85.41328824668435, 41.2895756158991], [-85.41338273328256, 41.28954379531333], [-85.41349144290668, 41.28949421327084], [-85.41357653402532, 41.28945169621923], [-85.41362387973238, 41.28940909679216], [-85.41366649491114, 41.28937004504299], [-85.41369501013321, 41.28931672818993], [-85.41370937060134, 41.289263380244066], [-85.41369066318555, 41.289220634222595], [-85.41368609704895, 41.28918147908807], [-85.41367227287505, 41.28909604090859], [-85.41360636977086, 41.28905675205221], [-85.41354978039953, 41.28904950878476], [-85.4134506728675, 41.28905640915967], [-85.41336559522357, 41.289095367273696], [-85.41326640504653, 41.2891236180848], [-85.41317663640018, 41.28915544697531], [-85.41307279564492, 41.28916589505582], [-85.41298312401662, 41.28917281499298], [-85.41293121127468, 41.28917625876167], [-85.41285581836783, 41.289151181749645], [-85.41276162192544, 41.289108270283414], [-85.41270514125027, 41.28907256020557], [-85.41261100140176, 41.2890154132406], [-85.41253566329213, 41.288976102061106], [-85.4124839571627, 41.2889261658942], [-85.41243694113737, 41.28888335890298], [-85.41241355888883, 41.288829926904285], [-85.41239973561325, 41.28874448893943], [-85.41238595366015, 41.28864837387963], [-85.41237216002897, 41.288555817903], [-85.41238188608854, 41.28848110924075], [-85.41240100672937, 41.28841709371555], [-85.41240585044537, 41.28838507816696], [-85.41242016959102, 41.288342405819286], [-85.41242995134613, 41.28825345994939], [-85.41239248171732, 41.28818220421207], [-85.41237384616674, 41.288121665292664], [-85.41234097142062, 41.28808244672405], [-85.41226097195299, 41.28802889122016], [-85.41218566258945, 41.28798246228468], [-85.41211974870548, 41.287946729990736], [-85.4120209196512, 41.28788245609218], [-85.41163057201582, 41.28756131177491], [-85.41142393524598, 41.287315307287216], [-85.4113583977561, 41.28718348981031], [-85.4112975773198, 41.28705168489218], [-85.41124140476677, 41.28693768302523], [-85.41106303887722, 41.28670241491543], [-85.41097843644205, 41.28662037891767], [-85.41083249973425, 41.2865382057894], [-85.41074304010837, 41.28649174271759], [-85.41066298764015, 41.28645241989239], [-85.41056399599078, 41.286430847848145], [-85.41045079299363, 41.286423478736886], [-85.41029041227438, 41.286416004997776], [-85.41013472165923, 41.286415658041314], [-85.4100118177553, 41.28647588196303], [-85.40994072777868, 41.28655757186178], [-85.40990259519317, 41.286657129853204], [-85.4098967597371, 41.28669986067893], [-85.40988316373527, 41.28679943330344], [-85.40986867570638, 41.28688480901458], [-85.40986828493922, 41.28698445020755], [-85.40989149830448, 41.28708058526872], [-85.40991482306083, 41.28714825185752], [-85.40996632976429, 41.28724800874883], [-85.410027245422, 41.2873549049936], [-85.4100833739576, 41.28747958398272], [-85.41013022020135, 41.28756509515403], [-85.41020055559314, 41.28767557107709], [-85.4102379102376, 41.28777529678734], [-85.41028940526296, 41.28787861333172], [-85.41032215334661, 41.287949859275685], [-85.4103736609484, 41.28804961629142], [-85.4104109598973, 41.28816357706594], [-85.41043421458505, 41.28824903469128], [-85.41043860016026, 41.28833445373011], [-85.41045240636788, 41.28842345011393], [-85.41043758416569, 41.2885942329489], [-85.4104561631224, 41.28866900695558], [-85.41046525137813, 41.28875799275821], [-85.41043676220721, 41.28880419232092], [-85.41052096309542, 41.28898943033553], [-85.41061443459736, 41.289217392276335]]]}, "properties": {"id": "lindsey-lake-noble", "name": "Lindsey Lake", "county": "Noble", "county2": null, "acres": 25.9, "max_depth_ft": 34, "survey_date": "2014-07-21", "contour_interval_ft": 3, "has_contours": true, "pdf_url": "https://www.in.gov/dnr/fish-and-wildlife/files/depth/fw-Lindsey_Lake_Bathymetry_Noble_County_c_July_2014.pdf", "bbox": [-85.413709, 41.286402, -85.409693, 41.290131], "source": "Indiana DNR Fish & Wildlife bathymetry PDF, semi-manual digitization (Noble batch)", "source_url": "https://www.in.gov/dnr/fish-and-wildlife/fishing/lake-depth-maps/", "precision_note": "Hand-read cBioBase labels/legend: 3\u201330 at 3-ft steps visible; legend 0\u201334'. Nested-ring depth assignment to [3, 6, 9, 12, 15, 18, 21, 24, 27, 30]. Georef=nhd_cache IoU=0.755.", "note": null, "contour_method": "traced_from_pdf", "georef_method": "nhd", "depth_assignment": "hand_visual_confirmed_intervals", "needs_review": false, "review_priority": null, "review_notes": null, "line_style": "solid", "data_quality": "ok", "shore_iou": 0.755, "min_contour_ft": 0, "max_contour_ft": 30}}, {"type": "Feature", "geometry": {"type": "Polygon", "coordinates": [[[-85.05544449999998, 41.6511822], [-85.05448389999998, 41.650464400000004], [-85.0538871, 41.64984449999999], [-85.0542219, 41.649344199999994], [-85.0543238, 41.648561199999996], [-85.0542365, 41.6475279], [-85.05298479999999, 41.6467449], [-85.05211149999998, 41.64653820000001], [-85.05062689999998, 41.64716899999999], [-85.0500884, 41.6469189], [-85.04898219999998, 41.6475279], [-85.0486038, 41.64737569999999], [-85.04749759999999, 41.64773460000001], [-85.04759949999999, 41.647963], [-85.0466389, 41.6484306], [-85.0466971, 41.6491158], [-85.0466389, 41.6499098], [-85.04749759999999, 41.650757999999996], [-85.04746849999998, 41.6510952], [-85.04796339999999, 41.6526938], [-85.0479313, 41.6534774], [-85.0482561, 41.65397829999999], [-85.0482982, 41.65464439999999], [-85.0478469, 41.65569529999999], [-85.0481453, 41.6558384], [-85.04832719999999, 41.655825799999995], [-85.04872660000001, 41.654773199999994], [-85.0491077, 41.6545545], [-85.0506421, 41.6539344], [-85.05135, 41.653863799999996], [-85.0517377, 41.65409089999999], [-85.0520824, 41.655151599999996], [-85.0531012, 41.6558476], [-85.0533486, 41.65577139999999], [-85.0531594, 41.655205999999986], [-85.05292649999998, 41.654651300000005], [-85.0540036, 41.653922699999995], [-85.0547313, 41.6533029], [-85.05531349999998, 41.65215009999999], [-85.05544449999998, 41.6511822]]]}, "properties": {"id": "loon-lake-noble", "name": "Loon Lake", "county": "Noble", "county2": null, "acres": 217.9, "max_depth_ft": 94, "survey_date": "2013-08-05", "contour_interval_ft": 10, "has_contours": true, "pdf_url": "https://www.in.gov/dnr/fish-and-wildlife/files/depth/fw-Loon_Lake_Bathymetry_Noble_County_c_August_2013.pdf", "bbox": [-85.055444, 41.646538, -85.046639, 41.655848], "source": "Indiana DNR Fish & Wildlife bathymetry PDF, semi-manual digitization (Noble batch)", "source_url": "https://www.in.gov/dnr/fish-and-wildlife/fishing/lake-depth-maps/", "precision_note": "No PDF acres on map header; IoU>=0.75; 10-ft intervals from map style", "note": null, "needs_review": false, "review_notes": null, "min_contour_ft": 0, "max_contour_ft": 90, "data_quality": "ok", "contour_method": "traced_from_pdf", "georef_method": "nhd", "depth_assignment": "hand_visual_confirmed_intervals", "review_priority": null, "line_style": "solid", "shore_iou": 0.853}}, {"type": "Feature", "geometry": {"type": "Polygon", "coordinates": [[[-85.4216937, 41.3333597], [-85.42137239999998, 41.333147999999994], [-85.42104399999998, 41.333037799999985], [-85.41985909999998, 41.33298109999999], [-85.4195755, 41.33292169999998], [-85.41929299999997, 41.3326942], [-85.41894669999998, 41.33254269999999], [-85.4185862, 41.3324607], [-85.4181858, 41.3324178], [-85.41781379999999, 41.3324284], [-85.4172488, 41.3328067], [-85.41637789999997, 41.333201499999994], [-85.41644049999998, 41.33333069999999], [-85.41678379999999, 41.33368519999998], [-85.4172904, 41.33405049999998], [-85.4177015, 41.3342384], [-85.4180023, 41.3342112], [-85.4183161, 41.3340893], [-85.41890799999997, 41.33419779999999], [-85.4194194, 41.3342099], [-85.41995219999997, 41.3341766], [-85.420514, 41.3340742], [-85.42091729999997, 41.3339349], [-85.42130749999997, 41.3337599], [-85.421619, 41.33351019999999], [-85.4216937, 41.3333597]]]}, "properties": {"id": "miller-lake-noble", "name": "Miller Lake", "county": "Noble", "county2": null, "acres": 25.6, "max_depth_ft": 28, "survey_date": "2013-07-12", "contour_interval_ft": 3, "has_contours": true, "pdf_url": "https://www.in.gov/dnr/fish-and-wildlife/files/depth/fw-Miller_Lake_Bathymetry_Noble_County_c_July_2013.pdf", "bbox": [-85.421694, 41.332418, -85.416378, 41.334238], "source": "Indiana DNR Fish & Wildlife bathymetry PDF, semi-manual digitization (Noble batch)", "source_url": "https://www.in.gov/dnr/fish-and-wildlife/fishing/lake-depth-maps/", "precision_note": "Georef shoreline IoU=0.994; shore acres 25.6 within 10% of map/PDF acres 25.6; Intervals from map header/legend: [3, 6, 9, 12, 15, 18, 21, 24, 27] (interval=3', max=28'); White/print labels assigned by nested ring order onto confirmed survey intervals (OCR sparse on this render)", "note": null, "contour_method": "traced_from_pdf", "georef_method": "osm", "depth_assignment": "hand_visual_confirmed_intervals", "needs_review": false, "review_priority": null, "review_notes": null, "line_style": "solid", "data_quality": "ok", "shore_iou": 0.994, "min_contour_ft": 0, "max_contour_ft": 24}}, {"type": "Feature", "geometry": {"type": "Polygon", "coordinates": [[[-85.61681190000002, 41.3442996], [-85.61597939999997, 41.3438164], [-85.6159021, 41.343584400000005], [-85.6161081, 41.3431526], [-85.61611670000002, 41.3428756], [-85.61589359999999, 41.3426242], [-85.61567899999999, 41.3425534], [-85.6154386, 41.342405099999986], [-85.6152842, 41.342153800000006], [-85.6149065, 41.3420185], [-85.61446879999997, 41.3419541], [-85.6139538, 41.34192179999999], [-85.61386790000002, 41.3419541], [-85.6139624, 41.3421409], [-85.6141769, 41.3423149], [-85.614546, 41.3426951], [-85.61464899999997, 41.3430302], [-85.6146061, 41.3434168], [-85.6146919, 41.3436681], [-85.61526699999999, 41.344080599999984], [-85.615576, 41.3441514], [-85.6158163, 41.3442545], [-85.6159536, 41.34423520000001], [-85.6164, 41.3442545], [-85.616666, 41.3443061], [-85.61681190000002, 41.3442996]]]}, "properties": {"id": "moss-lake-noble", "name": "Moss Lake", "county": "Noble", "county2": null, "acres": 11.9, "max_depth_ft": 19, "survey_date": "2013-07-02", "contour_interval_ft": 2, "has_contours": true, "pdf_url": "https://www.in.gov/dnr/fish-and-wildlife/files/depth/fw-Moss_Lake_Bathymetry_Noble_County_c_July_2013.pdf", "bbox": [-85.616812, 41.341922, -85.613868, 41.344306], "source": "Indiana DNR Fish & Wildlife bathymetry PDF, semi-manual digitization (Noble batch)", "source_url": "https://www.in.gov/dnr/fish-and-wildlife/fishing/lake-depth-maps/", "precision_note": "Georef shoreline IoU=0.983; shore acres 11.9 within 10% of map/PDF acres 11.9; Intervals from map header/legend: [2, 4, 6, 8, 10, 12, 14, 16, 18] (interval=2', max=19'); White/print labels assigned by nested ring order onto confirmed survey intervals (OCR sparse on this render)", "note": null, "needs_review": false, "review_notes": null, "min_contour_ft": 0, "max_contour_ft": 18, "data_quality": "ok", "contour_method": "traced_from_pdf", "georef_method": "osm", "depth_assignment": "hand_visual_confirmed_intervals", "review_priority": null, "line_style": "solid", "shore_iou": 0.983}}, {"type": "Feature", "geometry": {"type": "Polygon", "coordinates": [[[-85.4710466, 41.345118400000004], [-85.4708332, 41.3447123], [-85.4705925, 41.344526], [-85.47030719999997, 41.344412399999996], [-85.4700069, 41.3444105], [-85.4695826, 41.34461170000001], [-85.46914339999998, 41.34475330000001], [-85.4685602, 41.344900499999994], [-85.46787039999997, 41.34575370000001], [-85.4677662, 41.345969799999985], [-85.46773389999997, 41.3461728], [-85.4677612, 41.3464579], [-85.4678778, 41.3467541], [-85.4679647, 41.3473446], [-85.4679622, 41.34765199999999], [-85.4680639, 41.347843799999985], [-85.4683419, 41.348004], [-85.4686372, 41.3480841], [-85.4688952, 41.3480935], [-85.4691558, 41.348045000000006], [-85.46964959999998, 41.34783819999999], [-85.4697786, 41.3476911], [-85.4698754, 41.346864], [-85.47023269999997, 41.3459008], [-85.4704387, 41.3456009], [-85.4709821, 41.3452563], [-85.4710466, 41.345118400000004]]]}, "properties": {"id": "pleasant-lake-noble", "name": "Pleasant Lake", "county": "Noble", "county2": null, "acres": 30.4, "max_depth_ft": 65, "survey_date": "2014-07-21", "contour_interval_ft": 5, "has_contours": true, "pdf_url": "https://www.in.gov/dnr/fish-and-wildlife/files/depth/fw-Pleasant_Lake_Bathymetry_Noble_County_c_July_2014.pdf", "bbox": [-85.471047, 41.344411, -85.467734, 41.348093], "source": "Indiana DNR Fish & Wildlife bathymetry PDF, semi-manual digitization (Noble batch)", "source_url": "https://www.in.gov/dnr/fish-and-wildlife/fishing/lake-depth-maps/", "precision_note": "Georef shoreline IoU=0.997; shore acres 30.4 within 10% of map/PDF acres 30.4; Intervals from map header/legend: [5, 10, 15, 20, 25, 30, 35, 40, 45, 50, 55, 60] (interval=5', max=65'); White/print labels assigned by nested ring order onto confirmed survey intervals (OCR sparse on this render)", "note": null, "needs_review": false, "review_notes": null, "min_contour_ft": 0, "max_contour_ft": 60, "data_quality": "ok", "contour_method": "traced_from_pdf", "georef_method": "osm", "depth_assignment": "hand_visual_confirmed_intervals", "review_priority": null, "line_style": "solid", "shore_iou": 0.997}}, {"type": "Feature", "geometry": {"type": "Polygon", "coordinates": [[[-85.3284093, 41.324722099999995], [-85.3284015, 41.324615900000005], [-85.328319, 41.32451710000001], [-85.3281481, 41.3244212], [-85.3278869, 41.32434889999998], [-85.32742339999999, 41.3241572], [-85.3272388, 41.3241248], [-85.32713479999997, 41.3240584], [-85.3268264, 41.32396839999999], [-85.3267263, 41.3240245], [-85.3264003, 41.32401709999999], [-85.3255067, 41.3242958], [-85.3251493, 41.32447869999998], [-85.32495479999997, 41.32473679999998], [-85.3249666, 41.32480759999999], [-85.3250629, 41.32494619999999], [-85.3251689, 41.32501260000001], [-85.3256717, 41.32507749999999], [-85.32598979999999, 41.32499339999999], [-85.3261862, 41.324873999999994], [-85.3264258, 41.32476629999999], [-85.32669479999997, 41.32473679999998], [-85.3271848, 41.3247486], [-85.3273891, 41.324784], [-85.32785839999997, 41.3249175], [-85.32819819999997, 41.32488279999998], [-85.32831699999997, 41.3248275], [-85.3284093, 41.324722099999995]]]}, "properties": {"id": "summit-lake-noble", "name": "Summit Lake", "county": "Noble", "county2": null, "acres": 9.2, "max_depth_ft": 39, "survey_date": "2014-07-21", "contour_interval_ft": 5, "has_contours": true, "pdf_url": "https://www.in.gov/dnr/fish-and-wildlife/files/depth/fw-Summit_Lake_Bathymetry_Noble_County_c_July_2014.pdf", "bbox": [-85.328409, 41.323968, -85.324955, 41.325077], "source": "Indiana DNR Fish & Wildlife bathymetry PDF, semi-manual digitization (Noble batch)", "source_url": "https://www.in.gov/dnr/fish-and-wildlife/fishing/lake-depth-maps/", "precision_note": "Georef shoreline IoU=0.975; shore acres 9.1 within 10% of map/PDF acres 9.2; Intervals from map header/legend: [5, 10, 15, 20, 25, 30, 35] (interval=5', max=39'); White/print labels assigned by nested ring order onto confirmed survey intervals (OCR sparse on this render)", "note": null, "needs_review": false, "review_notes": null, "min_contour_ft": 0, "max_contour_ft": 35, "data_quality": "ok", "contour_method": "traced_from_pdf", "georef_method": "osm", "depth_assignment": "hand_visual_confirmed_intervals", "review_priority": null, "line_style": "solid", "shore_iou": 0.975}}, {"type": "Feature", "geometry": {"type": "Polygon", "coordinates": [[[-85.4892885, 41.353158400000005], [-85.48839529999998, 41.35222219999998], [-85.4884034, 41.352135600000004], [-85.4885455, 41.3520329], [-85.4885455, 41.35179119999999], [-85.4880734, 41.351215399999994], [-85.4883095, 41.3507745], [-85.4884708, 41.35065869999999], [-85.48856429999996, 41.3503738], [-85.4884999, 41.3499207], [-85.4874861, 41.34900859999999], [-85.4873466, 41.3488193], [-85.48685849999997, 41.3484288], [-85.4866894, 41.348442899999995], [-85.4860243, 41.348573699999996], [-85.4858686, 41.348843499999994], [-85.48579889999998, 41.3493026], [-85.4858311, 41.35041], [-85.4853487, 41.3513312], [-85.4853433, 41.351524500000004], [-85.48521960000001, 41.351831499999996], [-85.4853054, 41.3521255], [-85.485241, 41.352339], [-85.48576139999997, 41.35296309999998], [-85.4858902, 41.35334559999999], [-85.48577169999999, 41.3540774], [-85.48561309999997, 41.3542269], [-85.48557509999998, 41.354422199999995], [-85.4851928, 41.3550268], [-85.48390569999998, 41.35487279999999], [-85.48354889999999, 41.35478219999999], [-85.4819047, 41.35391839999999], [-85.481768, 41.35362649999999], [-85.481725, 41.35329029999999], [-85.48162849999997, 41.3532299], [-85.48154529999998, 41.353326500000016], [-85.48154799999999, 41.353554], [-85.4816499, 41.3538258], [-85.4817882, 41.3540092], [-85.4831359, 41.35475399999999], [-85.48360799999999, 41.3549292], [-85.48507779999998, 41.3551768], [-85.4851471, 41.355463699999994], [-85.4850774, 41.3559369], [-85.4847771, 41.3562348], [-85.48482300000002, 41.356716999999996], [-85.48504259999999, 41.35694749999999], [-85.4859706, 41.35725959999999], [-85.4861235, 41.3574307], [-85.4861369, 41.35763], [-85.48590389999998, 41.357936999999986], [-85.4856357, 41.35797529999999], [-85.4849008, 41.357935], [-85.48438039999999, 41.3579491], [-85.4843938, 41.35802759999999], [-85.48571879999999, 41.35804569999999], [-85.4858338, 41.358080999999984], [-85.4856648, 41.3584051], [-85.48567019999997, 41.3586991], [-85.4844689, 41.3587162], [-85.4844663, 41.3587927], [-85.4856464, 41.358808799999984], [-85.4855548, 41.359160100000004], [-85.48504789999997, 41.359158], [-85.48506339999999, 41.3592306], [-85.4853907, 41.3592641], [-85.4854368, 41.3594117], [-85.48645869999999, 41.359872800000005], [-85.48711329999999, 41.36066999999999], [-85.4874136, 41.36124569999999], [-85.4878106, 41.3615699], [-85.4884784, 41.36143100000001], [-85.48873319999998, 41.361435], [-85.4888892, 41.36135339999999], [-85.48901259999997, 41.3610474], [-85.48895359999999, 41.36095889999999], [-85.4890502, 41.3606488], [-85.4888353, 41.3593251], [-85.48860989999999, 41.3589265], [-85.48867429999999, 41.3585883], [-85.4885187, 41.35818569999999], [-85.48889420000002, 41.35750110000001], [-85.4890176, 41.3568247], [-85.48880839999998, 41.3562368], [-85.4884543, 41.3557938], [-85.48784279999997, 41.3553953], [-85.48766039999998, 41.3550409], [-85.4883524, 41.354461099999995], [-85.488744, 41.35391340000001], [-85.48913019999998, 41.353551], [-85.4892885, 41.353158400000005]]]}, "properties": {"id": "upper-long-lake-noble", "name": "Upper Long Lake", "county": "Noble", "county2": null, "acres": 152.1, "max_depth_ft": 53, "survey_date": "2013-07-12", "contour_interval_ft": 5, "has_contours": true, "pdf_url": "https://www.in.gov/dnr/fish-and-wildlife/files/depth/fw-Upper_Long_Lake_Bathymetry_Noble_County_c_July_2013.pdf", "bbox": [-85.489289, 41.348429, -85.481545, 41.36157], "source": "Indiana DNR Fish & Wildlife bathymetry PDF, semi-manual digitization (Noble batch)", "source_url": "https://www.in.gov/dnr/fish-and-wildlife/fishing/lake-depth-maps/", "precision_note": "Georef shoreline IoU=0.999; shore acres 152.1 within 10% of map/PDF acres 152.1; Intervals from map header/legend: [5, 10, 15, 20, 25, 30, 35, 40, 45, 50] (interval=5', max=53'); White/print labels assigned by nested ring order onto confirmed survey intervals (OCR sparse on this render)", "note": null, "needs_review": false, "review_notes": null, "min_contour_ft": 0, "max_contour_ft": 50, "data_quality": "ok", "contour_method": "traced_from_pdf", "georef_method": "osm", "depth_assignment": "hand_visual_confirmed_intervals", "review_priority": null, "line_style": "solid", "shore_iou": 0.999}}, {"type": "Feature", "geometry": {"type": "Point", "coordinates": [-85.539957, 41.42617]}, "properties": {"id": "eagle-lake-noble", "name": "Eagle Lake", "county": "Noble", "county2": null, "acres": null, "max_depth_ft": 45, "survey_date": "2015-07-22", "contour_interval_ft": 5, "has_contours": true, "pdf_url": "https://www.in.gov/dnr/fish-and-wildlife/files/depth/fw-Eagle_Lake_Bathymetric_Noble_County_c_July_2015.pdf", "bbox": [-85.512899, 41.442248, -85.510862, 41.443844], "source": "Indiana DNR Fish & Wildlife bathymetry PDF, semi-manual digitization (Noble batch)", "source_url": "https://www.in.gov/dnr/fish-and-wildlife/fishing/lake-depth-maps/", "precision_note": "PDF contours re-traced; depths assigned by reading labels printed on the map (10 labels via PDF text/OCR \u2192 contour snap). Georef=nhd (nhd_near:unnamed_390_10ac), shoreline IoU=0.752.", "note": null, "needs_review": false, "review_notes": null, "min_contour_ft": 0, "max_contour_ft": 45, "data_quality": "ok", "contour_method": "traced_from_pdf", "georef_method": "nhd", "depth_assignment": "pdf_label", "review_priority": null, "line_style": "solid", "shore_iou": 0.752}}, {"type": "Feature", "geometry": {"type": "Point", "coordinates": [-85.576982, 41.435366]}, "properties": {"id": "engle-lake-noble", "name": "Engle Lake", "county": "Noble", "county2": null, "acres": null, "max_depth_ft": 25, "survey_date": "2015-06-03", "contour_interval_ft": 3, "has_contours": true, "pdf_url": "https://www.in.gov/dnr/fish-and-wildlife/files/depth/fw-Engle_Lake_Bathymetric_Noble_County_c_June_2015.pdf", "bbox": [-85.579824, 41.431939, -85.574211, 41.438848], "source": "Indiana DNR Fish & Wildlife bathymetry PDF, semi-manual digitization (Noble batch)", "source_url": "https://www.in.gov/dnr/fish-and-wildlife/fishing/lake-depth-maps/", "precision_note": "PDF contours re-traced; depths assigned by reading labels printed on the map (7 labels via PDF text/OCR \u2192 contour snap). Georef=nhd (nhd:Engle Lake), shoreline IoU=0.759.", "note": null, "needs_review": false, "review_notes": null, "min_contour_ft": 0, "max_contour_ft": 24, "data_quality": "ok", "contour_method": "traced_from_pdf", "georef_method": "nhd", "depth_assignment": "pdf_label", "review_priority": null, "line_style": "solid", "shore_iou": 0.759}}, {"type": "Feature", "geometry": {"type": "Polygon", "coordinates": [[[-85.40894762765568, 41.39950830168557], [-85.40896954295535, 41.399514073136366], [-85.408985685681, 41.39952906677686], [-85.40898915138138, 41.39953368191454], [-85.40900297914853, 41.399553285296086], [-85.4090271986269, 41.39957403891776], [-85.40904911662152, 41.39958557574259], [-85.40907103192119, 41.39958672733607], [-85.40908602480327, 41.399602873900704], [-85.40908947702893, 41.39962016801114], [-85.4091021702239, 41.39963054784439], [-85.40912637443091, 41.39965246111972], [-85.40914829242553, 41.399666301788585], [-85.40916904620353, 41.39967667622381], [-85.40920018809949, 41.399675521936565], [-85.40930281972238, 41.39965245370751], [-85.4093339589234, 41.399643228839395], [-85.40941007587236, 41.39961093976924], [-85.40944928733451, 41.39958211624517], [-85.40958421698514, 41.399461024286325], [-85.40960381283475, 41.399429879309615], [-85.40962112157364, 41.399392981050696], [-85.40963841504116, 41.399351460882144], [-85.40964072281312, 41.39932494313461], [-85.40962804219458, 41.39929726367005], [-85.40961650782634, 41.399260359945046], [-85.40959689580706, 41.39921307630088], [-85.40958306085336, 41.39916926090183], [-85.40956576199594, 41.39911505208243], [-85.40955307778412, 41.3990758389844], [-85.40953693236352, 41.39903432669938], [-85.40951963170947, 41.39898819988556], [-85.40949195910713, 41.39893746190246], [-85.40946196705474, 41.398877492838274], [-85.40944005983991, 41.3988475099701], [-85.40940892602879, 41.39880829805836], [-85.40938470385547, 41.398781765938345], [-85.40931089467847, 41.39870219511973], [-85.40928437461466, 41.398675673738026], [-85.40923132370725, 41.398637616702175], [-85.40919441462715, 41.39861571117085], [-85.4091621327691, 41.39859033125721], [-85.40913560192551, 41.3985730382204], [-85.40908947882555, 41.39854074592314], [-85.40906295786343, 41.398504994728945], [-85.40904565900598, 41.3984519450553], [-85.40902835925026, 41.3983977477669], [-85.40900413707693, 41.39829510305032], [-85.40898913970325, 41.398254743231384], [-85.40897069279892, 41.39820746492025], [-85.40894071601787, 41.3981405719913], [-85.4089303377814, 41.398125584095126], [-85.4089130299408, 41.39810367030497], [-85.40888997557737, 41.39807714328819], [-85.4088542136459, 41.398047160050744], [-85.40882193358449, 41.39802525432041], [-85.40877233669934, 41.39800679401312], [-85.40872620731119, 41.397999884284076], [-85.40868354003013, 41.397999880914774], [-85.40864548829302, 41.39800564373939], [-85.40861781299573, 41.3980171781472], [-85.40857513223996, 41.39801948071585], [-85.40851977356058, 41.39800680277327], [-85.40848056658999, 41.39798719083898], [-85.40845173695759, 41.39797336126804], [-85.40840792073128, 41.39796297577927], [-85.40836408923363, 41.397957212950885], [-85.40825568683336, 41.397937603023195], [-85.40822456110708, 41.39793645274824], [-85.40818880636213, 41.397931840866434], [-85.4081703549662, 41.397929538294676], [-85.40808962157497, 41.39793414006876], [-85.40802389184563, 41.39793991570251], [-85.4079869899521, 41.39794913609535], [-85.40794777310003, 41.39795259972286], [-85.40791779721732, 41.39795260174442], [-85.40788897027986, 41.39795259770126], [-85.40786244213119, 41.39795489825064], [-85.40780593540488, 41.39794567785856], [-85.4077690308164, 41.39793991368095], [-85.40774020298059, 41.39793876273216], [-85.40772058557143, 41.39793645274824], [-85.40768714578498, 41.39792837925942], [-85.40764101639682, 41.39793414815508], [-85.40760987809414, 41.39794452017133], [-85.40758912790938, 41.3979549076846], [-85.40756951319516, 41.397958365247085], [-85.40754183520293, 41.39795606200241], [-85.40752684591409, 41.397949134073805], [-85.40749686643814, 41.39793876003674], [-85.40746918934421, 41.39794222299088], [-85.40745304033034, 41.39795374595438], [-85.40743920358004, 41.397972204255176], [-85.40743574506618, 41.39799526499431], [-85.40745996005299, 41.39815440826517], [-85.40748186816614, 41.398265123282705], [-85.40750840529795, 41.39831355384177], [-85.40751646767764, 41.39832047229757], [-85.40753377192493, 41.39832393994838], [-85.40755337406277, 41.39833431998864], [-85.40756375409586, 41.39835507467338], [-85.40756837233474, 41.39837583676391], [-85.4075625979641, 41.39839428888016], [-85.40756490124448, 41.39841619718152], [-85.40757527858264, 41.39842888313047], [-85.40758104576676, 41.3984496391327], [-85.40757182276376, 41.398465781262885], [-85.407559135857, 41.398480771102136], [-85.40755913765362, 41.39849462010674], [-85.407562603354, 41.398501539891], [-85.4075660546813, 41.398518832946834], [-85.40755914663677, 41.39853036726357], [-85.40755913316204, 41.3985442027806], [-85.4075798959232, 41.39859840668533], [-85.40761219035768, 41.39862377581418], [-85.40768830371337, 41.398725265707604], [-85.40771598619718, 41.398752940025], [-85.40773442681332, 41.39877370131457], [-85.40775057133563, 41.39879560881422], [-85.4077678746846, 41.398804831107256], [-85.4077967034187, 41.39880944292712], [-85.40781630555652, 41.398820981909196], [-85.40782438769915, 41.39884057876726], [-85.40784284089169, 41.39885096478966], [-85.40785898271903, 41.39887172604791], [-85.40786128689774, 41.398895938747465], [-85.40785321643325, 41.39892015885033], [-85.407854372565, 41.39895360593297], [-85.40785668033696, 41.39899742215127], [-85.40785898271903, 41.399014721813586], [-85.40786013435924, 41.39902740831957], [-85.40786128689774, 41.39904355569696], [-85.40786705318355, 41.399056240175746], [-85.40787166693086, 41.39906546917027], [-85.40787282036769, 41.39908160373517], [-85.40787165884602, 41.39909775177296], [-85.4078682129086, 41.39911390115445], [-85.4078566767437, 41.399130043119605], [-85.40785206479305, 41.39913927210365], [-85.40785897822747, 41.39914273499382], [-85.40788089532377, 41.39914388524744], [-85.40790511120889, 41.39915541069327], [-85.40793047783588, 41.39917040576422], [-85.40794663313795, 41.3991807910601], [-85.40795701227273, 41.399195780734445], [-85.4079766162072, 41.399211926048494], [-85.4079881433889, 41.39922230123005], [-85.40799620936185, 41.399239606223254], [-85.40800543955139, 41.39926612333175], [-85.40801812016993, 41.39928457384752], [-85.40803081426321, 41.39931341300191], [-85.4080331166453, 41.399335320993494], [-85.40802274469702, 41.39934684910074], [-85.40801005599363, 41.399349159708386], [-85.40799275533958, 41.39935723773759], [-85.40798238069637, 41.39936530296281], [-85.40797892038589, 41.399375684858285], [-85.4080146679443, 41.39941950618275], [-85.40807117287399, 41.399487548716756], [-85.40810691683915, 41.39951292288931], [-85.40813113631752, 41.399529058016924], [-85.40814844056484, 41.39953943786472], [-85.40816689465571, 41.399546362254654], [-85.408179571681, 41.399559045961446], [-85.40828105705359, 41.39954866476907], [-85.40829835770766, 41.399541745096315], [-85.40829374216374, 41.399530212306765], [-85.40828452814387, 41.39951291278166], [-85.40828567259754, 41.39948985190712], [-85.4082948973972, 41.39947947609447], [-85.40832718734008, 41.399476011874526], [-85.40834102858197, 41.39948524013554], [-85.40835948177454, 41.3994898593194], [-85.4083779349671, 41.39949677091161], [-85.40839177531069, 41.39949562268574], [-85.40841483955559, 41.39949446367837], [-85.40843790380052, 41.39949446300457], [-85.40846211968562, 41.39949562470726], [-85.40848403678194, 41.399503689241456], [-85.40850132755453, 41.3995140690933], [-85.40851977984877, 41.39951406774565], [-85.40854054260994, 41.399503691262964], [-85.40856822239878, 41.399503689241456], [-85.40858897438017, 41.399507150090706], [-85.4086074257761, 41.39950600186503], [-85.40862587627373, 41.399495615273466], [-85.40864432677135, 41.39949216183588], [-85.40866624207102, 41.39948985123332], [-85.40867893167272, 41.39949331814788], [-85.40869622244531, 41.39949677293311], [-85.4087089102504, 41.39949446300457], [-85.40872967480819, 41.399488694921196], [-85.40873889960783, 41.39947947676832], [-85.4087596506909, 41.399476013222184], [-85.40878617883955, 41.399474860279085], [-85.40881385683177, 41.39947485825758], [-85.40882769987029, 41.39949215711896], [-85.40884613868981, 41.399500237825805], [-85.40887266773679, 41.39950253495115], [-85.4088980469402, 41.399503691262964], [-85.408917649078, 41.399503695306024], [-85.40894762765568, 41.39950830168557]], [[-85.40852414655939, 41.39867253292324], [-85.4085211731358, 41.3986848670725], [-85.40853052010631, 41.39869294990125], [-85.40854115076938, 41.39870102868588], [-85.40853221971882, 41.398706980800064], [-85.4085241420678, 41.39870697473541], [-85.408505434652, 41.39870825370204], [-85.40849608139327, 41.398702722070176], [-85.4084918170906, 41.398693792213486], [-85.40848671825307, 41.39868656786958], [-85.40847098965075, 41.3986857100587], [-85.408458650392, 41.39868954291664], [-85.40844928904845, 41.398683168296955], [-85.40844759841907, 41.39866828295114], [-85.408457373886, 41.39866487326984], [-85.40846672804304, 41.39866742514001], [-85.40847268926328, 41.39866317381991], [-85.40848119720732, 41.398655092335176], [-85.4084858684468, 41.39864871905979], [-85.40847183316882, 41.39864361397014], [-85.40846078029756, 41.3986351120003], [-85.40846631032643, 41.39862787417288], [-85.40847183496544, 41.39862957294988], [-85.40848033931623, 41.39863212482144], [-85.4084867200497, 41.39862957631914], [-85.40849139128917, 41.39862489979682], [-85.408493955081, 41.39861809188493], [-85.40849309180001, 41.398612143805686], [-85.40849522799375, 41.398605757723004], [-85.40850415634935, 41.39860278469365], [-85.40850841166886, 41.39859810277867], [-85.40850712797632, 41.398591734214676], [-85.40849735789928, 41.398587902698694], [-85.40848842595042, 41.398585773329884], [-85.40847565639865, 41.39858365272106], [-85.40846757964593, 41.398578972152364], [-85.40846206039681, 41.39857131518328], [-85.40846418401416, 41.39856067776973], [-85.40847098965075, 41.398552605706186], [-85.4084820479119, 41.39854579711281], [-85.40848842505211, 41.398544518816855], [-85.40849735430604, 41.39854622298687], [-85.4085067102597, 41.39855047296695], [-85.40852159893723, 41.3985526009892], [-85.40853690533136, 41.39854197570191], [-85.40854286385664, 41.39852793331196], [-85.4085590236503, 41.39852070423268], [-85.40857773106607, 41.39852411324769], [-85.40858751641447, 41.39853601279096], [-85.40859517365395, 41.39853899121418], [-85.4086104809464, 41.398530064030396], [-85.40862961775687, 41.39853473786408], [-85.408631735086, 41.39854707675647], [-85.4086249402292, 41.39855941092953], [-85.40862536692896, 41.3985700402571], [-85.40864534995247, 41.39857556920485], [-85.40864280412693, 41.39859044783342], [-85.4086211143044, 41.398600238211735], [-85.40860792613772, 41.398601081198976], [-85.4085896346419, 41.39860406298847], [-85.40857517985067, 41.398608314986305], [-85.40855348463823, 41.3986095959764], [-85.40855179221224, 41.398616821002726], [-85.40856752710276, 41.3986278748467], [-85.40858241398365, 41.39863298195917], [-85.40857857368582, 41.398638928014975], [-85.4085755993639, 41.398643190792114], [-85.40857731065452, 41.39864913886853], [-85.40857560205886, 41.39865934432968], [-85.40856880181215, 41.3986665740674], [-85.40856072505943, 41.39867125732518], [-85.40855051660454, 41.39867168117683], [-85.40853180469718, 41.39866614684645], [-85.40852414655939, 41.39867253292324]], [[-85.40820679243076, 41.39896250273549], [-85.40819825394398, 41.39896770820334], [-85.40819230889342, 41.398964361205465], [-85.40819118420268, 41.39895469891296], [-85.40819118510099, 41.398947641038305], [-85.4081848663513, 41.39894428932249], [-85.40817483755947, 41.39893426180176], [-85.40815996415331, 41.39892051194639], [-85.40815216318339, 41.398912698011074], [-85.40815068006485, 41.39890304312324], [-85.40815550671287, 41.39889412003252], [-85.40816405418279, 41.398887432767566], [-85.40818115361422, 41.398880746175735], [-85.40819639622796, 41.39887442480884], [-85.4082008536684, 41.39886475576447], [-85.40821088785013, 41.39885880972937], [-85.40821793962512, 41.39885510221718], [-85.40823169732369, 41.39885137920626], [-85.40826031136044, 41.39885621271883], [-85.40827555397418, 41.39886252667519], [-85.40828669577864, 41.39887925966741], [-85.40828483357106, 41.39889300211918], [-85.40828224642303, 41.3989100949381], [-85.40827741258849, 41.39892794313541], [-85.40827033925393, 41.39893946322877], [-85.40826291467813, 41.3989442899963], [-85.40825585481831, 41.39894540117034], [-85.40825102278039, 41.398949860690756], [-85.4082435820349, 41.39895766586159], [-85.40823504893802, 41.39895803715126], [-85.40822165505712, 41.398951725899565], [-85.40821274556613, 41.39895395768117], [-85.40820679243076, 41.39896250273549]], [[-85.40832497928112, 41.398166353698265], [-85.40831575897302, 41.398173660984234], [-85.40830907820225, 41.39817048375699], [-85.40830717287554, 41.398161576064375], [-85.40830590086111, 41.3981523631141], [-85.40830081819323, 41.3981485450493], [-85.40829349961861, 41.39814345878828], [-85.40829127988154, 41.39813805311931], [-85.40829128437312, 41.39812978086812], [-85.40829223568899, 41.39812055376238], [-85.4082954157251, 41.39811420401953], [-85.40829540404701, 41.398109425707936], [-85.40829159788515, 41.39810593176536], [-85.40828396759512, 41.39810656182057], [-85.40827759674312, 41.398104660199266], [-85.40827856063544, 41.39809734414547], [-85.40828555401993, 41.39809129696176], [-85.40829477073473, 41.39808526123303], [-85.40830812688638, 41.39808430907436], [-85.40831767058796, 41.39808876393689], [-85.40832658187557, 41.39809289467436], [-85.40833230324561, 41.39809161906492], [-85.4083421586626, 41.39808971676936], [-85.40834946555911, 41.39809003685098], [-85.40835646792675, 41.398090026069255], [-85.40836505761749, 41.39809384885446], [-85.40836982228177, 41.398103710062486], [-85.40837522834316, 41.39810943109882], [-85.40838254961271, 41.398113247144316], [-85.40838445763438, 41.398117377880226], [-85.4083822262192, 41.39812469730105], [-85.408379051573, 41.398128507281], [-85.40837681836119, 41.39813232871621], [-85.40837267892438, 41.398138361745154], [-85.40836696474085, 41.398142819973266], [-85.40836347029439, 41.39814759087001], [-85.40835710034072, 41.39815553629908], [-85.40835106186539, 41.39816158617223], [-85.40834533600376, 41.39816189614564], [-85.40834088664818, 41.39815903226059], [-85.40833165915356, 41.398159673097], [-85.40832497928112, 41.398166353698265]]]}, "properties": {"id": "skinner-lake-noble", "name": "Skinner Lake", "county": "Noble", "county2": null, "acres": 10.0, "max_depth_ft": 30, "survey_date": "2015-05-26", "contour_interval_ft": 3, "has_contours": true, "pdf_url": "https://www.in.gov/dnr/fish-and-wildlife/files/depth/fw-Skinner_Lake_Bathymetric_Noble_County_c_May_2015.pdf", "bbox": [-85.409641, 41.397512, -85.407436, 41.399677], "source": "Indiana DNR Fish & Wildlife bathymetry PDF, semi-manual digitization (Noble batch)", "source_url": "https://www.in.gov/dnr/fish-and-wildlife/fishing/lake-depth-maps/", "precision_note": "Shoreline confirmed vs nhd_near:unnamed_390_10ac (IoU=0.977); Kept existing contour depths (pdf_label)", "note": null, "needs_review": false, "review_notes": null, "min_contour_ft": 0, "max_contour_ft": 30, "data_quality": "ok", "contour_method": "traced_from_pdf", "georef_method": "nhd", "depth_assignment": "pdf_label", "review_priority": null, "line_style": "solid", "shore_iou": 0.977}}, {"type": "Feature", "geometry": {"type": "Polygon", "coordinates": [[[-85.48724069329846, 41.270631037969245], [-85.48731736540627, 41.270646394842615], [-85.48738145660853, 41.27065967082127], [-85.48742043630534, 41.27066688169604], [-85.48748717035117, 41.270675432118026], [-85.48757670004565, 41.27068143712785], [-85.4878328061399, 41.27069356395118], [-85.48788338129039, 41.27069140609112], [-85.48794922420745, 41.27068469484885], [-85.48800632022859, 41.27067405205945], [-85.48804326074972, 41.27066122169959], [-85.48808135021608, 41.27065317293123], [-85.48812953764454, 41.27064526527362], [-85.48817136679742, 41.27063917383797], [-85.48822851042928, 41.27062662569474], [-85.48828062708881, 41.270613053982224], [-85.48837220763708, 41.27058668767672], [-85.48850708877868, 41.27054567407767], [-85.4885655421542, 41.270531238121904], [-85.48865043923675, 41.270520026808434], [-85.4886821910888, 41.270512842924575], [-85.48871649056298, 41.27050474079893], [-85.48876226870986, 41.270492035313595], [-85.48878222029231, 41.27048499118833], [-85.48880626909079, 41.270478988185964], [-85.48884821502466, 41.2704681340325], [-85.48887506207525, 41.27046102981384], [-85.48889446388876, 41.27045765595113], [-85.48893000303804, 41.270450522698745], [-85.4889603059075, 41.27045094400964], [-85.48899678289793, 41.27045716577214], [-85.48906808128372, 41.270485789923164], [-85.48910430405091, 41.27050248975821], [-85.48922288436337, 41.27056035579451], [-85.48923927682067, 41.27056153532806], [-85.48925075639168, 41.27055692994835], [-85.48925457512996, 41.27055142118194], [-85.48925860856559, 41.2705456038593], [-85.48925893375572, 41.27053226709146], [-85.48924155764318, 41.27051963925685], [-85.48922154228033, 41.27051173698448], [-85.48916406267855, 41.2704861653218], [-85.48902183870784, 41.27041367891435], [-85.48900315464824, 41.27040293817994], [-85.4889782497553, 41.2703882989639], [-85.48897275655735, 41.270383640232915], [-85.48896339970534, 41.27037570486034], [-85.48895107481965, 41.27036314586362], [-85.48894659761625, 41.2703538581056], [-85.4889393931277, 41.27035022024245], [-85.48891904987977, 41.270342791249966], [-85.48889084277984, 41.27033406321236], [-85.48886813157283, 41.27032660180946], [-85.48884701397712, 41.27031856582826], [-85.4888397412166, 41.27031377070606], [-85.48882405034352, 41.27028896394414], [-85.48882329575868, 41.270267988817245], [-85.48882750077253, 41.270250893942084], [-85.48884573387784, 41.2702282767651], [-85.48886254315346, 41.270212310105656], [-85.48887563430208, 41.27019343273965], [-85.48888759986167, 41.270168821059194], [-85.48889794396217, 41.27010702377047], [-85.48889466690801, 41.270086014826084], [-85.48887506656682, 41.27006096693767], [-85.48885907116487, 41.270043591807784], [-85.48884790420759, 41.270036665791025], [-85.48883839464197, 41.27003077010138], [-85.48882920757157, 41.27002507291475], [-85.48880916795422, 41.27001812596537], [-85.48878791201795, 41.270009254070516], [-85.48876798918158, 41.26999754303246], [-85.48874701082475, 41.269977240293855], [-85.48874223897397, 41.26996573923187], [-85.48874268004677, 41.269947640280506], [-85.48874546033257, 41.26993719587482], [-85.48875471567494, 41.26992017113203], [-85.48876121498603, 41.26991263811238], [-85.48876240794873, 41.269911197271206], [-85.48877014873153, 41.26990893270633], [-85.48878215920688, 41.26990195198542], [-85.48878002391145, 41.2698923920628], [-85.48877085840061, 41.26987975802777], [-85.48875767472549, 41.26987004618555], [-85.48873892419057, 41.269862043907324], [-85.48872101986863, 41.26985167105743], [-85.48870465615742, 41.2698364362054], [-85.4886861104384, 41.26981997994156], [-85.48866534228732, 41.269791102979596], [-85.48865682805507, 41.26977764384924], [-85.48863463337935, 41.2697554187908], [-85.48858957298637, 41.26973859520581], [-85.4885470629105, 41.269720854039704], [-85.48851855577327, 41.269698541187786], [-85.48849891141465, 41.269675399200146], [-85.48848300674254, 41.26965421389331], [-85.48846962813302, 41.26963306368927], [-85.48845748919858, 41.26961288507161], [-85.48846187926537, 41.26958816919356], [-85.48847129810112, 41.269564476889514], [-85.48848828973472, 41.269540887880446], [-85.48850647882259, 41.26952017583631], [-85.4885235171686, 41.26949468278219], [-85.48853550698269, 41.26946911882344], [-85.48854758932326, 41.26943974476777], [-85.4885606328612, 41.26942277391039], [-85.48857985231669, 41.26941160494346], [-85.48861961624273, 41.26938642716008], [-85.48863906566696, 41.269365733297064], [-85.48865982393653, 41.26934314889771], [-85.48867548606351, 41.26932240168101], [-85.4887038431821, 41.26929897125406], [-85.48872333842039, 41.2692763713023], [-85.4887427869463, 41.26925567672919], [-85.48875964113765, 41.269237803769734], [-85.48877675224718, 41.269209453198926], [-85.48878004097944, 41.269178052103385], [-85.48877825872192, 41.269147532792516], [-85.48876999871288, 41.26912359523405], [-85.4887541191936, 41.26910145907822], [-85.4887394550949, 41.26908124316073], [-85.48872352796492, 41.26906101103235], [-85.48870982506357, 41.2690531977088], [-85.48868110861888, 41.26903945889669], [-85.48864323115492, 41.26903893494748], [-85.48860762463202, 41.26904892306695], [-85.48858207025712, 41.26906095769217], [-85.48855134967103, 41.269077684899315], [-85.48854342563192, 41.26909186932995], [-85.48853012876909, 41.26911931992155], [-85.48851161628771, 41.26915336779469], [-85.48849808765952, 41.26919034530288], [-85.48848492823893, 41.26921208104054], [-85.48846795726658, 41.269234716124515], [-85.48844986340012, 41.26925161816137], [-85.48843431715582, 41.26926760328589], [-85.48841344300357, 41.26929494779884], [-85.48840030693917, 41.26931573013417], [-85.48838841144817, 41.2693374827098], [-85.48837382729954, 41.26936586833482], [-85.4883555699397, 41.26938943985217], [-85.4883383905582, 41.26942064774217], [-85.48831623091678, 41.269448928676916], [-85.48829276242999, 41.26947909674925], [-85.48826952570853, 41.269499739937324], [-85.48824626383424, 41.26952133513301], [-85.48823568078188, 41.2695394362281], [-85.48818295416629, 41.269571862758575], [-85.48813689843998, 41.26959600068313], [-85.48806483289295, 41.26962260100321], [-85.48803781426415, 41.269627080189], [-85.48800353904448, 41.269634229735836], [-85.48796030941806, 41.26964601781027], [-85.4878880606147, 41.26965645213478], [-85.48782474465852, 41.26966319724206], [-85.48775761804892, 41.26967084304656], [-85.48770571069686, 41.269675840771654], [-85.48767150374917, 41.26968013225215], [-85.48762827502105, 41.2696919203183], [-85.4875950517286, 41.26970765889235], [-85.48756974259378, 41.269727902973685], [-85.48756154187356, 41.2697394432383], [-85.48754729099988, 41.26976457699849], [-85.48753628304438, 41.26978579467837], [-85.48752327094749, 41.26980303011374], [-85.48751152367852, 41.269811573221816], [-85.48748471076394, 41.269814936990144], [-85.48748310996608, 41.269815136844706], [-85.48745902613332, 41.26981321999642], [-85.48743189162185, 41.26980730268068], [-85.48742440865554, 41.269805578259714], [-85.48740998171208, 41.26980225095089], [-85.48738172340818, 41.26979948404499], [-85.48736284261753, 41.26979922072301], [-85.4873550757836, 41.26979797028136], [-85.48732522117344, 41.269793158916535], [-85.48727122613666, 41.26977588701862], [-85.48722898016547, 41.269749639882725], [-85.48722413195789, 41.269742538961864], [-85.48718065978633, 41.269712395317896], [-85.48714577101732, 41.26969285274957], [-85.48709467843723, 41.269664509803434], [-85.48704496117784, 41.26963142028606], [-85.4869816586964, 41.26958575472605], [-85.48691566935395, 41.26954672217232], [-85.48687834974378, 41.269523335037896], [-85.48681747810349, 41.2694815139215], [-85.48677781658539, 41.26945047013131], [-85.48674543142108, 41.26943191528505], [-85.48671072770502, 41.26940475178], [-85.48669089829343, 41.2693892312189], [-85.48665490818989, 41.26936300215767], [-85.48662895226806, 41.26933977092612], [-85.48660804397984, 41.26931661125639], [-85.48658575767595, 41.269298194785954], [-85.48655472717111, 41.26927584803013], [-85.48651490485456, 41.269251472320285], [-85.48646745943451, 41.26922889598374], [-85.48641868181289, 41.2692091621918], [-85.48638521867025, 41.26918296816814], [-85.48636192625324, 41.2691540558145], [-85.48634971904684, 41.26913673378337], [-85.48631639424475, 41.26910482625908], [-85.48628426420197, 41.26907579098594], [-85.48625093939988, 41.26904388275672], [-85.48622261911224, 41.26901394877506], [-85.48619310586191, 41.26898113980826], [-85.48616595607906, 41.26895503414347], [-85.48615386295872, 41.2689329492452], [-85.48613433717769, 41.268905042144304], [-85.48611595495203, 41.2688819167553], [-85.48609647408678, 41.268852106259956], [-85.48607572929193, 41.26882227819595], [-85.48605858674136, 41.268800121682126], [-85.48603643967634, 41.26877599224092], [-85.48602364317513, 41.26873102693549], [-85.48601547928581, 41.26870327774412], [-85.48600079093261, 41.268684015755255], [-85.48598032641213, 41.26864275586466], [-85.48596954303545, 41.26861878301091], [-85.485951665663, 41.26860009288889], [-85.48594367874179, 41.26859174205342], [-85.48590018590899, 41.26856255125671], [-85.48585573098053, 41.26852095706647], [-85.48581646561948, 41.26847371886837], [-85.48578830882519, 41.268437115689515], [-85.48576031372768, 41.26839384625067], [-85.4857395033558, 41.26836687407035], [-85.48571356809524, 41.26834269180342], [-85.48568125299953, 41.26832127919701], [-85.48563757331715, 41.2682997079116], [-85.48558276171178, 41.26826845424737], [-85.48553903621531, 41.26824878700996], [-85.48549383658347, 41.26823767793506], [-85.48544494577415, 41.26822270468437], [-85.48540732433004, 41.26821170093635], [-85.48535345236246, 41.26819379933268], [-85.4853096091867, 41.268178896968045], [-85.48526321928712, 41.26816491287384], [-85.48522971033037, 41.26814062317506], [-85.48519998956921, 41.268116388158596], [-85.48516140602945, 41.26809298228135], [-85.48510772001313, 41.26806746031148], [-85.48506511561413, 41.26805352818403], [-85.48502496990409, 41.26804248794659], [-85.48498872827227, 41.268026738167904], [-85.48496279480833, 41.268002555099784], [-85.48491906931187, 41.267982887782274], [-85.48488651975589, 41.267971002178236], [-85.48484637494414, 41.267959961926834], [-85.48480634332013, 41.26794415878716], [-85.48476261782369, 41.267924492802436], [-85.48473032698247, 41.267902126670705], [-85.4847017291154, 41.26788362269996], [-85.48468809538434, 41.267872953120985], [-85.48465334944747, 41.26784769304452], [-85.48460590402743, 41.26782511689778], [-85.48457471182581, 41.26780943728797], [-85.48451714508745, 41.2677876727247], [-85.4844785390898, 41.26776521876942], [-85.48443995824498, 41.26774181411666], [-85.48441033001028, 41.26771376673899], [-85.48437459862156, 41.267677057801876], [-85.48434873612452, 41.267650017129576], [-85.48432013825744, 41.26763151511299], [-85.48429638230976, 41.26762165506598], [-85.48427014701188, 41.26760985582275], [-85.48425520623206, 41.267601070702376], [-85.48423149520015, 41.26758930791658], [-85.48418639168804, 41.26757438718337], [-85.4841310940941, 41.2675631362001], [-85.48409833702728, 41.267559822281115], [-85.48405800536597, 41.2675564030296], [-85.48401124266553, 41.26755765891583], [-85.48396057858183, 41.26756362572564], [-85.48386078833016, 41.267564144285046], [-85.48375978355627, 41.267562741203655], [-85.48370937279746, 41.26755823014152], [-85.4836743932986, 41.26754249510059], [-85.48364598228112, 41.26751637130513], [-85.48364679705308, 41.26748303087198], [-85.48366282389607, 41.26744926909148], [-85.48369740903449, 41.267427511160314], [-85.48373937562964, 41.26741570580506], [-85.48379520682285, 41.267405046277794], [-85.48385361079104, 41.26739251776929], [-85.48391199230136, 41.26738094130372], [-85.48397677790135, 41.267365641730265], [-85.48401998327326, 41.26735480731549], [-85.4840605943106, 41.26734679392564], [-85.48412914474993, 41.26733249905665], [-85.48416865804603, 41.26731780175933], [-85.48419563625065, 41.267299118016965], [-85.48421510903106, 41.267277470095074], [-85.48422696140291, 41.26725762295308], [-85.48423378500581, 41.267236754886085], [-85.4842462626051, 41.267191188257634], [-85.48425930793967, 41.26717421479017], [-85.4842879444343, 41.267139354955354], [-85.4843027621449, 41.26710144314208], [-85.48432031432723, 41.26705499391601], [-85.48432374768825, 41.26701787677971], [-85.48433556592414, 41.26694752424906], [-85.48433591357215, 41.266933236044814], [-85.48433322042293, 41.26688840991495], [-85.4843355758056, 41.26684365532716], [-85.48433669061487, 41.26679793109917], [-85.4843388843008, 41.26675984285629], [-85.48434628911369, 41.26671515907808], [-85.48434981230622, 41.26667423082514], [-85.48434419873401, 41.26664556516525], [-85.48433855911067, 41.26661785289971], [-85.48433941879838, 41.266582605192866], [-85.48433752335315, 41.26655684900715], [-85.48433918074484, 41.266540672132244], [-85.48435220092658, 41.266524655280016], [-85.4843549362966, 41.266516115793166], [-85.48436341729119, 41.26647906924851], [-85.48436556156979, 41.26644288831385], [-85.48437301399339, 41.26639629682322], [-85.48438156595489, 41.2663563926793], [-85.4843789401793, 41.26630871132093], [-85.48437808857642, 41.26624008726785], [-85.48437420066787, 41.26619238691838], [-85.484371041293, 41.2661666136982], [-85.48435913502225, 41.26613690797302], [-85.48434087227253, 41.26610901790806], [-85.48432782244639, 41.26607453225332], [-85.48431387969485, 41.266024785855635], [-85.48430718814431, 41.26598848177853], [-85.48430671473216, 41.26595607575074], [-85.48430710999088, 41.26593988117111], [-85.4842966311431, 41.26590352302881], [-85.48428479673754, 41.26587096030665], [-85.48427176667434, 41.265835521107796], [-85.48426255265446, 41.26579918181373], [-85.48425707562618, 41.26576479930495], [-85.48424402490173, 41.26573031279318], [-85.48423328913577, 41.26570443473045], [-85.48422147898472, 41.26567091713779], [-85.48421485570614, 41.26563175597614], [-85.48420958888363, 41.26558880068491], [-85.48420320006534, 41.26554011267552], [-85.48418923485593, 41.26549131794368], [-85.48417763221572, 41.26544922887944], [-85.48416313340702, 41.265422345288236], [-85.48414133668498, 41.26538392402974], [-85.48412173993707, 41.2653588756879], [-85.4841134152493, 41.26533779566688], [-85.48410387334438, 41.26531479325688], [-85.48409327681728, 41.265283199197874], [-85.48409275938766, 41.26525269832336], [-85.48410266511031, 41.26520900205333], [-85.48411874495389, 41.26517110667523], [-85.48414710297078, 41.26514767813478], [-85.48418296461523, 41.26512721183218], [-85.4841998888752, 41.2651064821823], [-85.48420037755871, 41.26508647772631], [-85.48419565331862, 41.265073070969564], [-85.48417570892269, 41.265062311800506], [-85.48413925708509, 41.26505513474369], [-85.48410902697916, 41.26505185513436], [-85.48407872680463, 41.26505143513906], [-85.48404583139722, 41.265053836269594], [-85.48403395656749, 41.26507463616048], [-85.48401684725458, 41.26510298582575], [-85.48400155703014, 41.26510849100045], [-85.48397644732133, 41.26510242605754], [-85.48395780997413, 41.26508977894137], [-85.48394466582486, 41.26505910174061], [-85.48394148309383, 41.26503428217841], [-85.48394968561068, 41.26500866583065], [-85.48395651011191, 41.26498779569441], [-85.48396826816065, 41.264971760229976], [-85.48399136474492, 41.264956834171954], [-85.48401303839778, 41.264948559172005], [-85.48402715811741, 41.26493922607825], [-85.48404368622033, 41.26493469120164], [-85.48410215756218, 41.264919303274425], [-85.48416035042628, 41.26491534572235], [-85.48420348393294, 41.26490736984631], [-85.48424907523027, 41.26490228532606], [-85.484304648607, 41.2649021050383], [-85.48436534327917, 41.264899136029435], [-85.48444626082502, 41.26489549516142], [-85.48450718726254, 41.26488300128363], [-85.48455810556948, 41.264866555250286], [-85.48458770236314, 41.26484409488853], [-85.48460221734149, 41.26481856827255], [-85.48461301419289, 41.26479013070311], [-85.48460992398833, 41.26476149932834], [-85.48461206916521, 41.26472531811721], [-85.48462672517907, 41.26469407624687], [-85.48463752203047, 41.264665637272714], [-85.4846510290991, 41.264629612663654], [-85.4846654290931, 41.26460884774344], [-85.48469355175139, 41.26459494526373], [-85.48473170589644, 41.2645840401644], [-85.48475351699155, 41.26457004922313], [-85.48477415937845, 41.264552229675395], [-85.4848076575554, 41.264525060764086], [-85.48483615481115, 41.26449591474077], [-85.48485712238819, 41.2644647591913], [-85.48487432422758, 41.26443259819465], [-85.48488126371315, 41.264406966080365], [-85.48488673175828, 41.264389889252534], [-85.48488962882507, 41.26437468216145], [-85.48490975198575, 41.264326361928454], [-85.48491187290814, 41.26429113324187], [-85.48491013826131, 41.26425870881543], [-85.48490723490633, 41.26422245777581], [-85.48489921025589, 41.264188994117056], [-85.48489483276552, 41.26416129701474], [-85.48488671738525, 41.26413164372153], [-85.48488872332327, 41.264101178772236], [-85.48489180544301, 41.26407835081471], [-85.48488721864517, 41.264059227912234], [-85.48488378079257, 41.26404488708216], [-85.48487919489304, 41.26402576416984], [-85.48487991624022, 41.26399623370954], [-85.48488419132265, 41.26397628225775], [-85.48488580200197, 41.263962010284494], [-85.48489905574567, 41.26393646509207], [-85.48492092792621, 41.263868157937175], [-85.48493214159589, 41.263822572752076], [-85.48494055521684, 41.26378838367357], [-85.4849486400544, 41.26376753205425], [-85.48495417816811, 41.26374759606328], [-85.48495590562841, 41.263728560846026], [-85.48496943605323, 41.2636915849714], [-85.48497637643712, 41.26366595324145], [-85.4849821472145, 41.263636492169034], [-85.48499179781561, 41.263603273325245], [-85.48500158675725, 41.26356433915772], [-85.4850125929161, 41.26352732672658], [-85.48502091131563, 41.26349695130362], [-85.48502792176811, 41.26346845913857], [-85.48503488460987, 41.26344187319255], [-85.48503780503289, 41.26342571377765], [-85.48504462773745, 41.26340484381075], [-85.48505142888249, 41.26338492796657], [-85.48506640379826, 41.26334701802491], [-85.4850749467766, 41.2633203347932], [-85.48508354904378, 41.26329126993766], [-85.48509885543791, 41.26324621914962], [-85.48511467477006, 41.263212490966836], [-85.48512006106849, 41.26318576513927], [-85.48511978079412, 41.263164916028536], [-85.48511890493671, 41.26316396392166], [-85.48510978523996, 41.263154055932354], [-85.48509832722851, 41.2631384109893], [-85.485097257335, 41.26311755173462], [-85.4851049091846, 41.26309502729745], [-85.48511463973576, 41.263084439992234], [-85.48513765277669, 41.26307939922158], [-85.48516214264798, 41.26307854772635], [-85.48518745088448, 41.263076517912886], [-85.48520973269679, 41.26306908471651], [-85.48522812839717, 41.26305921520224], [-85.48523855963425, 41.26305221214089], [-85.48525768566496, 41.26304473572544], [-85.48527343672517, 41.2630397131836], [-85.48530293829741, 41.26302106400566], [-85.48533120199119, 41.26300144515654], [-85.48537231878007, 41.2629724740195], [-85.4853929854215, 41.26295370395163], [-85.48543263166823, 41.262933288956084], [-85.4854660840311, 41.26290802426766], [-85.48549191508708, 41.26288455980189], [-85.4855192157869, 41.26285253915558], [-85.485535203104, 41.262818456259716], [-85.48554340382424, 41.26279283971804], [-85.48555675009442, 41.2627634849423], [-85.48555742293256, 41.26273585813743], [-85.4855581182286, 41.262707279882584], [-85.48554852961125, 41.26268618279942], [-85.48553767886092, 41.262665066802185], [-85.48552434965875, 41.262642012131025], [-85.4855044519752, 41.26262934833216], [-85.48548705609971, 41.26261767108381], [-85.48548478605701, 41.262607157304444], [-85.4854875429866, 41.262597665865435], [-85.48546168138789, 41.262570625790666], [-85.48543808893359, 41.26255409814376], [-85.48541936085654, 41.26254526169876], [-85.48539448291307, 41.26252966928009], [-85.4853672199425, 41.26250832702019], [-85.48535449889975, 41.26249471783139], [-85.4853401429232, 41.262479363092226], [-85.48531533415, 41.2624609122808], [-85.48528171200556, 41.262441387124646], [-85.48525421457471, 41.262429570063766], [-85.4852332200482, 41.262410219790745], [-85.48521844096516, 41.26239476779415], [-85.48518608185198, 41.26237526017499], [-85.48515489144701, 41.26235958128227], [-85.48512496497162, 41.26234391724153], [-85.48509368114185, 41.2623320481679], [-85.48505236672364, 41.26231718025427], [-85.48502482617366, 41.262307268084946], [-85.48500605228253, 41.262300337195946], [-85.48499244280596, 41.262288713234526], [-85.48498388635291, 41.262277158823004], [-85.4849675648625, 41.26227312075459], [-85.48495468481795, 41.26228342390594], [-85.4849355857367, 41.26228982876753], [-85.48490902794363, 41.26229136701467], [-85.48486617291469, 41.26228791304887], [-85.48478806260411, 41.26228015698735], [-85.4847438996281, 41.26227859105423], [-85.48470485704924, 41.262274238313694], [-85.48466702809431, 41.262271806018866], [-85.48462798461709, 41.262267453277865], [-85.48459263591066, 41.26226696168685], [-85.48455104481134, 41.26226352595185], [-85.48449689795927, 41.262257056262484], [-85.48445962326488, 41.262249096268036], [-85.48432298681522, 41.262196019934876], [-85.48418356918143, 41.26213750430972], [-85.48415473505743, 41.262114932266], [-85.48413821324273, 41.26210791897441], [-85.4841156242066, 41.262098332250545], [-85.48409451918731, 41.26209115689379], [-85.48408037611148, 41.26208943226903], [-85.48406516314215, 41.26208998531042], [-85.48404574875222, 41.26209659614655], [-85.48402421703318, 41.26210700129062], [-85.48400771138816, 41.26211900478269], [-85.48399938310715, 41.26212806479774], [-85.48397983935982, 41.262140027094866], [-85.48397598738389, 41.262140615924785], [-85.48395237875991, 41.26214423196162], [-85.48393712177311, 41.26214266197365], [-85.48393519488684, 41.26214246412142], [-85.48392420310101, 41.26213619429808], [-85.48392106079416, 41.26213217917991], [-85.4839186937334, 41.26212915332294], [-85.48391634194398, 41.262126145022684], [-85.48391350775924, 41.26211769612123], [-85.48391458843254, 41.262109160784895], [-85.4839146629927, 41.262108563851534], [-85.48391491182603, 41.262107690735185], [-85.48394558120815, 41.26209061600718], [-85.48398962021663, 41.262071348691244], [-85.48400209422269, 41.26205852609458], [-85.48401713291885, 41.26202356426472], [-85.48402331692127, 41.261977773861865], [-85.48401989972992, 41.261951730897735], [-85.48401165858552, 41.26191568183248], [-85.483995707201, 41.26186346821898], [-85.48397255402287, 41.26181574306381], [-85.48386633003715, 41.26168428667307], [-85.48381492574167, 41.26163158195406], [-85.48377738604425, 41.261592067229905], [-85.4837357940466, 41.26155249508395], [-85.48369004015423, 41.261517453301316], [-85.48363212936113, 41.261482242007006], [-85.4835740883123, 41.261452382214884], [-85.4835322178369, 41.26142427608818], [-85.4835070335679, 41.261412233977914], [-85.48346071373692, 41.261390087779866], [-85.48345810143607, 41.2613888378524], [-85.48345513430068, 41.261387804687104], [-85.48343100465384, 41.26137793491879], [-85.4833809738824, 41.26135818119695], [-85.48334959932279, 41.261350121152724], [-85.48331436470241, 41.261344866862295], [-85.4832717001163, 41.26133379172694], [-85.48323676732984, 41.261316154970125], [-85.48319314064807, 41.261292677102205], [-85.48315835069376, 41.26126932280077], [-85.48313239836519, 41.2612460920659], [-85.4831225770842, 41.261234519237604], [-85.48310903767624, 41.261220038005646], [-85.48309038236273, 41.261208342948244], [-85.4830579073669, 41.26119359700329], [-85.48302547908344, 41.26117694678341], [-85.48299926893839, 41.261164194239576], [-85.48297055878193, 41.2611504551181], [-85.48295201755445, 41.26113399598979], [-85.48291479496234, 41.26110679729477], [-85.48287890636844, 41.26107675703267], [-85.48284780938825, 41.26105726590168], [-85.48280900126966, 41.26104338630048], [-85.48276369114504, 41.26103703803975], [-85.4827273129693, 41.26102700277598], [-85.48268223820327, 41.26101112908029], [-85.48264726229769, 41.26099539516276], [-85.48261478730187, 41.26098065119554], [-85.48257859417905, 41.26096299408509], [-85.4825362080707, 41.26094048781249], [-85.48251121514286, 41.26092965705855], [-85.48248612789192, 41.26092263823746], [-85.4824462193371, 41.26090207066976], [-85.48241975586716, 41.26089979701383], [-85.48237951942725, 41.260892566827955], [-85.4823117199795, 41.260876377070055], [-85.48226400326824, 41.260865232301704], [-85.48220141494745, 41.26084244305436], [-85.48216141386618, 41.26082568672643], [-85.48211498264409, 41.26081360601498], [-85.48207233961753, 41.26080157797298], [-85.48201955011986, 41.260791313753955], [-85.48194906291278, 41.260781757224336], [-85.48188996095362, 41.26077140589134], [-85.48183586261058, 41.260763029069324], [-85.48177418787643, 41.260754546902895], [-85.4817262151453, 41.260753879728256], [-85.4816819389816, 41.26075707581896], [-85.48163144018788, 41.260756372179316], [-85.48159499374017, 41.26074919532453], [-85.48154227341277, 41.26073607399523], [-85.48150189863233, 41.260734557995676], [-85.48144763679592, 41.26073285089238], [-85.48141390775193, 41.26073500300405], [-85.48137996580724, 41.260735125904645], [-85.48135214677953, 41.260743075954444], [-85.48133138401836, 41.260752912054826], [-85.48130902944253, 41.260763322139965], [-85.48128940574513, 41.26075887881116], [-85.48127718955558, 41.26074203332502], [-85.48126827467472, 41.260719277123336], [-85.48123114191414, 41.26068838583183], [-85.48120015003683, 41.26066472676347], [-85.48117755920406, 41.260652498811496], [-85.48115325887731, 41.26064561028944], [-85.48111794340855, 41.26063737728578], [-85.48109365835315, 41.26062989113999], [-85.48106385135371, 41.26062232868676], [-85.48101989768519, 41.260612188015685], [-85.48098687561534, 41.2606069627029], [-85.48095949227051, 41.260597052975065], [-85.48093479758336, 41.26057407725691], [-85.48092881839682, 41.260560294793336], [-85.4809267882043, 41.26054656769981], [-85.48093051172114, 41.26052339275617], [-85.48093109382944, 41.26049957831349], [-85.48092700110502, 41.2604733152936], [-85.48092043711523, 41.26045118768499], [-85.480910543969, 41.2604361599768], [-85.48089516930293, 41.2604192691636], [-85.48088605319943, 41.26040484785096], [-85.48086850101708, 41.26038018588635], [-85.48086738890277, 41.26036111187175], [-85.48088595887631, 41.26034409813781], [-85.48090523043412, 41.26033066812309], [-85.48091738643653, 41.2603177351136], [-85.48093436190045, 41.260301294008016], [-85.4809634223999, 41.26027489720242], [-85.48099410435842, 41.260246737221536], [-85.48103010434343, 41.260226989235086], [-85.48106606210763, 41.26020902601739], [-85.48109789840129, 41.260198153274544], [-85.48112516227017, 41.26018066477351], [-85.48114754469378, 41.26016906474504], [-85.48117011756025, 41.26014972393151], [-85.48119438644596, 41.26012564396581], [-85.48121309925165, 41.26010267686045], [-85.48122446563492, 41.26008973232593], [-85.48124075658261, 41.260069113174296], [-85.48125054282932, 41.260056145673445], [-85.4812765203107, 41.2600267288919], [-85.4812881337307, 41.26000366180949], [-85.48128870236427, 41.25998044277957], [-85.48129312656704, 41.25996085070375], [-85.48129438241182, 41.25994181033102], [-85.48128925213324, 41.25992565815346], [-85.48129120776561, 41.259910198816165], [-85.481310697614, 41.25988783871804], [-85.48133148912126, 41.25987681128099], [-85.48134516327652, 41.25986628220399], [-85.48136273971338, 41.259857591932615], [-85.48138348720316, 41.25984835332672], [-85.48139488323086, 41.25983421685939], [-85.48139999464482, 41.25981880274467], [-85.48140180564845, 41.25980929806993], [-85.48141423743365, 41.259785053208404], [-85.48142428598842, 41.25976136882713], [-85.48143050772009, 41.259732868279414], [-85.48143751907087, 41.259704377848614], [-85.48144028139038, 41.25968833500915], [-85.48143602607087, 41.259668621293635], [-85.48143571615209, 41.259648962945896], [-85.48143600810457, 41.259637056241516], [-85.48143882611961, 41.25961863231396], [-85.48144970920929, 41.25959317185965], [-85.48145755329834, 41.25956290670496], [-85.48146697303243, 41.25953266382081], [-85.48148177187839, 41.259508451945855], [-85.48149262622198, 41.25948418333747], [-85.4814988758014, 41.25945449077941], [-85.48150502476953, 41.25942896678367], [-85.48151035537242, 41.259404621837774], [-85.48151320303187, 41.259385007979844], [-85.48151527724187, 41.259364787028176], [-85.48151901243682, 41.25934101470648], [-85.48152364325212, 41.259313087299056], [-85.48153307825754, 41.25928224801528], [-85.48154003031952, 41.259256139823385], [-85.48154520012399, 41.25923834381152], [-85.48155507710052, 41.2592218051919], [-85.481555252272, 41.25921466125789], [-85.48155234173049, 41.259204494707056], [-85.48152088542419, 41.259199887851025], [-85.48149036067083, 41.259189339081395], [-85.48147826036396, 41.25916772898859], [-85.48148204137298, 41.25914217111609], [-85.48149124371477, 41.259120858812686], [-85.4815019381582, 41.25910313974759], [-85.48151571382309, 41.25908844194858], [-85.48153182870098, 41.25907496710615], [-85.48155025314746, 41.25906390779298], [-85.48157744155785, 41.25904939704203], [-85.48160467668063, 41.25903309877992], [-85.48163115003204, 41.259015601188075], [-85.48165294944906, 41.25899565496755], [-85.48166682572523, 41.25897678921524], [-85.48167990070421, 41.25895850826426], [-85.48169142698761, 41.258939013799896], [-85.48171255176985, 41.2589142932062], [-85.48173446617119, 41.25888958408321], [-85.48175310800997, 41.25886959325461], [-85.48176691421757, 41.258853704853315], [-85.4817848535738, 41.25883013088317], [-85.4817980013163, 41.25880887182654], [-85.48181886468876, 41.258794868167904], [-85.48184767635487, 41.25877859280242], [-85.48187080527849, 41.25876879084494], [-85.48189945614617, 41.25875906316879], [-85.4819478465939, 41.25874901675022], [-85.4819875727907, 41.25873825383804], [-85.48202499031723, 41.258725076730286], [-85.48204737274085, 41.25871347576797], [-85.48205798004773, 41.25869932892547], [-85.48206541360669, 41.25868573379952], [-85.48207520165003, 41.25867276669925], [-85.48208744389072, 41.258656261701425], [-85.4820973046976, 41.25864031787361], [-85.48211625286189, 41.25860782378677], [-85.48213026208875, 41.25858359873824], [-85.48213385265494, 41.258565782959366], [-85.482128855327, 41.258544271929445], [-85.48212147476863, 41.25852332274298], [-85.4821234016549, 41.25850905700625], [-85.4821325752506, 41.25848893505271], [-85.48215455972056, 41.2584612476883], [-85.48217795095225, 41.25844072931779], [-85.48220294926996, 41.25841903929164], [-85.48222097486445, 41.258391892814856], [-85.48224453767436, 41.25836422904489], [-85.48226797202517, 41.25834192176642], [-85.48228664171172, 41.25832074088608], [-85.48230610191571, 41.25829957012834], [-85.48232095735557, 41.258272976675585], [-85.48232610021057, 41.258256370956474], [-85.48232739827615, 41.25823554390766], [-85.48232418769733, 41.25822281374982], [-85.48232092232126, 41.25820984385648], [-85.48231508956013, 41.25819010876027], [-85.48231010391031, 41.25816800401376], [-85.48230737213353, 41.25815069189898], [-85.48230007691511, 41.258126172247835], [-85.4822943169175, 41.25810345970485], [-85.4822816039596, 41.258074695064415], [-85.48227046664671, 41.25804595269648], [-85.48226201619484, 41.25800414381283], [-85.48224411277121, 41.25796160894753], [-85.48221960583194, 41.25793089328218], [-85.48218316387583, 41.257904180825214], [-85.48214339096661, 41.257884567867336], [-85.48209045324693, 41.257854647678556], [-85.48206593193461, 41.25782452893544], [-85.48206255516746, 41.25780125375553], [-85.48206306271561, 41.25778041508135], [-85.48206284262834, 41.25775718513139], [-85.4820618041759, 41.25773513291253], [-85.48204800695144, 41.257718265036615], [-85.48203282542315, 41.25769363582298], [-85.48201892938401, 41.25768093527316], [-85.48197307667695, 41.257651709209846], [-85.48194116402648, 41.25763339682373], [-85.48191875016185, 41.25761402824694], [-85.48189706483087, 41.25759705026412], [-85.48186987282723, 41.257579398316686], [-85.48184751375979, 41.25755764722644], [-85.4818236383362, 41.25753349067021], [-85.4818051258548, 41.257515962287584], [-85.48178870105816, 41.257509777784705], [-85.48176736966342, 41.25751067122186], [-85.48173752044316, 41.2575048959573], [-85.48170940676802, 41.2574925938047], [-85.48169714835767, 41.257477533000774], [-85.48168783911638, 41.257470852139974], [-85.48167515670119, 41.25747305770878], [-85.48164676814159, 41.25747206702615], [-85.48162170963673, 41.2574639767886], [-85.48158918433523, 41.25743850874122], [-85.48156186027924, 41.25742621670581], [-85.48153437722144, 41.25742047519937], [-85.481512516719, 41.2574106412984], [-85.48148122210945, 41.25739948580899], [-85.48145600280615, 41.257397942719464], [-85.481420540912, 41.25739566286372], [-85.4813916115666, 41.25738453978677], [-85.48136193572118, 41.25737161902481], [-85.4813267082873, 41.25735981320223], [-85.48128823793527, 41.257351535889015], [-85.48125365279684, 41.25734569307908], [-85.48124519515844, 41.25734377991658], [-85.48123403089609, 41.257341252219], [-85.48122317385756, 41.25733335780612], [-85.48121085526007, 41.257320680146876], [-85.48119143727688, 41.25730790186345], [-85.48118056496702, 41.25730060374854], [-85.48116361465591, 41.257283691189684], [-85.48114517493808, 41.25726318528023], [-85.4811259752455, 41.25724147730489], [-85.48110510827978, 41.25722331877546], [-85.48107635320754, 41.257205052190606], [-85.48104916030556, 41.25718740013724], [-85.4810219386575, 41.25717094068551], [-85.48100418525254, 41.25715461291606], [-85.4809839354294, 41.257143610004206], [-85.48096115595042, 41.25713912523491], [-85.48093603815677, 41.257133414092436], [-85.4809047722933, 41.25712106729903], [-85.48086955743585, 41.25710866580271], [-85.48083915215844, 41.25709335301747], [-85.48081907571016, 41.25707520525189], [-85.48080294286596, 41.25705711420789], [-85.48079378094837, 41.25704447903999], [-85.48078087934427, 41.25702345373695], [-85.4807593107943, 41.25700171191607], [-85.48074319322147, 41.256983025222105], [-85.48072073623769, 41.256965441315764], [-85.48070217884055, 41.256949696969144], [-85.4806844254356, 41.25693336914439], [-85.48066189389162, 41.256918760674374], [-85.48063074211422, 41.256901650823835], [-85.48060436757747, 41.25688282093382], [-85.48057323196971, 41.256865116118554], [-85.480549310732, 41.2568427461988], [-85.48051681507492, 41.256816087997585], [-85.48049364123555, 41.25679551508479], [-85.48047241224873, 41.25679224181381], [-85.48044079424571, 41.256794184706436], [-85.48040989309823, 41.25679911385928], [-85.48037044358253, 41.25679856482503], [-85.48033739456322, 41.25679453114508], [-85.48031166501687, 41.25678166496722], [-85.48030025281949, 41.256764234304164], [-85.48029509379482, 41.25674927192895], [-85.48028984943019, 41.25673788401666], [-85.48027820187423, 41.2567299787257], [-85.48025394825986, 41.25672130289406], [-85.48023449973397, 41.25670971710821], [-85.4802230300444, 41.256694666928915], [-85.48022169963947, 41.256684522946685], [-85.48022431283864, 41.25667443501451], [-85.4802244871118, 41.256667290801865], [-85.48022467665633, 41.25665955095589], [-85.48021301832057, 41.25665224128809], [-85.48017624129282, 41.25663922178445], [-85.48014712330122, 41.256635839103716], [-85.48010989442089, 41.25664127610954], [-85.48007830696056, 41.25664202706596], [-85.48004531633174, 41.256635610845365], [-85.48001174000137, 41.25662084968625], [-85.4799758118816, 41.256605459800056], [-85.47993430073231, 41.25659237275501], [-85.47989350823525, 41.2565822767047], [-85.4798472198453, 41.25657091172425], [-85.47981512034525, 41.256560340244384], [-85.47978538790598, 41.25654980117829], [-85.47975163640413, 41.25654218220093], [-85.47972019357255, 41.25653698087411], [-85.47968870762185, 41.25653356307136], [-85.47965405241482, 41.25653069768156], [-85.47960516430042, 41.256528827040476], [-85.47956570130998, 41.25652887093643], [-85.47952240969981, 41.256524099788486], [-85.47946406771537, 41.25652150115036], [-85.47941825094092, 41.256523242805166], [-85.47935824527657, 41.256524194333515], [-85.47931089238301, 41.25652413085326], [-85.47925717043408, 41.25652636009029], [-85.4792120390742, 41.25653228333685], [-85.47915974903982, 41.256540487819116], [-85.47910986828704, 41.256546939165816], [-85.47904965870514, 41.25655622483586], [-85.47899964769663, 41.25656803485563], [-85.47895019094865, 41.25658938310866], [-85.47892130831565, 41.25660863515883], [-85.47888768886614, 41.256627818995916], [-85.47885892301412, 41.25664230799932], [-85.47884441522227, 41.25665461368868], [-85.47883547339194, 41.25666520878944], [-85.47882019215065, 41.25667690668637], [-85.47879219974807, 41.25669200279153], [-85.47876667501758, 41.2567029632343], [-85.47874363502717, 41.256709193060004], [-85.47872383795494, 41.25671189501459], [-85.47870468317815, 41.25672056206838], [-85.47869575661916, 41.25673056220187], [-85.47868608535683, 41.25673876598395], [-85.47866833285018, 41.25675460019889], [-85.47864425800056, 41.25677093887342], [-85.47862650639223, 41.25678677172991], [-85.47859442216355, 41.256807766719774], [-85.47857034282235, 41.256824106731656], [-85.47855038674831, 41.25683335792103], [-85.47852959703769, 41.25684438519662], [-85.47851197838003, 41.25685485870936], [-85.47848709504665, 41.25687178421025], [-85.47846531269765, 41.25689113612426], [-85.47843163665428, 41.25691270307467], [-85.47839644066144, 41.25693186521229], [-85.47837240803264, 41.25694641897869], [-85.47834021959939, 41.25697158129926], [-85.47831274013484, 41.256997999699486], [-85.47828063973648, 41.25701958822476], [-85.47825492815642, 41.257038287739284], [-85.47822766428754, 41.25705577505577], [-85.478188223755, 41.25707312190186], [-85.47818697599506, 41.257073670258535], [-85.47815034718936, 41.25708685917987], [-85.47809492832285, 41.25709382911515], [-85.47805543568802, 41.25709506426781], [-85.47801902696955, 41.257099320783404], [-85.47799128070538, 41.25710429380874], [-85.47796835659763, 41.25710576194514], [-85.4779472012727, 41.257099511222464], [-85.4779221580392, 41.257090825310144], [-85.47790659742185, 41.25708167275337], [-85.47788470996994, 41.25707302870828], [-85.47787388167751, 41.25706394368057], [-85.47786410621059, 41.2570441542128], [-85.47786118399098, 41.257034584303895], [-85.4778440171859, 41.25702068628959], [-85.47783497204931, 41.257009203880294], [-85.47780588190544, 41.25700462928462], [-85.47778405284406, 41.256993604062025], [-85.47776609462322, 41.25698561101083], [-85.47774556722065, 41.25698592030601], [-85.4777249517832, 41.25698980202782], [-85.4777145492922, 41.25699561177907], [-85.47770899770374, 41.256996726727216], [-85.47768676080722, 41.257002371025244], [-85.47766040333846, 41.25701510682354], [-85.47761766598882, 41.25701987118243], [-85.47758765776673, 41.2570206430693], [-85.4775600426566, 41.25702025881413], [-85.4775269056024, 41.257019796222274], [-85.47748526509571, 41.25701206789844], [-85.4774412422569, 41.25700490278792], [-85.47740116571713, 41.2569977917019], [-85.47737834401732, 41.2569950911098], [-85.47731615993843, 41.256988267032455], [-85.47725409264051, 41.25697668196923], [-85.47720051711697, 41.256972956244915], [-85.47714527342193, 41.256972780662466], [-85.47710733038096, 41.2569752286869], [-85.47706691697296, 41.25698181167744], [-85.47703041932128, 41.25698964130239], [-85.4769978248495, 41.25699931116479], [-85.47696845712623, 41.25700604677451], [-85.476942289202, 41.257011042767694], [-85.47690652277898, 41.2570212650359], [-85.47687871902262, 41.25702861990858], [-85.47684850508635, 41.257037727901945], [-85.4768008889864, 41.25704837899186], [-85.47677308523004, 41.257055733186206], [-85.47674683016925, 41.257064300922835], [-85.47671342901035, 41.257074554922546], [-85.476664937053, 41.25708876694732], [-85.476635555855, 41.2570961008776], [-85.47659675043134, 41.25710151420907], [-85.47656593642049, 41.25710287024313], [-85.47655088694451, 41.25710504273389], [-85.47653301226698, 41.25710657975249], [-85.47649010872902, 41.25711813102688], [-85.47646908815138, 41.257125699963666], [-85.47644285105687, 41.25713355320741], [-85.47641957570787, 41.25713644288213], [-85.47639437257425, 41.25714073721267], [-85.47636391699118, 41.25714674414258], [-85.47634196665722, 41.257153583735644], [-85.47631665931901, 41.257162164965756], [-85.47628510868961, 41.25717423217097], [-85.47625923810776, 41.257186379061146], [-85.47622817256858, 41.25719809374755], [-85.47619905008538, 41.25720769267105], [-85.47617559956491, 41.25721772919696], [-85.47615979280917, 41.257225013139546], [-85.47614696037533, 41.25722697830471], [-85.47612882159311, 41.25723280019052], [-85.47611306873628, 41.257237939333024], [-85.47609587857502, 41.25724377472418], [-85.47607101680121, 41.25725343306858], [-85.47605146766398, 41.257258878126756], [-85.47603335672956, 41.25726362828629], [-85.47601383364349, 41.257268000944926], [-85.4759861933805, 41.25727511807934], [-85.47595857018551, 41.257281522081456], [-85.47593523464938, 41.25728691513815], [-85.47591513214995, 41.257295567934015], [-85.4758964687516, 41.25730352583092], [-85.47584863076779, 41.257323226754046], [-85.47582092223286, 41.25733320315936], [-85.47578929165338, 41.257348484148665], [-85.47577103968344, 41.25735895082738], [-85.47576132709858, 41.25736881985245], [-85.47574877404081, 41.257378651058474], [-85.47573538734645, 41.25738382327984], [-85.47571513662498, 41.257398551176195], [-85.47569593064422, 41.25740936023043], [-85.4756838509986, 41.257419196832835], [-85.47566600955872, 41.257432168909155], [-85.47565299207196, 41.25744163678768], [-85.47563992158457, 41.257453246079635], [-85.47561061584504, 41.25747034700663], [-85.47559183836066, 41.25748294832655], [-85.47557929428605, 41.25749242227553], [-85.47556434721803, 41.257503290741596], [-85.47553977470174, 41.25752045783598], [-85.47552579332266, 41.25753062667487], [-85.47551318636597, 41.25754259994377], [-85.47549765179976, 41.25755810711331], [-85.47548405489962, 41.25757185374363], [-85.47546666261741, 41.25758590493623], [-85.4754454740548, 41.25760026001554], [-85.47542373482493, 41.257617824842285], [-85.47540933123764, 41.25762584077668], [-85.47540437792719, 41.25763470625036], [-85.475392823796, 41.25764240613747], [-85.47538309234653, 41.25765299027306], [-85.47537423855108, 41.25766644514956], [-85.47536499039524, 41.257676680821376], [-85.47535630278813, 41.257683348154956], [-85.47534851708954, 41.25769181586344], [-85.47533975222731, 41.257701699695026], [-85.4753309936533, 41.257711226286396], [-85.47532208685726, 41.257726825257954], [-85.47530943678144, 41.25774058400833], [-85.47529542036806, 41.25775218109158], [-85.47528616233073, 41.25776277196249], [-85.47528105989993, 41.2577777091191], [-85.47528516340414, 41.25778420018678], [-85.47529253587767, 41.25779251998961], [-85.47530223319116, 41.257802663124444], [-85.47531333906302, 41.25781318105383], [-85.47532902274956, 41.25783019409649], [-85.4753406029319, 41.25784072012518], [-85.47534704744574, 41.25784831396465], [-85.47534835359617, 41.257852978992524], [-85.47534018162203, 41.257857866871646], [-85.47532896166413, 41.2578519930428], [-85.47532019500527, 41.257842579248404], [-85.47530956793545, 41.25783171083879], [-85.4752993909216, 41.257821918868814], [-85.47528879169957, 41.25780997874128], [-85.47527956959487, 41.25779984371127], [-85.47527170664118, 41.257792230282234], [-85.47526525494081, 41.25778499299924], [-85.47526057471818, 41.257782782713775], [-85.47524480299674, 41.2577886383155], [-85.47523367915858, 41.257798131128794], [-85.4752196861014, 41.25780865581201], [-85.47520708902616, 41.25782027179182], [-85.47519643770184, 41.25782977202884], [-85.47517371481673, 41.257848752239596], [-85.47515107278, 41.257864517304036], [-85.47513367959945, 41.25787856775832], [-85.4751167598311, 41.25789262496271], [-85.47510906486237, 41.257897647900386], [-85.47509317905488, 41.25790801792216], [-85.47507435665473, 41.25792240669607], [-85.47504838995312, 41.25793848170873], [-85.47503633635864, 41.257947247194544], [-85.47502574522144, 41.25795424675152], [-85.4750013918941, 41.257962482794625], [-85.4749802392641, 41.25797540884215], [-85.47497620672678, 41.25798535881089], [-85.4749774598766, 41.2579921652261], [-85.47497588243496, 41.25799857591099], [-85.47496193429355, 41.25800731505179], [-85.47493420689399, 41.25801800515132], [-85.4749054778729, 41.25803082584013], [-85.47488722680127, 41.25804129105891], [-85.47486612627354, 41.25805207502044], [-85.47484023772539, 41.25806493419494], [-85.474814824386, 41.25807780079534], [-85.47479997343771, 41.25808474023611], [-85.47477746884321, 41.258094788782756], [-85.47475353682574, 41.258105174980585], [-85.47473385563617, 41.25811597784008], [-85.47471616511329, 41.25812287810913], [-85.47470369919208, 41.25812913481162], [-85.47468212525223, 41.2581399126809], [-85.47466438083043, 41.25814895501467], [-85.4746447436583, 41.25815797168567], [-85.47462610720942, 41.25816485911948], [-85.47460643500303, 41.25817530473292], [-85.47459111872742, 41.258181880174185], [-85.47457533083632, 41.2581884481864], [-85.47454524266416, 41.25819874793036], [-85.47451185228506, 41.2582086451913], [-85.47445499072423, 41.2582292912672], [-85.47444015055572, 41.258235872780766], [-85.47443144408398, 41.25824325587946], [-85.47442175036375, 41.2582524123253], [-85.4744130007729, 41.25826158092533], [-85.47438707808872, 41.2582758690011], [-85.47437174294852, 41.258283160254], [-85.4743588233781, 41.25828869571704], [-85.4743590587367, 41.25829834782923], [-85.47435989057666, 41.2583030047213], [-85.47435266812177, 41.258307908098715], [-85.47433978987387, 41.25831165805781], [-85.47433028659647, 41.25831295531539], [-85.47432420410368, 41.25831001166845], [-85.47431952208441, 41.25830780072549], [-85.47431092969872, 41.25831053908033], [-85.47429324007415, 41.25831743932878], [-85.47427742523357, 41.258325081059354], [-85.47426536984247, 41.25833384514271], [-85.4742476451836, 41.25834217297915], [-85.47422992681292, 41.258350144929935], [-85.47421553310713, 41.258357806915754], [-85.4741713916907, 41.25838113119444], [-85.47415224499875, 41.25838944011637], [-85.47413550219846, 41.258396353187244], [-85.47412308837957, 41.25840046712925], [-85.4741112719403, 41.2583995878856], [-85.47410100599325, 41.25839336902593], [-85.47408838196856, 41.2583867611915], [-85.47407381219296, 41.25838226772858], [-85.4740624592844, 41.258381751797465], [-85.47404483793179, 41.25838579415832], [-85.47403518643239, 41.25839316305873], [-85.47403646563333, 41.25839889772658], [-85.47404200734033, 41.258404693846465], [-85.4740553661869, 41.25841989017236], [-85.47406352738128, 41.258434654976696], [-85.47406190592218, 41.258442851791706], [-85.47404561766946, 41.25845048607932], [-85.47402749775185, 41.258455592036206], [-85.47401242761465, 41.25845216487963], [-85.47400358998888, 41.258445609724674], [-85.4739937642163, 41.25844082723662], [-85.47398297005985, 41.25843674503632], [-85.47397638001893, 41.25843522290567], [-85.47397066403877, 41.25843657283433], [-85.47396294930712, 41.25844218324283], [-85.47395512857426, 41.25845207979162], [-85.47392714515483, 41.25847312894559], [-85.47390689443338, 41.25848785524571], [-85.47389130686658, 41.25850550492173], [-85.4738891329436, 41.25851690873309], [-85.47388790584492, 41.25852832672371], [-85.47386970687558, 41.258536647782336], [-85.47384579102777, 41.25854631876634], [-85.47383165783341, 41.258543263029985], [-85.47382431230932, 41.25853386891894], [-85.47381316062338, 41.25852513727692], [-85.47379611958246, 41.25852489889564], [-85.47375113015637, 41.25854428070836], [-85.47372235711784, 41.258558888139554], [-85.47368783396314, 41.25857627172795], [-85.47365436273567, 41.25858938403695], [-85.47361803306895, 41.25860316894233], [-85.47358452770547, 41.258617710180935], [-85.47356055975538, 41.25862952387973], [-85.47352794731731, 41.25864622066944], [-85.47349727973182, 41.25866080174116], [-85.47346670287618, 41.25867180912451], [-85.47342565795252, 41.258684814041715], [-85.47338176986102, 41.258697779788974], [-85.47335124690429, 41.25870664309126], [-85.47331125300951, 41.25871537605964], [-85.47328083335906, 41.25871995188607], [-85.47323903385056, 41.258725084833856], [-85.47319902198949, 41.25873453226601], [-85.47316449883482, 41.25875191513236], [-85.47313462176677, 41.25877293920369], [-85.4730902782294, 41.25880447968739], [-85.473060437094, 41.25882407413603], [-85.47303359273835, 41.25883727891104], [-85.4729933877395, 41.25885458274023], [-85.47294845131404, 41.25887182173629], [-85.4729243926341, 41.258887207712036], [-85.47289833969423, 41.258906856159584], [-85.47286658604557, 41.25892713802977], [-85.47283306181748, 41.25894239230956], [-85.4727910161706, 41.25895752705833], [-85.47275188196356, 41.25896984379153], [-85.47272621260431, 41.25897377266624], [-85.47269586302245, 41.25897549197086], [-85.4726577978106, 41.258982822312845], [-85.47263554743934, 41.25900180826615], [-85.47261322699946, 41.25902365071564], [-85.47259853415468, 41.2590434571414], [-85.47257914132433, 41.25906176710625], [-85.47255783687905, 41.259080765867225], [-85.47253925073582, 41.259104805700495], [-85.47252659077853, 41.259118922742175], [-85.472508251672, 41.25913296009609], [-85.47248456309796, 41.259133342988214], [-85.47245323075916, 41.25913647770642], [-85.47241981343059, 41.259147445167244], [-85.4723966512693, 41.25916498796852], [-85.47237622268143, 41.25918685805051], [-85.47235120370244, 41.25920294625782], [-85.4723167829557, 41.2592160442598], [-85.47227763168068, 41.25922907405454], [-85.4722365669941, 41.25924279399672], [-85.47220404259092, 41.25925591900245], [-85.4721781270933, 41.25926984895521], [-85.4721436030403, 41.25928723370499], [-85.47211682965157, 41.25929757987089], [-85.47208802337535, 41.25931361470278], [-85.47206480731514, 41.25933330218904], [-85.47204636220741, 41.25935162625382], [-85.47202393396971, 41.259377754666296], [-85.47201204656356, 41.25939902974484], [-85.47200313797089, 41.25941462898856], [-85.47199610595884, 41.259430967672984], [-85.47199025073982, 41.25943803324954], [-85.47197978267181, 41.25944003076211], [-85.47196854295099, 41.25943487018353], [-85.47195942684748, 41.259420447978215], [-85.47194918874818, 41.25941315820288], [-85.4719351426904, 41.25940653021283], [-85.47190484700745, 41.2594061047789], [-85.47186979744001, 41.25940633032639], [-85.4718393059243, 41.259413763939676], [-85.4718069387263, 41.259420458107606], [-85.4717746415969, 41.25942429376492], [-85.47174725555715, 41.25942105168908], [-85.47171055758116, 41.25941124577624], [-85.47167387936811, 41.25940072810421], [-85.47163604322665, 41.259398767731525], [-85.47158575733368, 41.259402352856725], [-85.4715448857849, 41.25940821168972], [-85.47149274037929, 41.25941034088514], [-85.47144066594058, 41.25940961089461], [-85.47139425627805, 41.25940967707317], [-85.47135922467692, 41.259409186135954], [-85.47133106608602, 41.25939878596442], [-85.47132391280141, 41.25938153292627], [-85.4713366437256, 41.25936455877937], [-85.471356931278, 41.25934840375789], [-85.4713837747353, 41.25933520111208], [-85.47140774268541, 41.25932338686562], [-85.4714280491024, 41.25930651804932], [-85.4714512642643, 41.259286831905555], [-85.4714669919683, 41.2592634667574], [-85.47148180788227, 41.25923866119953], [-85.47149355694788, 41.25922310175609], [-85.47150343482274, 41.25921621105741], [-85.4715109671964, 41.25919874727932], [-85.47151885799784, 41.259182777922774], [-85.47152232908812, 41.25917002093779], [-85.47152498181315, 41.2591584436898], [-85.47152957040761, 41.2591483831515], [-85.47152327321747, 41.25914769907804], [-85.47150591507123, 41.25914745732255], [-85.47147668479022, 41.25914853576804], [-85.47146083222039, 41.2591512929959], [-85.47145375259764, 41.25915030098812], [-85.47145312557356, 41.259143739150275], [-85.47145647269632, 41.25913604281664], [-85.47151648015729, 41.25913509672869], [-85.47153622602556, 41.25913448085987], [-85.47154692316397, 41.25913284394538], [-85.47155093863327, 41.25912992194484], [-85.47155306584386, 41.259123697077065], [-85.47155525773316, 41.25911479466424], [-85.4715589920298, 41.259107402885235], [-85.47155870636554, 41.25910293175671], [-85.47155436570608, 41.259102870980115], [-85.47152945542325, 41.25910490631945], [-85.4715152530586, 41.25910470710741], [-85.4715018043805, 41.259106005699785], [-85.47148244299117, 41.25910692612697], [-85.47146304926251, 41.259109334904295], [-85.471447231727, 41.25911060175774], [-85.47143935619688, 41.25910989607444], [-85.47143546289846, 41.259107758090444], [-85.47143521406512, 41.25910179793623], [-85.47143495175705, 41.259096434742375], [-85.4714327392065, 41.25907406828805], [-85.47143290090325, 41.259067519273124], [-85.47143815335272, 41.25906253221607], [-85.47145359000257, 41.2590606623228], [-85.4714686260038, 41.25905908618304], [-85.4714852008191, 41.25905902000407], [-85.47149417858205, 41.25906301707825], [-85.47149559702189, 41.25906958770304], [-85.471497349635, 41.25907854617151], [-85.47150036617772, 41.25908424701446], [-85.47150821116512, 41.259086143918864], [-85.47152165535164, 41.25908513975482], [-85.47153629429752, 41.25908355888855], [-85.4715490818156, 41.259081520847374], [-85.47155177855807, 41.259081557988644], [-85.47155740291007, 41.25908163767348], [-85.471573597738, 41.25907701122519], [-85.47158197722297, 41.25906317307148], [-85.47157291501837, 41.25903938578349], [-85.47155264363568, 41.25901362189546], [-85.47150975357245, 41.25895963398362], [-85.47148616381308, 41.25893806905972], [-85.47146165328057, 41.258921346008], [-85.47143953675825, 41.25890526178313], [-85.47141322420528, 41.258896401208965], [-85.47138926074675, 41.25888999668989], [-85.47136208401446, 41.25888355097698], [-85.47133576607158, 41.258872509189125], [-85.47132468535254, 41.25886785976592], [-85.47128656893673, 41.258848517891806], [-85.47126124003898, 41.25883302183339], [-85.47124101806362, 41.25883047123333], [-85.47122148419777, 41.258822454771504], [-85.4712020069258, 41.258812057882984], [-85.47118405139989, 41.2588040630284], [-85.47117962540048, 41.258791493702375], [-85.47118542582226, 41.25878026011423], [-85.47119278931265, 41.258769641721045], [-85.47119461738426, 41.25875954195553], [-85.47119251442817, 41.25874879187576], [-85.4711839822296, 41.258742716888015], [-85.47117603303766, 41.25874498791786], [-85.47116470887518, 41.25875614520334], [-85.47115355988419, 41.2587601591785], [-85.47114729233846, 41.2587582838742], [-85.47113249169583, 41.25875033425806], [-85.4711183782644, 41.258746564065206], [-85.47110192561998, 41.25874156820471], [-85.47108077029503, 41.258735316288], [-85.47106662721919, 41.25873273529562], [-85.47103525625286, 41.25872455404887], [-85.47101074033043, 41.25872659210118], [-85.47099007997721, 41.25873225920988], [-85.47095425157043, 41.25874486028639], [-85.4709271790427, 41.25875460619767], [-85.47089697588623, 41.2587631163111], [-85.47087158230978, 41.25876871588679], [-85.47083836979708, 41.25877122867256], [-85.47081547623208, 41.258771504194385], [-85.47079807496671, 41.25877304590084], [-85.47078691070436, 41.25877765481286], [-85.47077655133249, 41.258781678916144], [-85.47076655577833, 41.258802979850174], [-85.4707629158048, 41.25882258307808], [-85.4707594078836, 41.258836827812104], [-85.47074948688962, 41.25885515201617], [-85.4707404112103, 41.258871105920974], [-85.47072724729811, 41.258892957868355], [-85.47071738289799, 41.2589089009592], [-85.47070756341361, 41.25892305585988], [-85.47069945342324, 41.2589318772632], [-85.4706913290598, 41.25894129225116], [-85.47067560494908, 41.258960856945706], [-85.470661905641, 41.258987718211], [-85.47063380274565, 41.25901559916215], [-85.4706094386385, 41.259040084714584], [-85.47058544912885, 41.25904940311969], [-85.47051850397892, 41.259058809987174], [-85.47049204500055, 41.25906446288585], [-85.47043673842344, 41.25907628393211], [-85.4703622977308, 41.259093171040895], [-85.47033069769404, 41.25910461796846], [-85.47024846591295, 41.259134407928066], [-85.47023011602663, 41.259145070156016], [-85.47018848809637, 41.25916890602673], [-85.47015726175879, 41.25918693233288], [-85.47013807733757, 41.25919678825114], [-85.47011090060528, 41.25921070133419], [-85.47005848840003, 41.25922366427587], [-85.4700140720991, 41.259232570050266], [-85.46995702818026, 41.25924130092246], [-85.4699095701838, 41.25924540130535], [-85.46985420880948, 41.259249985198196], [-85.4697980865621, 41.25925336571768], [-85.46975150711798, 41.259253905277184], [-85.46972368629363, 41.259248552225245], [-85.46971376260468, 41.25924664181971], [-85.46969957910467, 41.25924623124119], [-85.46968043331101, 41.25924567412395], [-85.46964204829892, 41.259245826740326], [-85.46962792678266, 41.25924494007981], [-85.46961376035063, 41.25924405071815], [-85.4695727163253, 41.25924071611818], [-85.46952790296903, 41.2592322020152], [-85.4695217773571, 41.25923103713348], [-85.46948273028667, 41.259220834794654], [-85.46945930132573, 41.25920740387365], [-85.46942878196226, 41.259184907800794], [-85.46940037902961, 41.2591507183202], [-85.46938630512405, 41.25913779790761], [-85.46936910058974, 41.259122006138696], [-85.46933854709029, 41.25910088831373], [-85.4692897056883, 41.25908020469683], [-85.46923978181638, 41.259066402334454], [-85.46922311537293, 41.25906118972858], [-85.46918899466348, 41.259050516682166], [-85.46913164262247, 41.25904143800722], [-85.46909804383422, 41.259032690901236], [-85.469074613975, 41.25901925994159], [-85.46903969915483, 41.25898980690232], [-85.46902880887863, 41.25896305368534], [-85.46900695286777, 41.258909350707064], [-85.46900050925225, 41.25887408870989], [-85.46898570771131, 41.25884422975122], [-85.46897170387435, 41.25881920591284], [-85.46895101297841, 41.258805812725974], [-85.46891108735561, 41.25879421920626], [-85.46887400490067, 41.25877852729847], [-85.46884971176046, 41.258763015016314], [-85.46881581203657, 41.258729437135685], [-85.46876540037945, 41.25867126888488], [-85.4687628231129, 41.25866450508434], [-85.46874658426752, 41.25862894919944], [-85.46872420903043, 41.258591540271034], [-85.46871857928853, 41.258563827288704], [-85.46870560761583, 41.25852647977538], [-85.46867690105262, 41.258484946047055], [-85.4686652984124, 41.2584699421973], [-85.46859596015057, 41.25840447977564], [-85.46856617291407, 41.258369990727445], [-85.46853310233519, 41.25833789088305], [-85.46851742942843, 41.25831611911104], [-85.4685003596414, 41.258292411236766], [-85.46848349826351, 41.25825688688863], [-85.46846320262631, 41.25822983286111], [-85.46845430301678, 41.258222426800565], [-85.46843792044095, 41.258208793082936], [-85.46841890759796, 41.258195141804606], [-85.46840467199566, 41.258183991176345], [-85.46840344399867, 41.2581826277364], [-85.46838583612077, 41.25816304119896], [-85.46836721314662, 41.25813357696871], [-85.46835216456898, 41.258122352721685], [-85.46833983698833, 41.258098247022176], [-85.46832275103164, 41.25807418520862], [-85.4682993678848, 41.258057461935714], [-85.46825903891842, 41.258019810920366], [-85.46825402811577, 41.25801502907645], [-85.46823884389252, 41.258000539026966], [-85.46821420669754, 41.25797916894996], [-85.46818692486235, 41.25795572972557], [-85.46817880409219, 41.25793403413587], [-85.46817864239543, 41.25792712979505], [-85.46818508062108, 41.25792111618388], [-85.46820408178597, 41.25791595818651], [-85.4682071809737, 41.25791647074476], [-85.4682175071079, 41.25791817994763], [-85.46823339291538, 41.257929932320025], [-85.46824929758749, 41.257941006006696], [-85.46826004503154, 41.25794251329212], [-85.46827178960557, 41.25793996468314], [-85.4682819243986, 41.257929935021295], [-85.46828226935168, 41.25792729727126], [-85.46828954480716, 41.25791240877096], [-85.46829074405805, 41.25790021879614], [-85.4682776690791, 41.25788376019935], [-85.46825996777643, 41.257872660841294], [-85.46821551644122, 41.25785304719863], [-85.46814774034966, 41.25783175203259], [-85.46814304485567, 41.25782957618946], [-85.46810333932011, 41.257810105023935], [-85.4680654986871, 41.25778889695872], [-85.46805083189345, 41.25778353703366], [-85.46802214958474, 41.257768840288286], [-85.46799846909555, 41.2577561188185], [-85.46795459178381, 41.257743115067015], [-85.46791679067664, 41.25773972569034], [-85.467884156679, 41.257731644264965], [-85.46785928592205, 41.257716047995785], [-85.46784336687689, 41.25769581369656], [-85.46783240473549, 41.25767945972125], [-85.4678200870363, 41.25766690030846], [-85.46779907274686, 41.25764849675971], [-85.46778063033408, 41.257628227998694], [-85.46776482986655, 41.25760323003158], [-85.46774762712886, 41.257583930327506], [-85.46772913710535, 41.25756556524815], [-85.46771179423048, 41.25755198069115], [-85.4676806559278, 41.257534390860165], [-85.46766676977013, 41.25753419501991], [-85.46763630879717, 41.257540438272535], [-85.4676173732093, 41.25754017219993], [-85.46758988296497, 41.257528352226245], [-85.46758001856483, 41.2575186837928], [-85.46756655641198, 41.25750134314284], [-85.46755185458404, 41.25748303003925], [-85.46754720400583, 41.25746676582717], [-85.46754769718092, 41.257446761056876], [-85.46755057358645, 41.25743250724062], [-85.4675490895696, 41.25741581014066], [-85.46752335642998, 41.25738400291307], [-85.46748797807913, 41.257359204745136], [-85.46745249282878, 41.257338696158136], [-85.46741693930647, 41.25732104279024], [-85.46741176231548, 41.257318714309214], [-85.46740937279684, 41.25731481572413], [-85.46737601206213, 41.25730163832914], [-85.4673719193377, 41.257299494883405], [-85.4673400111788, 41.25728566175559], [-85.46733644217217, 41.257284022768836], [-85.4673068507684, 41.25727818805661], [-85.46730232595432, 41.25727861080315], [-85.46728888266608, 41.25728096899936], [-85.46728204289353, 41.25728241417114], [-85.46726899755895, 41.25728831506376], [-85.46725850523644, 41.25730066115022], [-85.46725817196148, 41.257301258127534], [-85.46725295813957, 41.25730785526683], [-85.46722880783146, 41.25731418700717], [-85.4672161847051, 41.257314010075035], [-85.46719479402154, 41.25731085095806], [-85.46716968790598, 41.257304781239064], [-85.46714589243241, 41.257296822666945], [-85.46712461942816, 41.25728889988553], [-85.46710337157675, 41.257280026261114], [-85.46709287027109, 41.25727562524012], [-85.46706432809958, 41.25725605869016], [-85.46701204884498, 41.25722530690135], [-85.46698241971197, 41.25719773312949], [-85.46695279327389, 41.25717015799533], [-85.46691737899046, 41.25714679006405], [-85.46688340021483, 41.257125001012085], [-85.46687010514862, 41.257117230831184], [-85.46683028732365, 41.25709720366834], [-85.46680151159015, 41.25708706515119], [-85.46678393335668, 41.257080734739446], [-85.46676467976519, 41.2570768138547], [-85.4667517853476, 41.25707663287001], [-85.46671088684934, 41.25708923494121], [-85.46669692882647, 41.257099384263114], [-85.4666590217181, 41.25710027973186], [-85.46664408542988, 41.25709149319757], [-85.46663132396294, 41.25707130327569], [-85.46660906011695, 41.257052409279545], [-85.46656579096465, 41.25704036501257], [-85.46650008099824, 41.25701657226069], [-85.46641922274122, 41.25699256474934], [-85.4663535127748, 41.256968771304706], [-85.46628773273981, 41.25694783714518], [-85.46623706596117, 41.256928543325316], [-85.46617121495926, 41.25691046507169], [-85.46610715340141, 41.256896700743916], [-85.46604470162454, 41.25689439318263], [-85.46598458367077, 41.25689492330721], [-85.46598217977908, 41.25689494424206], [-85.46592533887947, 41.25689557566428], [-85.46585671387996, 41.256913192679995], [-85.4658124583775, 41.256941158931404], [-85.465800356274, 41.256971007279695], [-85.46579965109649, 41.25699958466811], [-85.46578754899299, 41.257029432989704], [-85.46576229824866, 41.2570548073276], [-85.4657216988894, 41.25707883507554], [-85.46571039808313, 41.25708552272961], [-85.46566063590797, 41.25710626505538], [-85.46561283834832, 41.25712417577652], [-85.46559765592171, 41.25712539066915], [-85.46557872033384, 41.257125125945464], [-85.46554474155822, 41.25712036024364], [-85.46549915565082, 41.257125437265955], [-85.46548183164056, 41.25713662926916], [-85.46547348090166, 41.257167957818815], [-85.46547408007797, 41.257190721335775], [-85.4654634494149, 41.257206980214086], [-85.465458101744, 41.257227588788965], [-85.4654590827043, 41.25725315618974], [-85.46546420938962, 41.257306765985895], [-85.46546471064956, 41.257351793858646], [-85.46546826707976, 41.257602344024086], [-85.46546931002382, 41.257675684064054], [-85.46547109856952, 41.25780173795175], [-85.46547037273079, 41.25783115370948], [-85.46546759693655, 41.25786685116801], [-85.46547032691672, 41.25790976966964], [-85.46547152437098, 41.257926104003346], [-85.4654700259811, 41.2579636287904], [-85.46546967563813, 41.257972426012245], [-85.46546926510803, 41.25798907029603], [-85.46545529540707, 41.25800488529928], [-85.46540156267834, 41.25801565711129], [-85.46535487004651, 41.25801628176965], [-85.4652913232233, 41.25801218603672], [-85.46528637620104, 41.258011965886844], [-85.46520739542294, 41.25800844416409], [-85.46505446622898, 41.25801526003119], [-85.46478473179354, 41.25800954693943], [-85.46476636933083, 41.25801159176713], [-85.46476430859556, 41.258011820695984], [-85.46473965972248, 41.25801728932665], [-85.464734441409, 41.25801844477572], [-85.46472162155158, 41.25802210696165], [-85.46470611303653, 41.258031495743815], [-85.4646974065648, 41.25804033887735], [-85.46469687027056, 41.25804665569], [-85.46469621180545, 41.258054410903654], [-85.46469901993903, 41.2580781458765], [-85.46470542762195, 41.25809360699813], [-85.46471532436145, 41.25810527289986], [-85.46474130813104, 41.258118446756185], [-85.4647969839157, 41.25813203794838], [-85.46485376103492, 41.258135396915954], [-85.4649336518064, 41.25813075824519], [-85.46521224991872, 41.25812122698784], [-85.46534322877875, 41.2581043011354], [-85.46539103981311, 41.25809812209066], [-85.4654250230803, 41.258096678962836], [-85.46545468455267, 41.258098376005485], [-85.4654730649817, 41.25811016211073], [-85.46548027396184, 41.25812755527284], [-85.46548309826511, 41.25815065070539], [-85.46548401993657, 41.25817728202498], [-85.46548817015321, 41.25818446591545], [-85.46549114717006, 41.258217382953376], [-85.46549752341193, 41.25826607169534], [-85.46550700063818, 41.25830857732429], [-85.46550931829162, 41.258314430852984], [-85.46551896619776, 41.25833879984086], [-85.46554336713582, 41.25837344692634], [-85.4655470969409, 41.258375784824004], [-85.46557445603119, 41.25839294426072], [-85.46560933312209, 41.25841249223699], [-85.46563542019794, 41.25843001092478], [-85.46566631326056, 41.25846643332999], [-85.46571342810059, 41.25849780986347], [-85.46574487722036, 41.258528269323115], [-85.46578407790274, 41.25855169010896], [-85.46583646405685, 41.25857815581638], [-85.46587391212609, 41.258595835181225], [-85.46589649397569, 41.258601868989324], [-85.46597346162925, 41.25863011004012], [-85.46603517319431, 41.25866242313558], [-85.46608201943806, 41.25868309270351], [-85.46614776533708, 41.258705457941154], [-85.46620800815667, 41.258720598147264], [-85.4662663905653, 41.258734283080685], [-85.46632817489392, 41.25876373893637], [-85.46635797830008, 41.25878416874134], [-85.46640114324781, 41.25880049880461], [-85.46646517426294, 41.25881569233718], [-85.46651398422391, 41.258833531008], [-85.4665681912631, 41.25886288079718], [-85.46657281309523, 41.258865598194525], [-85.46667383134388, 41.25891502117639], [-85.46669658028014, 41.258926150745694], [-85.46670938396787, 41.258930388908944], [-85.46674167301245, 41.25894107818209], [-85.46679171007209, 41.25896972088761], [-85.4668338221943, 41.25899383031723], [-85.46695215636835, 41.25904958004717], [-85.46695375986113, 41.259051258156774], [-85.4669911378618, 41.25907179389316], [-85.4670304472403, 41.25909092906085], [-85.46708847840766, 41.259118903158644], [-85.46713721740171, 41.25913959689273], [-85.46720657722312, 41.2591691599374], [-85.46724413129358, 41.25918255102389], [-85.46730987898923, 41.25920491609051], [-85.46736054756451, 41.259224209237956], [-85.46740767677755, 41.25923344725684], [-85.46747745701053, 41.25924586185558], [-85.46753762886321, 41.25926385910289], [-85.4675866876575, 41.259271695207225], [-85.4676282410276, 41.25927656609785], [-85.46777604802783, 41.25927435316175], [-85.46781522715061, 41.25927179515062], [-85.46788641863688, 41.25927447403924], [-85.46795220585841, 41.259269680131894], [-85.46805104838744, 41.259255819734285], [-85.46817415710721, 41.25923086628419], [-85.46829109709596, 41.25920010732159], [-85.46829650225902, 41.25919756281346], [-85.46832176378315, 41.259190530300316], [-85.46837163016288, 41.259165501192264], [-85.46841774517799, 41.259138987776915], [-85.46844846576407, 41.259122266802514], [-85.46848861776232, 41.25910710710603], [-85.4685174105638, 41.25909178668572], [-85.46853316342064, 41.259081377684765], [-85.4685365051535, 41.25908062202935], [-85.46856301533583, 41.25908099411703], [-85.46856627442368, 41.25908151071798], [-85.4685894320934, 41.259085176896036], [-85.46862337583472, 41.259091370028585], [-85.46867473521446, 41.25910829089823], [-85.46871115740765, 41.25911642617683], [-85.46874524038785, 41.2591169042857], [-85.46879204441078, 41.25911374728179], [-85.46883634482903, 41.259109605022296], [-85.46887423936097, 41.259109182962916], [-85.46892363861676, 41.25910320592647], [-85.46894231998141, 41.25910161695715], [-85.46897172633223, 41.2590991149888], [-85.46903353671198, 41.25910188775049], [-85.46910652033725, 41.25911243991072], [-85.46916045339027, 41.259127490208215], [-85.4692477876022, 41.25917064490979], [-85.46931113769433, 41.25921346193585], [-85.46936824808853, 41.259253333978855], [-85.46939828326008, 41.25926880495167], [-85.46942795102062, 41.25929038192171], [-85.46946904804656, 41.25931382809532], [-85.46947918643286, 41.2593189677494], [-85.46949268182337, 41.25932845291203], [-85.46951011991968, 41.2593382277738], [-85.46953091142692, 41.25934503067156], [-85.46953141717843, 41.25934519611827], [-85.46955404663875, 41.25934932688281], [-85.46958516338188, 41.25935300992818], [-85.46959056225673, 41.25935364875487], [-85.46961276861056, 41.25935334014621], [-85.46963596131455, 41.25935619190631], [-85.46963636196318, 41.259356206087446], [-85.46968138372858, 41.259357782220036], [-85.46970272769974, 41.25936284488731], [-85.46971506965343, 41.259374453837786], [-85.46971981635139, 41.259386908251976], [-85.46972327486525, 41.25940029726791], [-85.4697267100229, 41.259414639793256], [-85.4697260299982, 41.25944226530195], [-85.46972847341578, 41.25946588226977], [-85.46973554764865, 41.259485361720465], [-85.46974210714686, 41.2595074910069], [-85.46974593217332, 41.25954446992595], [-85.46974293539354, 41.25957003912096], [-85.46974703799944, 41.25959570689829], [-85.46975958656564, 41.2596310211785], [-85.4697932913551, 41.259672589968346], [-85.4698156890501, 41.25969255826658], [-85.46984605031005, 41.25970965995787], [-85.46988798097257, 41.25973764391996], [-85.469930763238, 41.25976325828371], [-85.46997041487461, 41.25978763618505], [-85.47001472786927, 41.25981505894965], [-85.4700552427869, 41.25983647231964], [-85.47007705837358, 41.259848094016405], [-85.47011142342477, 41.2598628693025], [-85.47015274143627, 41.25988369785824], [-85.47020108786654, 41.259907605039736], [-85.47023928243578, 41.25992719713154], [-85.4702923036988, 41.259953550859414], [-85.47033517040583, 41.25997559287531], [-85.4703701499047, 41.25999752278627], [-85.4704067203199, 41.26001888207359], [-85.47043151382177, 41.26003769080095], [-85.47045243738135, 41.26005347019333], [-85.47047869064552, 41.260077065331004], [-85.47050724000358, 41.26010367087961], [-85.47053964672746, 41.26013390472065], [-85.4705798562179, 41.26016782019652], [-85.47060606456631, 41.260193202769166], [-85.47063161894118, 41.26021321412641], [-85.47065099290693, 41.26022777999202], [-85.47066712305615, 41.260245872858974], [-85.470684816274, 41.26026458495546], [-85.47070407435706, 41.26028391290458], [-85.4707225553974, 41.26030263511943], [-85.4707402180725, 41.2603225370474], [-85.47076112815738, 41.260338909944075], [-85.47078596388005, 41.260355933808675], [-85.47081305257744, 41.26037775487156], [-85.47082781010091, 41.2603874897347], [-85.47085124714667, 41.26039734682233], [-85.4708816524241, 41.260412662884676], [-85.47091213136338, 41.26042500297831], [-85.47094665721302, 41.26043322925591], [-85.47099208322028, 41.260447564126295], [-85.47102409378714, 41.26046170991487], [-85.47105206013856, 41.2604799688361], [-85.47107076216446, 41.260489759732295], [-85.47109342396413, 41.26049901107776], [-85.47112315820004, 41.260509552883036], [-85.47114102569104, 41.26052111908705], [-85.47115335776326, 41.26053320390425], [-85.4711774227314, 41.26054961996603], [-85.47120937400943, 41.260567346742086], [-85.47124594801791, 41.260587507896815], [-85.47126608106005, 41.26060327432602], [-85.47128867009619, 41.26061550296256], [-85.47131368278696, 41.26062538230001], [-85.4713472447443, 41.260640740851485], [-85.47137382409691, 41.260651238740714], [-85.47141141769325, 41.260663081108724], [-85.47144669004287, 41.26067310494868], [-85.47150241703152, 41.26068579613805], [-85.47153374308212, 41.26069576392636], [-85.47155083802195, 41.26070672369725], [-85.47156470441669, 41.2607206162003], [-85.47157773717483, 41.26073628468203], [-85.47159398410506, 41.26074961467221], [-85.47164545936747, 41.260774753918696], [-85.4716821483603, 41.26079134886838], [-85.47173758159985, 41.260815947201685], [-85.47177440444166, 41.2608271838161], [-85.47185977673301, 41.260853988941065], [-85.47190439964643, 41.2608689091841], [-85.47196158819405, 41.26088638467061], [-85.47203077284398, 41.26089747878956], [-85.4720890726076, 41.26090186673628], [-85.47213471870214, 41.26090727097369], [-85.47216391305055, 41.26090768086647], [-85.47217339387005, 41.260907218302144], [-85.47218052559509, 41.260906364077435], [-85.47222099919023, 41.26089708105169], [-85.47224154994899, 41.26088307378917], [-85.4722446132041, 41.26086119887296], [-85.472249943807, 41.260849838688685], [-85.47226280229197, 41.26084049015297], [-85.47230217185762, 41.26083151301839], [-85.4723690801766, 41.26083244827734], [-85.47243213202808, 41.260836189988176], [-85.47250780790425, 41.26084010794614], [-85.47258481508366, 41.26084118568839], [-85.47267823538162, 41.26084249302485], [-85.47275162235046, 41.26083684770814], [-85.47276747402195, 41.26083463887654], [-85.47281371300457, 41.26082818795335], [-85.4728604218061, 41.26081848219287], [-85.47286956575736, 41.26081658196239], [-85.47291660334227, 41.26080389822651], [-85.47298517264623, 41.260788657886984], [-85.4730472192829, 41.26078190375961], [-85.4731054067571, 41.26077795270953], [-85.47317886199791, 41.26076945231254], [-85.4733005477863, 41.260751140800565], [-85.47338538827498, 41.260741846272985], [-85.47346620700615, 41.26074202319589], [-85.47356467673433, 41.26074340076323], [-85.47368428112618, 41.26075841286933], [-85.47375993184954, 41.260763284324376], [-85.47382398891581, 41.260777519856504], [-85.47389669496164, 41.26079950216989], [-85.4740217647037, 41.26085987600549], [-85.4740938913362, 41.260894691923305], [-85.47458593544823, 41.261119790922706], [-85.47459949192418, 41.26113371372518], [-85.47460980458365, 41.2611378369486], [-85.47466056478709, 41.261159987283904], [-85.47470260414576, 41.26118380283629], [-85.47473715963979, 41.26122299772796], [-85.47476464269758, 41.26126090417571], [-85.47479293244254, 41.26129822581559], [-85.4748168231375, 41.26132178673998], [-85.47483853541792, 41.2613375759512], [-85.4748539217621, 41.26135387093714], [-85.47488893000705, 41.26137460988153], [-85.47491540695174, 41.26138927407774], [-85.47494039269304, 41.261400343126255], [-85.47497459874243, 41.26142166616541], [-85.4750174843141, 41.26144311209686], [-85.47504705775155, 41.2614602011749], [-85.47507516963006, 41.26147250595654], [-85.47510484817042, 41.26148542793304], [-85.4751351806843, 41.26150371830575], [-85.47516552936786, 41.26152141376039], [-85.47519742674697, 41.26154032267025], [-85.47523882201358, 41.26155817275174], [-85.47524579114355, 41.26156363095646], [-85.47526750432229, 41.26157941875865], [-85.47530008801427, 41.26160250824364], [-85.47532738332418, 41.26161599066779], [-85.47535711756007, 41.26162653094227], [-85.4753868823387, 41.26163588071598], [-85.47542113240553, 41.26165541691729], [-85.47544966828887, 41.2616826180849], [-85.47546569782679, 41.26170487897937], [-85.47548793741828, 41.26173139405414], [-85.47552043397368, 41.261758054300735], [-85.47555307695447, 41.261778760028704], [-85.47561280863266, 41.261821284980115], [-85.47564314294318, 41.261839577284555], [-85.47566251960386, 41.26185414008636], [-85.47569060273626, 41.26186763596393], [-85.47572422577905, 41.26188061188356], [-85.47575242569245, 41.26188934375226], [-85.47579094185855, 41.26189583778765], [-85.47582481283634, 41.261898692813055], [-85.47587199325336, 41.26190590533063], [-85.47590579056933, 41.26191173625316], [-85.4759411365808, 41.26191878197859], [-85.47597968328964, 41.26192408281617], [-85.47599764061218, 41.261932077288826], [-85.47603263717902, 41.261953410958604], [-85.47606053076689, 41.261974646032655], [-85.47609155318692, 41.2619971161598], [-85.47611152632895, 41.26201943231877], [-85.47612995436867, 41.26204053366895], [-85.47616081329532, 41.26206955316321], [-85.4761876837021, 41.26210030199596], [-85.47621390013536, 41.26212568314226], [-85.47623507701987, 41.262141021082954], [-85.47624491986043, 41.262148153217446], [-85.47626964419199, 41.262169939243044], [-85.47629435235389, 41.26219232016827], [-85.47630897872335, 41.26220741432343], [-85.47633339762771, 41.262241704168495], [-85.47635250928538, 41.262266983970534], [-85.47637000038227, 41.26229403024839], [-85.47639137759109, 41.262323512184295], [-85.47640488016813, 41.26235228778341], [-85.47642590793231, 41.26239605889326], [-85.4764410598162, 41.26242188086992], [-85.47646520114114, 41.262467483239014], [-85.47647944931985, 41.26249805631675], [-85.47649753779643, 41.26253285177872], [-85.47651403625493, 41.262568221867745], [-85.47653388003955, 41.262595895336425], [-85.4765539717592, 41.26261344666504], [-85.4765705995751, 41.26264345920994], [-85.47658265586453, 41.262666854885985], [-85.47660942566, 41.262733934328736], [-85.47663226532612, 41.26276820093865], [-85.47666100692362, 41.26278706424527], [-85.47668147863062, 41.262789137284166], [-85.4766910223322, 41.26278629310177], [-85.47669290609936, 41.26277381232559], [-85.47669248209455, 41.26275891615176], [-85.47669392838216, 41.262732134767404], [-85.4767066979339, 41.26272635793873], [-85.4767325164135, 41.26273565218388], [-85.47674470385695, 41.26275368898493], [-85.47675046205794, 41.26277640193658], [-85.47675548903027, 41.262796721769945], [-85.47676060403748, 41.26281346881387], [-85.47676890267408, 41.26282906994306], [-85.47680128424513, 41.26286049232391], [-85.47682831724697, 41.262884692827306], [-85.47685685582523, 41.26291189213241], [-85.47688559832106, 41.262930756748005], [-85.4769198780323, 41.2629491027621], [-85.47695028600467, 41.26296441687553], [-85.47697050798003, 41.26297548903329], [-85.47699091770329, 41.26298485819628], [-85.47699529878693, 41.26298802311611], [-85.47701523599635, 41.26300243508003], [-85.47703606523284, 41.263007036265805], [-85.47706260326295, 41.26301171510555], [-85.47710062984726, 41.263013682122335], [-85.47720297580588, 41.263032348183735], [-85.47726722511165, 41.26305191773003], [-85.47729545197451, 41.26306523981969], [-85.477314272578, 41.263074122111675], [-85.47734796568938, 41.26309757705575], [-85.47737968610036, 41.26312387683449], [-85.47743195277856, 41.263166263158375], [-85.47751445764752, 41.263217691086844], [-85.47755577655732, 41.26324573701951], [-85.47759890197915, 41.26326770904854], [-85.47765324825721, 41.26330294166351], [-85.47771298622361, 41.26335118094844], [-85.47777642435067, 41.26340377894053], [-85.47785258801203, 41.26348097421975], [-85.47794545674441, 41.26357564079838], [-85.47799733804534, 41.26363382291282], [-85.47804967569041, 41.26367333910256], [-85.4781115291893, 41.26371298829209], [-85.47814603797093, 41.26372480579598], [-85.47821883564494, 41.26373193978318], [-85.47825168703488, 41.26373538084294], [-85.47827456532853, 41.26373777594463], [-85.47838744762714, 41.26373681979462], [-85.47850469843297, 41.26374014201063], [-85.47854710430427, 41.26374241894387], [-85.47855537958468, 41.26374109883581], [-85.47857627260154, 41.263737767166425], [-85.4786354967316, 41.26373774893475], [-85.47869672679968, 41.26374703493294], [-85.47874896113849, 41.26375872210802], [-85.47876991703744, 41.26376997779829], [-85.47878636159705, 41.26378285407864], [-85.47878678380523, 41.26378330514346], [-85.47881031786903, 41.2638084817112], [-85.47883824828786, 41.263854401828176], [-85.4788414310189, 41.263858387129645], [-85.47896354889694, 41.26401127815488], [-85.47897362170622, 41.26402388766627], [-85.47898468086568, 41.264036431676494], [-85.47899709019303, 41.2640454178239], [-85.47902614530257, 41.264057971958664], [-85.47905398139828, 41.26406884270845], [-85.47907963997775, 41.26407825493015], [-85.479083857568, 41.264079556799864], [-85.47908569282612, 41.26408053995456], [-85.47910815430147, 41.2640981259968], [-85.47913445787133, 41.264119932979675], [-85.47916246913852, 41.26413640418507], [-85.47918498900437, 41.26415160728022], [-85.47920031785637, 41.26417028382026], [-85.47921710916566, 41.26419374512307], [-85.47924401191179, 41.264223303854195], [-85.47927236184384, 41.26425824222338], [-85.47930167836316, 41.26428604799843], [-85.4793274249775, 41.2642983191608], [-85.47936725807382, 41.26431555131801], [-85.47940642012863, 41.26432800816615], [-85.47945180661006, 41.26434412414233], [-85.47950106572866, 41.26436327329581], [-85.47954095901211, 41.26437812386255], [-85.47956913197605, 41.26438804517096], [-85.47960437827454, 41.2643992582126], [-85.47963410083234, 41.26441039224922], [-85.47966293226139, 41.26442568306176], [-85.47968786140883, 41.264439133842004], [-85.47973299995525, 41.26446537230886], [-85.4797570253975, 41.26448357406585], [-85.47979801372729, 41.2645180929723], [-85.4798376752454, 41.264542469098764], [-85.47985946118769, 41.2645552797287], [-85.47988589770817, 41.264571729216634], [-85.47991465637367, 41.2645899971173], [-85.47994497810778, 41.26460888285581], [-85.47998305859099, 41.26463323599032], [-85.48001555963795, 41.26465989370174], [-85.48004271121744, 41.264679331088985], [-85.48006742207427, 41.26470171182939], [-85.48009762792569, 41.264725361332395], [-85.48011261092631, 41.264742352992634], [-85.48011442821814, 41.26474392426856], [-85.48013164802381, 41.26477568672239], [-85.48014965924526, 41.264813815961546], [-85.48016407540894, 41.26484403479254], [-85.48019039874173, 41.264890856970794], [-85.48020207863703, 41.264916748185385], [-85.4802296299668, 41.264952152095454], [-85.48024706087658, 41.26497526469641], [-85.48027937956554, 41.265009307302954], [-85.48033166959992, 41.26504005205051], [-85.4804191421524, 41.265087181319295], [-85.48043594064822, 41.26510395073374], [-85.48044417819936, 41.26510803724389], [-85.48044739057482, 41.26511098868722], [-85.48048334115249, 41.26515151278044], [-85.48053663460506, 41.2652187206659], [-85.48055113790531, 41.26524536733462], [-85.48055841425911, 41.26525687192903], [-85.48056664103048, 41.265269884312964], [-85.48058316194687, 41.265291555183104], [-85.4806024182333, 41.26531755225008], [-85.48061800669842, 41.26533849520582], [-85.48063088225139, 41.26536177715285], [-85.48063433537533, 41.26536802370862], [-85.48065213818764, 41.265414728696385], [-85.48066202863892, 41.26543630701203], [-85.4806587354151, 41.265454842736915], [-85.4806545977749, 41.26546907994724], [-85.48065331767562, 41.26548264125014], [-85.48066152737898, 41.26549561982762], [-85.48066335994217, 41.265496305185], [-85.48069531661008, 41.26550823918078], [-85.48073757875095, 41.2655231218981], [-85.48075139663665, 41.26553903906214], [-85.48076144519142, 41.26555418713721], [-85.48076185212824, 41.265576348128675], [-85.48075741714568, 41.26560272996214], [-85.48074952814085, 41.265615485015346], [-85.48073600939415, 41.26562601721677], [-85.48070700908184, 41.265649912843], [-85.48069042169011, 41.265669694301415], [-85.4806782728742, 41.26570168588202], [-85.48067943170092, 41.26573171996527], [-85.48070479293803, 41.26577924306689], [-85.48072740443203, 41.26581377276723], [-85.48072656001567, 41.265824032820774], [-85.48072567517512, 41.265860232329395], [-85.48072460258666, 41.2659040517298], [-85.48070347241455, 41.26594187578392], [-85.4806724248417, 41.26597193609043], [-85.48062249108833, 41.26605128769767], [-85.48058335688128, 41.266102202210405], [-85.48051910937215, 41.26614633272587], [-85.48052856593715, 41.26617922076769], [-85.48053711879699, 41.266216861677364], [-85.4805404236989, 41.26624311428481], [-85.48053585396904, 41.266300822043284], [-85.48053340156834, 41.26633652297503], [-85.48053384443776, 41.26638298486617], [-85.4805354102013, 41.26641576272802], [-85.48053963497809, 41.26643666684402], [-85.48054609655993, 41.26646296190186], [-85.48055407809122, 41.26649166207809], [-85.48056452819293, 41.266516227204185], [-85.48057651261713, 41.26654259785443], [-85.4805884539222, 41.26657075714616], [-85.48060495507568, 41.266606125723314], [-85.48061853221286, 41.266631925778654], [-85.48063269505163, 41.2666660701545], [-85.48064196297042, 41.266706699291646], [-85.48064763493312, 41.266732984787694], [-85.48065317574179, 41.26676462811123], [-85.48065649411845, 41.266790284283054], [-85.48065668725626, 41.26681470615115], [-85.48066317758418, 41.26683980930218], [-85.48066335365395, 41.26686482669125], [-85.48066189478993, 41.266892203270345], [-85.48066042334952, 41.2669201740265], [-85.4806582898507, 41.26694277681954], [-85.48065558861664, 41.266956437748014], [-85.48064698275621, 41.26698550232265], [-85.4806351501473, 41.26701749798511], [-85.48062987703659, 41.26703946131772], [-85.48063031631276, 41.26705376097733], [-85.48063536035308, 41.267073485967806], [-85.48064202405585, 41.26709144527172], [-85.48064318108594, 41.26710873476006], [-85.4806529287051, 41.267129714953164], [-85.48066964904748, 41.26715615422725], [-85.48068413078816, 41.26717720125109], [-85.480700895148, 41.26720185322156], [-85.48071435640253, 41.267232415305], [-85.4807232003165, 41.267258148267025], [-85.48073338811015, 41.26729342869452], [-85.48074239102593, 41.267312614119625], [-85.48075645235507, 41.26735092620972], [-85.48076278278288, 41.26738258003708], [-85.4807748983611, 41.26740359390273], [-85.48079173368785, 41.26742526879116], [-85.48081975303988, 41.26744471615856], [-85.48084621291657, 41.26745699820592], [-85.48085676632452, 41.26747739490697], [-85.48086109171263, 41.26749413197279], [-85.48086771499122, 41.26751387776163], [-85.48087606034021, 41.26752769184285], [-85.48089716176621, 41.267536323700874], [-85.48091681600633, 41.26753957617715], [-85.48093859027048, 41.26755298175225], [-85.48095390834273, 41.26757225420287], [-85.48096785019594, 41.26758316825607], [-85.48099278114, 41.26759661771068], [-85.48101759440478, 41.267614830748585], [-85.48103264927065, 41.26764481871298], [-85.48105201155826, 41.26765997912847], [-85.4810747065956, 41.267668037043464], [-85.48110463576592, 41.26767083577444], [-85.48113748625755, 41.26768320623125], [-85.48116219980933, 41.26770558594212], [-85.48117745769444, 41.267727239123694], [-85.48119129803801, 41.26774232119616], [-85.48120595584851, 41.26775622300581], [-85.48121831936176, 41.267767116096834], [-85.4812290470429, 41.267780367678405], [-85.48124751820177, 41.26779968395023], [-85.48125986824029, 41.26781117121449], [-85.48126236915004, 41.26783800925862], [-85.48125307877336, 41.26786289324994], [-85.48124536494002, 41.26788780086394], [-85.48123560833773, 41.267931737064295], [-85.48122788013133, 41.267957240181495], [-85.48123398777695, 41.267965662669695], [-85.48124744723486, 41.26796406311273], [-85.48126899961515, 41.267954238226565], [-85.4812866227644, 41.267943763117806], [-85.48130979840042, 41.26793217392114], [-85.48131931066095, 41.26793051967183], [-85.48133493326206, 41.26793728926481], [-85.48133803065315, 41.26793971392134], [-85.48135194376026, 41.267951820322615], [-85.48136740556295, 41.26796513803666], [-85.48138981044445, 41.26798510379931], [-85.48140673290777, 41.26800320667074], [-85.48142223962621, 41.26801473778737], [-85.48142355475979, 41.26802547823946], [-85.48141056512078, 41.26804018618076], [-85.48139050394384, 41.26805360583232], [-85.48136488668688, 41.26806813821468], [-85.4813423407699, 41.2680862869768], [-85.48133879062789, 41.268102318975565], [-85.48134487312068, 41.268111931826084], [-85.48135726538003, 41.2681216351522], [-85.48137121980963, 41.268131954260795], [-85.48138435856897, 41.26814345294502], [-85.48140372355157, 41.2681586118943], [-85.48142790979227, 41.268170263844546], [-85.481448164107, 41.26818126624909], [-85.48148006687599, 41.26820017323051], [-85.48149624463593, 41.26821647933287], [-85.48150159410345, 41.26822370195589], [-85.4815067387551, 41.26823925790453], [-85.4815274916348, 41.268262178935466], [-85.48155225010233, 41.26828277186824], [-85.48157634920645, 41.26829799695479], [-85.48160918532504, 41.268310962143914], [-85.48164196395143, 41.26832630808462], [-85.48167927368014, 41.268350054178725], [-85.48170734782938, 41.268364142889176], [-85.48173524501054, 41.26838537722893], [-85.48175374761045, 41.26840350227097], [-85.48177438460748, 41.268431186095484], [-85.48178978891796, 41.26844688513671], [-85.48180918174832, 41.26846085431616], [-85.48183079701067, 41.26848080912408], [-85.4818420367315, 41.268505384305016], [-85.4818523278314, 41.26853649673952], [-85.48186686975924, 41.26855516324783], [-85.48188712497226, 41.26856616491235], [-85.48190660583752, 41.268576560923165], [-85.4819496872419, 41.26859026269686], [-85.48197526227806, 41.26860967798303], [-85.48199854211862, 41.26862608188662], [-85.48200698987557, 41.268635729095024], [-85.48202327184009, 41.26864786710145], [-85.48203618961386, 41.26866829583996], [-85.48204227031003, 41.26867791130787], [-85.48205054379382, 41.2686947007312], [-85.48207318133896, 41.26870514128452], [-85.48210699841782, 41.268710376752445], [-85.48214155840346, 41.26871740891564], [-85.48216268857556, 41.268724848896184], [-85.48217439542034, 41.26873037199586], [-85.48219630173686, 41.268738420326066], [-85.48222048797757, 41.268750072172786], [-85.48225016831455, 41.2687629927092], [-85.4822711116371, 41.26877817379611], [-85.48229920015939, 41.26879166689221], [-85.48231944010105, 41.268803264038695], [-85.48233576428639, 41.26881361612411], [-85.48235442678643, 41.26882519233566], [-85.48236522812941, 41.26883546677028], [-85.48239555166013, 41.268854353306445], [-85.48241580777149, 41.26886535492055], [-85.48242983676128, 41.2688726963059], [-85.48245799894543, 41.26888321312765], [-85.48248298917831, 41.268894280905904], [-85.4825157965508, 41.26890843499265], [-85.48254705612607, 41.268921377779144], [-85.48258614811228, 41.268936810676344], [-85.482614266279, 41.268949114049185], [-85.48265895476943, 41.268961646310174], [-85.48270675592232, 41.26897600969218], [-85.48275384291458, 41.26898738466742], [-85.48278827264447, 41.26899977580577], [-85.48282514399531, 41.26900922175156], [-85.48285649070714, 41.26901859072398], [-85.48287838175231, 41.26902723386322], [-85.48290891099722, 41.269037783069315], [-85.48293787717357, 41.269047715148005], [-85.48297471618505, 41.26905835280098], [-85.48300368415802, 41.26906816469234], [-85.48304217786627, 41.269082280930675], [-85.48306944892165, 41.26909052097195], [-85.48310611635492, 41.26910175076103], [-85.48313529992356, 41.269109304805184], [-85.48318055974252, 41.269117794663956], [-85.48321451067038, 41.26912398414432], [-85.4832456381933, 41.269129418760116], [-85.48327583595987, 41.26913412821995], [-85.4833133999118, 41.26914751388714], [-85.48335376840403, 41.26916236876732], [-85.48339043763393, 41.26917360124485], [-85.48342715986442, 41.26918268728872], [-85.48345911204076, 41.26919313721668], [-85.48350128794335, 41.26921159017706], [-85.48353508256434, 41.269224210837606], [-85.48355956255415, 41.2692302679706], [-85.48359165486768, 41.26923500173001], [-85.48360200166312, 41.269238004976415], [-85.48363496983406, 41.269245610319274], [-85.48367083237683, 41.26925111109359], [-85.4836917011392, 41.269249970697444], [-85.48372396682755, 41.2692475609437], [-85.48373643364708, 41.269241303280836], [-85.48374499099849, 41.26923999206135], [-85.4837685609949, 41.269244608337], [-85.48379488432766, 41.26925283485401], [-85.4838212238301, 41.26926034701888], [-85.48385603444568, 41.26927012174446], [-85.48387746465511, 41.26928471394794], [-85.4838875850751, 41.26929700510181], [-85.48389191764971, 41.26931350268402], [-85.48391056128511, 41.26932591199064], [-85.4839321657677, 41.2693333600041], [-85.48394998385135, 41.26934075400161], [-85.4839789913502, 41.26935545219397], [-85.4840232190049, 41.26936750094171], [-85.48404771785933, 41.26937284303636], [-85.4840921027192, 41.26937846398359], [-85.48414025691, 41.26938484924397], [-85.48418278315556, 41.26938901380813], [-85.48424240613758, 41.269391272314344], [-85.4842906142273, 41.26939551587513], [-85.48433122795961, 41.26940036778056], [-85.48438597758125, 41.26940827626415], [-85.48442946682079, 41.26941173795557], [-85.48448035907657, 41.269422451170314], [-85.48451515262416, 41.26943294022084], [-85.48454722607305, 41.269438388314654], [-85.4845943831339, 41.26944690513817], [-85.48463887219835, 41.26944823795947], [-85.48469190244451, 41.269448973239335], [-85.48474266983447, 41.269464688240376], [-85.48478298891939, 41.269481686094366], [-85.48481373196334, 41.269502839048194], [-85.48485022781838, 41.26952121427449], [-85.4848830244111, 41.26953596306526], [-85.48493095222645, 41.26955163685892], [-85.48495746600207, 41.26955200618624], [-85.4849782027121, 41.269549790897585], [-85.48500881909361, 41.26955676828021], [-85.48505578930487, 41.26957290592221], [-85.48508290225676, 41.26959412906592], [-85.4851077307929, 41.26961174400659], [-85.48511979067558, 41.26963513988681], [-85.48511903609075, 41.269666099190935], [-85.4851229293892, 41.26970069570472], [-85.48513503239101, 41.269722307038414], [-85.48515281903364, 41.26973744198964], [-85.48516136111368, 41.26974327828949], [-85.48517305268709, 41.269755829978386], [-85.48518189390613, 41.26978168212877], [-85.48518803389109, 41.26978891268085], [-85.48520285968654, 41.26980246093323], [-85.48521712403495, 41.26981314032463], [-85.4852524341138, 41.269841265121826], [-85.48527109481721, 41.26985295930833], [-85.48529452826972, 41.26987615592294], [-85.48531427593461, 41.269895011774786], [-85.48533207335701, 41.26991622198525], [-85.48534809121685, 41.269932645140905], [-85.4853720977945, 41.26995823187441], [-85.48538926280294, 41.269979433962156], [-85.48541101011767, 41.269994030058214], [-85.48543391625908, 41.27001293111324], [-85.48546255994023, 41.270029529116684], [-85.48547500160693, 41.27003732274313], [-85.48549335957807, 41.27006140310513], [-85.48552071777004, 41.27007893487239], [-85.48555792419249, 41.270107087237534], [-85.48558535335138, 41.27012176095084], [-85.48560649160832, 41.27013539488214], [-85.48563389920764, 41.2701510232948], [-85.48567385896642, 41.270169683264896], [-85.48571763387022, 41.270187443214105], [-85.48576381805562, 41.270210001664516], [-85.48580253993593, 41.27022769205921], [-85.48584886156355, 41.27024453509836], [-85.4858761532802, 41.27026492620241], [-85.48588983192703, 41.270273692059305], [-85.48593232044335, 41.270292385753265], [-85.48595593805048, 41.27030796078919], [-85.48597824591393, 41.27032542294684], [-85.48598565342175, 41.27032921610255], [-85.48602720769017, 41.27036174284244], [-85.4861402382108, 41.27042852405394], [-85.4861498187433, 41.2704373911656], [-85.48618344537934, 41.270456917306774], [-85.48621078201174, 41.270475402318475], [-85.48624961977472, 41.27048832926524], [-85.48628740830547, 41.27049266525403], [-85.48630751709312, 41.27049675615315], [-85.48635769608656, 41.270510793086906], [-85.4864068456107, 41.270515285715256], [-85.48643200562519, 41.27051944683141], [-85.48645707311317, 41.27052741797085], [-85.4865070670537, 41.27054907696842], [-85.48656706912479, 41.270574685066], [-85.48661091319886, 41.2705895868838], [-85.48666492710025, 41.27060177111417], [-85.48670776416289, 41.27060617798891], [-85.48676446582364, 41.2706117292868], [-85.4868135461775, 41.27061908127862], [-85.48685893086227, 41.2706225692377], [-85.48689930294778, 41.27062130125726], [-85.48694486010909, 41.270620902228245], [-85.48701049282037, 41.27062276503872], [-85.48701326502136, 41.27062292708098], [-85.48703376008457, 41.27062245108193], [-85.48705975373564, 41.27062367787662], [-85.4871195500925, 41.27062649876168], [-85.4871852304145, 41.27062645690077], [-85.48724069329846, 41.270631037969245]], [[-85.48309196968584, 41.2638862396669], [-85.48307628420265, 41.26397155689526], [-85.4830814117863, 41.26404005503607], [-85.4830801182123, 41.26409306909854], [-85.48307689056547, 41.26413237028305], [-85.48305861074776, 41.264165091203814], [-85.48305519175979, 41.26416780432906], [-85.48303177178201, 41.26417288688075], [-85.48301571259968, 41.26416995767801], [-85.48299262230363, 41.26416152322107], [-85.48298758814477, 41.26415758317938], [-85.48296835431621, 41.264120596743766], [-85.48295802369044, 41.26407939609188], [-85.48293451298284, 41.264020907138324], [-85.48292036092384, 41.263950570960716], [-85.48292165539618, 41.26389755813302], [-85.48295056497864, 41.263827820765925], [-85.48296369116159, 41.263754443743295], [-85.48296636544617, 41.26364499691957], [-85.48296811805929, 41.26357317208861], [-85.48295128273256, 41.26351990776178], [-85.48291404936066, 41.26346635911124], [-85.48287866292499, 41.26342994219539], [-85.48286140898331, 41.26339377915351], [-85.4828600606121, 41.26335612378669], [-85.48288166868792, 41.26330681423162], [-85.48290995304296, 41.26326272974002], [-85.48295682533785, 41.263200085900394], [-85.48298749921156, 41.26315090317514], [-85.48302014758224, 41.263113721021014], [-85.48308624921411, 41.263099244257305], [-85.48316586420279, 41.26308837604718], [-85.48324082412168, 41.26308257629141], [-85.48333172823853, 41.26307357380538], [-85.48341575305695, 41.2630679009961], [-85.48348588542949, 41.26307400731846], [-85.48352596915579, 41.2631036462364], [-85.48354116775208, 41.26313122831895], [-85.48354878816065, 41.2631561708253], [-85.48354716220996, 41.263175348687724], [-85.48354491013355, 41.26319424901567], [-85.48354457955352, 41.263207766224326], [-85.48356020844285, 41.26322826689113], [-85.48358675096455, 41.26324215885778], [-85.48361528055965, 41.26324796400138], [-85.48363759111805, 41.26325038410531], [-85.48365817780942, 41.26325261716425], [-85.48369729405015, 41.26326533081089], [-85.48371295617711, 41.26328448028072], [-85.48371325172285, 41.26328497929182], [-85.4837267255538, 41.26330765829613], [-85.48373342968077, 41.26332668283202], [-85.48374006912903, 41.26334841106815], [-85.48375217931738, 41.26336615801725], [-85.48377145716337, 41.26338400489873], [-85.48378917463572, 41.263392363828], [-85.4838212229318, 41.263400921955125], [-85.48384464829945, 41.26341445600231], [-85.48385480016049, 41.26342031920212], [-85.4838615357285, 41.26343799320467], [-85.48385566793304, 41.263458194663436], [-85.48384462224831, 41.26347021208743], [-85.48383370681928, 41.2634768200828], [-85.48381021856956, 41.26348460706365], [-85.48373275324936, 41.26349306996854], [-85.48365884256273, 41.263519013731525], [-85.48359561374313, 41.263539770220056], [-85.48351088644218, 41.26356022824198], [-85.48340084371817, 41.26358980076486], [-85.48336472964712, 41.26361486869223], [-85.48331555766511, 41.26364300966436], [-85.48323749855848, 41.2636829809655], [-85.48319343529549, 41.26372342424003], [-85.4831491196059, 41.263774129215605], [-85.48311618018106, 41.263823281760686], [-85.48309196968584, 41.2638862396669]], [[-85.48473189094939, 41.26390369273813], [-85.48470669769723, 41.26389216494693], [-85.48470016874177, 41.263882253691875], [-85.48468508692645, 41.26385345580858], [-85.48467448860272, 41.26383484467679], [-85.48466748803173, 41.26382090084229], [-85.48464686091617, 41.26376422266934], [-85.48464433215865, 41.26374449397821], [-85.48464485497814, 41.263723060281706], [-85.48464208996369, 41.26370694010075], [-85.48463764509967, 41.2636949672867], [-85.48463343379761, 41.263673466724384], [-85.48463132994323, 41.26366271812867], [-85.48463261094082, 41.26364248567178], [-85.48463461059063, 41.26362524185774], [-85.48463497530665, 41.26361035668208], [-85.48463863863638, 41.26358956307733], [-85.48464228938968, 41.26356936368493], [-85.4846466399306, 41.263552747833224], [-85.48465331710813, 41.26353795109873], [-85.48465989097936, 41.263527321999845], [-85.48466961973389, 41.26351673679044], [-85.48468088640418, 41.26350795989766], [-85.48470176504803, 41.26349336032589], [-85.4847106035721, 41.263486931273334], [-85.48472182532663, 41.26347993973709], [-85.48472990387597, 41.26347231008891], [-85.48474122624182, 41.26346115090806], [-85.48474926257036, 41.263455307969416], [-85.48476518880203, 41.26344957171976], [-85.48478897708907, 41.26344513667676], [-85.48480721199101, 41.263441817146784], [-85.48482305108611, 41.2634396556708], [-85.48485543086052, 41.26343891424601], [-85.4848663912053, 41.263442640276786], [-85.48488588464696, 41.26345244018228], [-85.48489050378416, 41.26345726889564], [-85.48489500614036, 41.26346686082195], [-85.48489950669993, 41.263476452071636], [-85.4849024019701, 41.26348721285247], [-85.4849013383648, 41.263498513831266], [-85.48490117756637, 41.26350506307707], [-85.4849017488949, 41.26351400473118], [-85.4848998929755, 41.26352529490132], [-85.48489706328236, 41.26354431397183], [-85.48489259506214, 41.263565693031815], [-85.48488742525768, 41.26358348921506], [-85.48488400716802, 41.26359416219595], [-85.48487877807476, 41.263614339297455], [-85.4848712996, 41.263629720104426], [-85.4848652979556, 41.26364929082217], [-85.48485523323116, 41.263673570712555], [-85.4848476658232, 41.26369252424085], [-85.48484162016133, 41.26371388096918], [-85.48483722560297, 41.26373228280878], [-85.4848312086872, 41.26375244906368], [-85.48482691384183, 41.26376668394419], [-85.48482108557225, 41.26377911118617], [-85.48481515579306, 41.26379570402191], [-85.48481094988091, 41.26380636616413], [-85.48480675744348, 41.26381643273738], [-85.48480089863119, 41.263830049078464], [-85.48479337703732, 41.26384721721085], [-85.48478972628402, 41.26386741584206], [-85.48478299161432, 41.26388459476857], [-85.48477158390854, 41.26389932592571], [-85.48474680208479, 41.26390506686256], [-85.48473189094939, 41.26390369273813]]]}, "properties": {"id": "crooked-lake-noble", "name": "Crooked Lake", "county": "Noble", "county2": null, "acres": 206, "max_depth_ft": 108, "survey_date": "2017-07-19", "contour_interval_ft": 15, "has_contours": true, "pdf_url": "https://www.in.gov/dnr/fish-and-wildlife/files/depth/fw-Crooked_Lake_Bathymetric_Noble_County_July_2017.pdf", "bbox": [-85.489251, 41.254402, -85.464697, 41.270685], "source": "Indiana DNR Fish & Wildlife bathymetry PDF, semi-manual digitization (Noble batch)", "source_url": "https://www.in.gov/dnr/fish-and-wildlife/fishing/lake-depth-maps/", "precision_note": "Shoreline confirmed vs nhd_cache (IoU=0.990); Kept existing contour depths (pdf_label); Acre mismatch 363.0 vs PDF 206; Acre mismatch retained with honest note (NHD/OSM vs PDF survey footprint)", "note": null, "contour_method": "traced_from_pdf", "georef_method": "nhd", "depth_assignment": "pdf_label", "needs_review": true, "review_priority": "medium", "review_notes": "Georef IoU=0.990 OK. Acre mismatch shoreline 365.3 vs PDF 206 (ratio=1.77). Shoreline georef IoU OK vs OSM/NHD, but shoreline acres differ >10% from PDF survey acres (often OSM/NHD includes marsh/wetland or a dual-basin neighbor). Depths retained; needs_review kept.", "line_style": "solid", "data_quality": "needs_review", "shore_iou": 0.99, "min_contour_ft": 0, "max_contour_ft": 105}}, {"type": "Feature", "geometry": {"type": "Point", "coordinates": [-85.353243, 41.488759]}, "properties": {"id": "sylvan-lake-east-west-noble", "name": "Sylvan Lake", "source_lake_name": "Sylvan Lake", "county": "Noble", "county2": null, "acres": 669, "max_depth_ft": 25, "survey_date": "2021-08-03", "contour_interval_ft": 5.0, "min_contour_ft": 0.0, "max_contour_ft": 25.0, "has_contours": true, "pdf_url": "https://www.in.gov/dnr/fish-and-wildlife/files/depth/fw-Sylvan_WestBasin_Bathymetry_Noble_County_August_2021.pdf", "pdf_url_east": "https://www.in.gov/dnr/fish-and-wildlife/files/depth/fw-Sylvan_EastBasin_Bathymetry_Noble_County_August_2021.pdf", "bbox": [-85.377424, 41.475691, -85.331842, 41.502207], "source": "Indiana DNR Fish & Wildlife Sylvan Lake bathymetry PDFs (West+East basins, Aug 2021), semi-manual digitization", "source_url": "https://www.in.gov/dnr/fish-and-wildlife/fishing/lake-depth-maps/", "precision_note": "Raster-only DNR PDFs (ArcMap + Paper Capture; no extractable contour vectors). Contours digitized from 300 DPI renders: yellow survey lines color-extracted, georeferenced to OSM shoreline (relation 2395788) via similarity+TPS rubber-sheet; shoreline (0 ft) from OSM water polygon. Depths assigned from 5 ft intervals labeled on the maps (max labeled 25 ft East / 20 ft West). Horizontal fit approx. tens of meters; suitable for structure/relative depth, not navigation or a sonar substitute. Stated lake size on PDFs: 669 acres (8/3/2021). Depth labels on traced lines were assigned by distance-from-shore binning to survey intervals (not OCR of each label); occasional band swaps possible in multi-basin lakes.", "contour_method": "traced_from_pdf", "georef_method": "osm", "depth_assignment": "distance_from_shore_bins", "needs_review": false, "review_priority": null, "review_notes": null, "line_style": "solid", "data_quality": "pdf_digitized"}}, {"type": "Feature", "geometry": {"type": "Point", "coordinates": [-85.734577, 41.294722]}, "properties": {"id": "irish-lake-kosciusko", "name": "Irish Lake", "county": "Kosciusko", "county2": null, "acres": 182, "max_depth_ft": 34, "survey_date": "2023-08-01", "contour_interval_ft": 5, "has_contours": true, "pdf_url": "https://www.in.gov/dnr/fish-and-wildlife/files/depth/fw-Irish_Lake_Bathymetric_Kosciusko_County_August_2023.pdf", "bbox": [-85.744525, 41.290098, -85.724629, 41.299346], "source": "Indiana DNR Fish & Wildlife bathymetry PDF (raster digitized)", "source_url": "https://www.in.gov/dnr/fish-and-wildlife/fishing/lake-depth-maps/", "precision_note": "Raster-digitized from DNR PDF. IoU=0.690. Depths [0, 5, 10, 15, 20, 25, 30]. Contours are feet below surface. Suitable for structure/relative depth \u2014 not navigation-grade. contour_method=traced_from_pdf; georef=osm; Depth labels on traced lines were assigned by distance-from-shore binning to survey intervals (not OCR of each label); occasional band swaps possible in multi-basin lakes.", "note": null, "needs_review": false, "review_notes": "pdf digitize; Shoreline IoU=0.69; Shoreline IoU=0.69; absolute positions approximate; Depth labels on traced lines were assigned by distance-from-shore binning to survey intervals (not OCR of each label); occasional band swaps possible in multi-basin lakes.", "min_contour_ft": 0, "max_contour_ft": 30, "data_quality": "pdf_digitized", "contour_method": "traced_from_pdf", "georef_method": "osm", "depth_assignment": "distance_from_shore_bins", "review_priority": null, "line_style": "solid", "shore_iou": 0.69}}, {"type": "Feature", "geometry": {"type": "Polygon", "coordinates": [[[-85.95235433001237, 41.08200709777309], [-85.95235465879576, 41.082007296170126], [-85.95236562632707, 41.082011580326714], [-85.95238944605515, 41.08201738326955], [-85.95240954226637, 41.082025933975984], [-85.95242206118816, 41.082046941028274], [-85.95242172701488, 41.08206643131993], [-85.95242064903654, 41.0820695196747], [-85.95241205126095, 41.08209417978654], [-85.95241353168454, 41.08211507915468], [-85.9524279406617, 41.082133320813824], [-85.95246621697764, 41.08215457972098], [-85.9525229384013, 41.082173235767335], [-85.95257065241762, 41.082180665140875], [-85.9526256050585, 41.08219512912394], [-85.95266761028118, 41.08221364093204], [-85.95272617235287, 41.08223231524389], [-85.95275909560803, 41.08224377618631], [-85.95279022941915, 41.08225243520252], [-85.95282138389153, 41.08225970205825], [-85.95287452283384, 41.08227275422835], [-85.95292015904691, 41.082294086219335], [-85.95294940370098, 41.08230551194071], [-85.95297129115289, 41.08231686520831], [-85.95304643163313, 41.08233430916457], [-85.95310513743526, 41.08234463117429], [-85.95314919710499, 41.08235063316081], [-85.9532042458656, 41.082359525769114], [-85.95323179539875, 41.08236258093131], [-85.95326859039278, 41.082362941158756], [-85.95331458413534, 41.082363394151535], [-85.95352443328063, 41.08235848909948], [-85.95364595198238, 41.08235411220015], [-85.95369513294756, 41.0823514951338], [-85.95373393657458, 41.08234470701169], [-85.95382105519084, 41.082332218896504], [-85.95386199141834, 41.08232832478167], [-85.95392074213623, 41.08231782197849], [-85.95396037400994, 41.082312021770655], [-85.9540349916707, 41.08230886232966], [-85.9540456780293, 41.08230678424889], [-85.95410615530919, 41.082305471990615], [-85.95416792436643, 41.0823022637967], [-85.95422218710118, 41.08229612570462], [-85.95425496033768, 41.08229453988973], [-85.9543015523582, 41.08229499694567], [-85.95433429415368, 41.08229531722343], [-85.95436196495939, 41.08229749619543], [-85.9544060057645, 41.08229983293628], [-85.95445124312558, 41.08230599472716], [-85.95449901283745, 41.08231122683199], [-85.9545304781269, 41.08231248830616], [-85.9545921492678, 41.082314999066284], [-85.95466618482024, 41.08233097231933], [-85.9547037326025, 41.08234468128112], [-85.95470527680646, 41.08234567393823], [-85.95473986104659, 41.08236790579698], [-85.9547624833204, 41.08238234129985], [-85.95477474622231, 41.08239016608722], [-85.95480850221576, 41.082404791855595], [-85.95484093319415, 41.082423216256366], [-85.95485586499079, 41.08243384566389], [-85.95488075820563, 41.08245124422221], [-85.9548894727622, 41.08245880966514], [-85.95491044213588, 41.0824829821059], [-85.95493526887539, 41.082504190793195], [-85.95494756770995, 41.08252146609752], [-85.95496359455294, 41.08254163472009], [-85.95496786604213, 41.08254906879179], [-85.95497460340675, 41.08256080323431], [-85.95499045328161, 41.082591454292434], [-85.95499779611075, 41.08260391391943], [-85.95500860733519, 41.08263451485089], [-85.95501467455662, 41.08264791701566], [-85.95501546597238, 41.082649919248595], [-85.95502071033701, 41.08266322390547], [-85.95502296959995, 41.08267849422753], [-85.95502138317516, 41.08269753675828], [-85.95501737668899, 41.0827108400513], [-85.95502089359333, 41.08272612187326], [-85.95502830289779, 41.08273477270053], [-85.95503957405967, 41.08273869523011], [-85.95505581200673, 41.082746477316824], [-85.9550656431692, 41.08276086872403], [-85.95506909539485, 41.08277996133741], [-85.95507483473119, 41.08281242086657], [-85.95507691612771, 41.082838170853776], [-85.95507699787439, 41.082844350199146], [-85.9550740540952, 41.082858155204065], [-85.95507373160002, 41.08287695866157], [-85.95507371093876, 41.082878163924384], [-85.95507197898692, 41.082905784073844], [-85.95506907024202, 41.08292862717656], [-85.95506112374501, 41.082951420842036], [-85.9550608470639, 41.08296761874195], [-85.95506948167042, 41.08297818576708], [-85.95508951589788, 41.08298505372307], [-85.95509831489609, 41.08298609173708], [-85.95512094884798, 41.0829882212569], [-85.95513903642623, 41.08299482378368], [-85.95513972363742, 41.0829950756696], [-85.95515094359533, 41.08300185492211], [-85.95515830259413, 41.08301336312815], [-85.95515871222591, 41.08301820177435], [-85.955160399262, 41.08303816169384], [-85.95516488814347, 41.083044466963344], [-85.95516488005863, 41.08304492807677], [-85.95516475788777, 41.08305208921536], [-85.9551646662596, 41.0830574600688], [-85.9551728238607, 41.08306470313656], [-85.95518579283846, 41.08306751518278], [-85.95519330814412, 41.083069665690445], [-85.95519874564653, 41.08307122304801], [-85.95521278721274, 41.08308031327549], [-85.95521976532586, 41.08308754482983], [-85.95522549478076, 41.083098344762064], [-85.95522722763094, 41.083101609794554], [-85.95523122693058, 41.08310914401545], [-85.95523459291795, 41.08311992024524], [-85.9552379571087, 41.08313069579613], [-85.95524490288246, 41.08313971695003], [-85.95525422919174, 41.0831478653064], [-85.95527180742523, 41.08315788587391], [-85.95528703297099, 41.083166988277355], [-85.95528877121106, 41.083168156970906], [-85.95532974606611, 41.08320620179368], [-85.95533126871052, 41.08320949999918], [-85.95534291626649, 41.08322035678865], [-85.95535685183148, 41.083235714328445], [-85.95537078829481, 41.08325106983329], [-85.95537662734415, 41.08325560308533], [-85.9553870747509, 41.083267346204124], [-85.95539523414865, 41.08327458721743], [-85.95540574264082, 41.08328274706794], [-85.95540727067511, 41.08328343975126], [-85.95541983271607, 41.08328915184907], [-85.95543510587251, 41.083295570171806], [-85.955452667038, 41.08330648382426], [-85.95545828959337, 41.083310849149306], [-85.95546784766799, 41.08331827230026], [-85.95548427336297, 41.08332648902254], [-85.95552062458927, 41.083345647151226], [-85.9555360908835, 41.08335203702978], [-85.95554060042623, 41.08335389975681], [-85.95556292535767, 41.0833630718754], [-85.95557819671748, 41.083369488159555], [-85.95561112176928, 41.08338144928698], [-85.95562999178016, 41.083385214011635], [-85.95564409622843, 41.08339072432223], [-85.9556640837435, 41.08339808178463], [-85.9556853190185, 41.08340187088423], [-85.95569974865691, 41.083403762048384], [-85.95571483226884, 41.083405741236604], [-85.95574514861305, 41.08340669392832], [-85.95575622304388, 41.083407041284964], [-85.95577009842175, 41.08340767776698], [-85.95578105337664, 41.08340818018146], [-85.95581065825515, 41.08340667903193], [-85.95584266163546, 41.08340341130617], [-85.95587114721312, 41.08339831877265], [-85.95589256484611, 41.083391364867026], [-85.95592045034917, 41.08338678287256], [-85.95592341568792, 41.083386296031364], [-85.95592954758806, 41.083386872250905], [-85.95593825226317, 41.083387690198194], [-85.9559446788107, 41.08338829417919], [-85.95595876978425, 41.08339469894999], [-85.95596331795453, 41.08340548732091], [-85.95596381292627, 41.08340932381768], [-85.95596540833421, 41.08342162416918], [-85.95597223103877, 41.08343780367128], [-85.95597678010738, 41.083448592035126], [-85.95598490806407, 41.08345762533333], [-85.95598841059537, 41.083460345953135], [-85.95600372866758, 41.083464076140736], [-85.95602505377411, 41.08346659498214], [-85.95603460556053, 41.08347295302494], [-85.95611761258773, 41.08353523269596], [-85.95613621040906, 41.08355257002309], [-85.95616334402222, 41.083567844201056], [-85.95618852739288, 41.08358667386266], [-85.95622024870221, 41.083609855281935], [-85.95624727182258, 41.083631561955734], [-85.95625944040142, 41.0836381129578], [-85.95627528668302, 41.08365041868332], [-85.95629272028773, 41.08368060880142], [-85.95630665495443, 41.0836943249298], [-85.95632522582629, 41.08371309023018], [-85.95634204408505, 41.08372397469778], [-85.95635417493465, 41.08373267211395], [-85.95636445435645, 41.0837392048241], [-85.95638322285767, 41.08374653516328], [-85.9564106843559, 41.08374251519074], [-85.95641629163993, 41.08373632780458], [-85.95642031339744, 41.08373188802618], [-85.95642617490466, 41.08372050995017], [-85.9564263707374, 41.08370907567243], [-85.95641336762367, 41.08369608405], [-85.95639001232459, 41.083680845788386], [-85.9563675903751, 41.0836663306723], [-85.95634611075835, 41.08365182706376], [-85.9563152742896, 41.08363222687401], [-85.9562863108082, 41.083613359984646], [-85.956264869819, 41.08359671196803], [-85.95624245864929, 41.08358148316288], [-85.95620983004153, 41.083556149210615], [-85.95618747995728, 41.083537345947434], [-85.95615030138259, 41.08350195896349], [-85.95613459883143, 41.08348107967254], [-85.95611324318219, 41.08345942779474], [-85.9561011716214, 41.083447159274435], [-85.95608728636205, 41.08343058366631], [-85.95607352057864, 41.08340686320544], [-85.95606533962136, 41.08338820073817], [-85.95606007459546, 41.08336456219221], [-85.95606029558104, 41.083351699152395], [-85.95606259975973, 41.08332742072495], [-85.95606327080125, 41.08332437914982], [-85.95606134301664, 41.08328757282921], [-85.95605694127174, 41.083271614705076], [-85.95605919604311, 41.083250195684165], [-85.95606309562976, 41.0832430860275], [-85.95607179311835, 41.083231736305514], [-85.95608904795833, 41.08321689472297], [-85.95612055726524, 41.083197190128416], [-85.95613303127126, 41.083185876962446], [-85.95614361612026, 41.08317454483545], [-85.95618305934775, 41.08313276098571], [-85.95619948234777, 41.083111478696075], [-85.9562186380229, 41.083095943724004], [-85.95623026671426, 41.08307890285144], [-85.9562314048797, 41.0830674779416], [-85.95623158723772, 41.083056757903506], [-85.9562346540861, 41.08304320821166], [-85.95624906485988, 41.083029055209856], [-85.95626541329975, 41.08301206104069], [-85.95627897696221, 41.08299218033545], [-85.95628992922215, 41.08295940874596], [-85.95630074583649, 41.08293449978107], [-85.95631248142737, 41.08291102831897], [-85.95634813017111, 41.08281488691797], [-85.95636668487329, 41.0827793322976], [-85.95637834770064, 41.08276014827346], [-85.95639094387754, 41.08274168808008], [-85.95640252226325, 41.08272750589733], [-85.95642263464414, 41.082711263248605], [-85.95643975833008, 41.082704284217016], [-85.95646924373267, 41.082692423179466], [-85.95649676811296, 41.082684829324585], [-85.95652234225078, 41.082680791004975], [-85.95656027810524, 41.08267187067837], [-85.95658969074427, 41.082664295780376], [-85.95665967040321, 41.08264475217384], [-85.95668880456451, 41.082637511091136], [-85.95672905897071, 41.08262578207928], [-85.95676936727581, 41.08261102296811], [-85.95680270375601, 41.08259392170639], [-85.956804960324, 41.082592476061826], [-85.95682188188901, 41.08258501626457], [-85.95683514371756, 41.082570750762656], [-85.95684837859663, 41.08255799929184], [-85.95685760968449, 41.082545209222815], [-85.95685874066344, 41.0825376417585], [-85.95685386460808, 41.082530018769695], [-85.95684194037099, 41.08252459776646], [-85.95682110933787, 41.08252218925912], [-85.95680195725602, 41.08252041724231], [-85.95677393610735, 41.082519385992136], [-85.95675588805499, 41.08252072600793], [-85.95675059697795, 41.08252220686417], [-85.9567290877168, 41.082521996957745], [-85.95671293421135, 41.08252755677027], [-85.95669199987198, 41.082536643687355], [-85.95667758730154, 41.08255079814947], [-85.95667268160177, 41.08256147019476], [-85.95666013573053, 41.08257707232779], [-85.95664291592485, 41.08258976894845], [-85.95662097367573, 41.082602420876924], [-85.95659432155955, 41.082614309015376], [-85.95656297215277, 41.08262472374609], [-85.9565421087803, 41.08262952314809], [-85.95652784263527, 41.082632316930784], [-85.9564964123801, 41.08263355402261], [-85.95648106556179, 41.08263703914101], [-85.95643775868025, 41.0826403549801], [-85.95640942222293, 41.082635403227634], [-85.95639348790644, 41.08262776603074], [-85.95639043273614, 41.082625396122815], [-85.95638595373615, 41.08262191574364], [-85.95638373220244, 41.08262019180475], [-85.95638005899124, 41.08261561381923], [-85.95637768204901, 41.082612652787994], [-85.95637483169462, 41.08260999578208], [-85.9563715995562, 41.08260698396684], [-85.95637169567595, 41.082601374054384], [-85.95637003109772, 41.082594621168106], [-85.95636825692505, 41.08258893677174], [-85.95636006159471, 41.082559927721704], [-85.95635191297677, 41.08252828805726], [-85.95633703777399, 41.0824834337436], [-85.95632196134856, 41.08245041068953], [-85.95630496791833, 41.082427889729004], [-85.95629318561508, 41.08240542022186], [-85.95628327719749, 41.082377835749476], [-85.95627991300675, 41.08236846983729], [-85.95627864728051, 41.08234084201373], [-85.95627408473717, 41.082302663974566], [-85.95627440094415, 41.082284257822245], [-85.95626952488878, 41.08226448388183], [-85.95625954909758, 41.082238087019725], [-85.95625627473835, 41.082226221158166], [-85.9562498419026, 41.08219591323005], [-85.95624329498081, 41.08217217878108], [-85.95623263826661, 41.08214538170312], [-85.95623597730452, 41.082120116940764], [-85.95624076891824, 41.08209486977391], [-85.95624112644771, 41.08207397581631], [-85.95623281972628, 41.082049698271106], [-85.95622498372205, 41.08203535613815], [-85.95622436208788, 41.08203421721787], [-85.95620305225272, 41.08200541376835], [-85.95619748269795, 41.08199106079174], [-85.95619918141216, 41.08197678026418], [-85.95621554332675, 41.08195494168186], [-85.9562361704423, 41.08193864670365], [-85.95624520839237, 41.08192933083606], [-85.95625096659334, 41.08192339516921], [-85.95626879994836, 41.0819004731707], [-85.95628810833708, 41.08187646505684], [-85.95629703399773, 41.08186445287116], [-85.95629874977993, 41.08184907266584], [-85.95629333114213, 41.08182592380459], [-85.95627921232082, 41.08180158928924], [-85.95626060012646, 41.081784908988794], [-85.956248777399, 41.081775022282756], [-85.95624197086408, 41.08176932901282], [-85.95622194382314, 41.081750435857884], [-85.95620918325451, 41.081731613795654], [-85.9562036163947, 41.08171726075925], [-85.95619810163718, 41.08169961079282], [-85.95619259855776, 41.08168080429001], [-85.95618996559566, 41.08166543622994], [-85.95617852644882, 41.08165432526113], [-85.95617625640611, 41.0816541221232], [-85.95615095176288, 41.08165185578053], [-85.95612616993913, 41.08165601333764], [-85.95610437231876, 41.081655800042796], [-85.95609274542403, 41.081655684931256], [-85.95608816760934, 41.08165543710293], [-85.95607648681572, 41.08165414108271], [-85.95605684694866, 41.08164647126971], [-85.95604583989147, 41.08163981714582], [-85.95602659438482, 41.08162083321862], [-85.95602364431744, 41.08161651585734], [-85.95601658266098, 41.08160434923914], [-85.95600674880357, 41.08158445524262], [-85.95599978326686, 41.08156678966663], [-85.95598551263026, 41.081551252975146], [-85.95597701995756, 41.08153797179258], [-85.95596559967535, 41.081525761146544], [-85.95595706657848, 41.08151467927066], [-85.95592095969394, 41.08150112926082], [-85.95584552187132, 41.08149269021229], [-85.9558237979128, 41.081488078968896], [-85.9558204651631, 41.08148330927715], [-85.95581528278223, 41.081475898784376], [-85.955817020124, 41.081459416799916], [-85.95582458573531, 41.08144189474157], [-85.95583802273534, 41.08142112923094], [-85.95584742001152, 41.08139936697956], [-85.95585361569204, 41.081391097877365], [-85.9558613016776, 41.08137527878138], [-85.95586898496822, 41.08135945900445], [-85.9558756432811, 41.08133147526357], [-85.95587331574622, 41.0813230361932], [-85.95585752516016, 41.081306986179484], [-85.95584297155422, 41.08129094970438], [-85.95582361914808, 41.081266451125416], [-85.9557965978243, 41.08125023113802], [-85.95579303420759, 41.08124691387451], [-85.95577293170815, 41.081232419889005], [-85.95576458456253, 41.081227231034646], [-85.9557513586666, 41.08121901066425], [-85.95574200361125, 41.08121306409917], [-85.95573554292773, 41.08120895729887], [-85.95572108544154, 41.08120441578005], [-85.9557051726846, 41.08119986071836], [-85.95567459942222, 41.081202861086815], [-85.95564813774888, 41.08122019970635], [-85.9556333038686, 41.08123765207936], [-85.95562571939266, 41.081256273852304], [-85.9556195677296, 41.08127601085391], [-85.95561490637158, 41.08129356275021], [-85.95559561864411, 41.08131647074064], [-85.95557068680172, 41.08132942626846], [-85.9555459067746, 41.0813335818146], [-85.95551836891958, 41.08132891368112], [-85.95549237796347, 41.08131876011728], [-85.95546059467038, 41.081307450690744], [-85.95543030078407, 41.08129395480862], [-85.95538705858122, 41.08127263468136], [-85.95536552416725, 41.08125702817586], [-85.95534398795662, 41.08124142031242], [-85.95532390522014, 41.081225825310774], [-85.95530376588977, 41.08121352928824], [-85.95527777493368, 41.08120337570652], [-85.95525848181632, 41.08119583923577], [-85.95525178487586, 41.08119322415472], [-85.955220190229, 41.081170916059854], [-85.95519721940887, 41.0811541949714], [-85.95518289307671, 41.081141955814545], [-85.95516711327043, 41.081129703789884], [-85.95514403016088, 41.08111957931194], [-85.95512530657544, 41.081109496814626], [-85.95511524724088, 41.081102799977074], [-85.95510814875351, 41.08109283191258], [-85.95510543134978, 41.08108180684278], [-85.95511154887686, 41.08106968481635], [-85.95512177529805, 41.08106107033507], [-85.95512917292442, 41.08105344378932], [-85.9551235467758, 41.08104238891906], [-85.95510905156036, 41.08104004874782], [-85.95508870561751, 41.08103984967076], [-85.95507072314214, 41.08103967293907], [-85.95505963972816, 41.08103956392069], [-85.95504807122393, 41.0810361511708], [-85.95504089817639, 41.08103058107508], [-85.95503672640021, 41.08101954177505], [-85.9550335230079, 41.08101246370237], [-85.95502972403258, 41.08100407605318], [-85.95501694459934, 41.08098635411908], [-85.95500124114986, 41.08096970272846], [-85.95497830805897, 41.080950780904], [-85.95495832144222, 41.08092968818242], [-85.95493969128154, 41.08091410800376], [-85.95490649134527, 41.080900584955536], [-85.95487495059733, 41.08087497911594], [-85.95485492535302, 41.08085608570384], [-85.95482916167067, 41.08083273673805], [-85.9548105503746, 41.080816056868805], [-85.95479335482345, 41.080801591228], [-85.95478050172835, 41.08078826723444], [-85.95476472282039, 41.08077601378956], [-85.95475648077766, 41.08076509226841], [-85.95475050967596, 41.08075717925988], [-85.9547305221609, 41.08073608512186], [-85.95471051488288, 41.080716092000685], [-85.95468905502906, 41.08069608600775], [-85.95465745768725, 41.08067377909844], [-85.95461718082318, 41.08064918819875], [-85.95458116916006, 41.080630138303114], [-85.95443415716888, 41.08055720788696], [-85.95440526106113, 41.08054702711837], [-85.95436343639982, 41.080527920313514], [-85.95433888005321, 41.08051887984121], [-85.9543100800652, 41.080503200025795], [-85.95428140943459, 41.08047982384909], [-85.9542628367661, 41.080460943866214], [-85.9542399261331, 41.080438676828265], [-85.95421723468901, 41.08040770515631], [-85.95418424316189, 41.08038208490477], [-85.95415563002346, 41.08035540898212], [-85.95412684710345, 41.08033862877502], [-85.95409366782842, 41.080324005932546], [-85.95408385642888, 41.08032092426712], [-85.95405752321466, 41.08031265367499], [-85.95399576673381, 41.08026915416234], [-85.95397570286194, 41.0802524599301], [-85.95395273294012, 41.080235737930884], [-85.95393272566213, 41.08021574533459], [-85.95392078076378, 41.080206469174115], [-85.95391407933178, 41.08020126331023], [-85.95387812426252, 41.08017891425019], [-85.95386372337019, 41.08017107430236], [-85.95383790129736, 41.08015523392133], [-85.953836393026, 41.08015430894533], [-85.95383397296462, 41.08015233033633], [-85.95376030302648, 41.08009205383323], [-85.95375612226715, 41.080088630876986], [-85.95373184978817, 41.08006309717536], [-85.95372510793197, 41.08005340319612], [-85.95372069900056, 41.08004706310537], [-85.95370489583809, 41.08002433885548], [-85.95369082013589, 41.08000034089061], [-85.95368088656548, 41.079983408912646], [-85.95366548494994, 41.07994916371151], [-85.9536543862646, 41.079918258846206], [-85.95363900441198, 41.07988291325081], [-85.95361067334456, 41.079839741869144], [-85.95360274122059, 41.0798329670305], [-85.95359634791072, 41.079827503821775], [-85.95356212928493, 41.07978867426265], [-85.95352777681013, 41.079757541123634], [-85.95351782976499, 41.079744246035645], [-85.95350373160493, 41.079718811063685], [-85.95349542578182, 41.07969453400277], [-85.95348933430586, 41.079662658665946], [-85.95348742269094, 41.07965266126567], [-85.95348053171439, 41.07963059709817], [-85.95346635899416, 41.07960956083331], [-85.9534168501439, 41.07952988827224], [-85.95340277084846, 41.07950335420493], [-85.953384594337, 41.07946138180508], [-85.95336194421543, 41.079425964186186], [-85.95333933182309, 41.079388349196776], [-85.95331540070393, 41.07934302076632], [-85.9532883910583, 41.07930755974597], [-85.95326430722551, 41.079271028807725], [-85.95324733804979, 41.07924336717887], [-85.95317871484691, 41.07917670429822], [-85.95303027633106, 41.07901043277859], [-85.95297763236046, 41.07895146416776], [-85.95288333979836, 41.0788366640492], [-85.95287654404324, 41.07882839123884], [-85.95283649355461, 41.078790603232655], [-85.95282635067674, 41.07878395694554], [-85.95279049891374, 41.078760456914885], [-85.95276745443175, 41.078748131990515], [-85.95273291690403, 41.07872799673882], [-85.95269835871505, 41.078708959829456], [-85.95266808638827, 41.07869436506505], [-85.95263639831664, 41.07867755667041], [-85.95261337269929, 41.078664132704105], [-85.95257319105662, 41.07863404388675], [-85.95254874969437, 41.0786184049283], [-85.95251707958903, 41.07860049816396], [-85.95248533582183, 41.078586986828505], [-85.95245789408654, 41.07857681997504], [-85.95243950018276, 41.07856854713199], [-85.95242039301668, 41.07855995399191], [-85.95239249044565, 41.07854740421334], [-85.95238289194683, 41.07854308800445], [-85.95235112841671, 41.07853067907169], [-85.95231345756525, 41.07852370907635], [-85.95227142718974, 41.07851669912792], [-85.95224902140993, 41.078516810181995], [-85.95212316025211, 41.07851744197123], [-85.95201554567431, 41.07852078375023], [-85.95196619313093, 41.078517001140796], [-85.95189655123852, 41.07850971897375], [-85.95183557180043, 41.07850581989233], [-85.95178899325462, 41.07850976095761], [-85.95174820794409, 41.07851485996436], [-85.95171161507099, 41.07852989830766], [-85.95169100502343, 41.07854509374825], [-85.95166448765457, 41.078565730153166], [-85.95164236933563, 41.078584209125665], [-85.95162629039037, 41.078589551226436], [-85.95159562100824, 41.07859804888335], [-85.95156797176212, 41.07859997675228], [-85.95153307490827, 41.07860073381495], [-85.95153239308698, 41.07860096269435], [-85.95151090987694, 41.07860075209822], [-85.95149029982939, 41.07860055030509], [-85.95146954784802, 41.07860866401205], [-85.95144039212715, 41.07862605613429], [-85.95141109267584, 41.07865176306934], [-85.9513776178551, 41.07868055173676], [-85.95135415026661, 41.078700082978955], [-85.95134227004698, 41.07870884403564], [-85.95131292118832, 41.078725051784225], [-85.95129233000539, 41.07873914815457], [-85.95124678991205, 41.0787672961939], [-85.95121451703716, 41.07878457586622], [-85.95117927972183, 41.078805126874336], [-85.95114108155933, 41.078828947860785], [-85.95111458395337, 41.078848483799014], [-85.95108948232941, 41.0788713350835], [-85.95106724992444, 41.078896412168476], [-85.95103461772341, 41.078934586091975], [-85.95101091208137, 41.078960749308315], [-85.95098719026969, 41.078988012212456], [-85.95096134484064, 41.079009446842655], [-85.95095180203737, 41.079017358707326], [-85.95090182516485, 41.07904986275545], [-85.9508603795926, 41.079093449750644], [-85.95083369423877, 41.079123981892714], [-85.95079826917554, 41.07915552907189], [-85.950771618856, 41.079183863149744], [-85.95071724562848, 41.07921852384356], [-85.95070146941548, 41.07923032321011], [-85.95068878520365, 41.07923980671668], [-85.95066290833358, 41.079250983777364], [-85.95061874535757, 41.079283545944946], [-85.95058186682022, 41.07931507815022], [-85.95053609855482, 41.07935642224803], [-85.95050350408304, 41.07939239584448], [-85.95047241967927, 41.07942508592327], [-85.95042950086993, 41.0794697567853], [-85.95040244181693, 41.07950261408135], [-85.95038613380129, 41.079519005818604], [-85.95034434956416, 41.07956862724644], [-85.95031814301238, 41.07962793116873], [-85.95029831270247, 41.07968253225263], [-85.95030661223737, 41.079749323277994], [-85.9503083648505, 41.079775444864126], [-85.950306101096, 41.07981240483229], [-85.95030175863991, 41.079845238934126], [-85.95029952812304, 41.0798652302888], [-85.95030099866518, 41.07988954588392], [-85.95030276475303, 41.07989671007491], [-85.95031203716337, 41.07990680833261], [-85.95032624761286, 41.079919225808446], [-85.95032692584091, 41.07991981966413], [-85.95033791583008, 41.07993994100785], [-85.9503540558608, 41.07999013091859], [-85.95035400825009, 41.07999298914212], [-85.95034797157138, 41.08001437333599], [-85.9503477020768, 41.080030093896596], [-85.95035125760869, 41.08004299482938], [-85.95037537288248, 41.08006896191028], [-85.95038952943305, 41.0800843790979], [-85.9503974435907, 41.08011420790577], [-85.95041352792587, 41.0801441998914], [-85.95043384422432, 41.080169522293254], [-85.95045817419549, 41.08020273270734], [-85.95049236587184, 41.08026587476918], [-85.95050173170699, 41.080291180872756], [-85.95050228057761, 41.08029266381065], [-85.95050175865644, 41.0803230132449], [-85.95049748087905, 41.08032889827082], [-85.95048781590492, 41.08034166710262], [-85.95047820123645, 41.080351579755586], [-85.95047233793257, 41.08036295773777], [-85.95047022778998, 41.08037580375692], [-85.95047174773944, 41.08039726028013], [-85.9504827125758, 41.080418810241625], [-85.95050663111854, 41.080456210665425], [-85.95051410061012, 41.08047495793045], [-85.95051564301748, 41.08048121198332], [-85.95051925424492, 41.080497961682774], [-85.95052140840497, 41.08050796098588], [-85.95053964959513, 41.0805332622563], [-85.95056201315413, 41.08056017578214], [-85.95059060024141, 41.08058714888511], [-85.95061921517647, 41.080612551695644], [-85.9506560748492, 41.08064117699139], [-85.9506908046164, 41.08067292116628], [-85.95070899280597, 41.08070136225465], [-85.95072300382945, 41.080731332303976], [-85.95073281073742, 41.08076440226708], [-85.9507363132687, 41.08080212007073], [-85.9507410626616, 41.08083880183621], [-85.9507459000894, 41.08093772576288], [-85.9507700611773, 41.08099752478855], [-85.95079944327361, 41.08105527001631], [-85.95084992499932, 41.08112512299197], [-85.9508607263423, 41.08113915316578], [-85.95087510836998, 41.08115878524714], [-85.9508931941516, 41.08117706305967], [-85.95091675336825, 41.08119817804717], [-85.95095418257287, 41.081219794781994], [-85.950980521177, 41.08123500517479], [-85.95103160297734, 41.08126056889196], [-85.951053535345, 41.08126913730225], [-85.95108086928245, 41.081284720782406], [-85.95109534922652, 41.081298784778674], [-85.9511151310274, 41.081325433233275], [-85.95112764994919, 41.08134643983239], [-85.9511420328752, 41.0813660738832], [-85.95116203117004, 41.08138019406379], [-85.95117403266225, 41.08138737028062], [-85.95118570896432, 41.081394348774964], [-85.95121485839698, 41.08141134403953], [-85.95125060595538, 41.08143548774904], [-85.95125669293975, 41.0814395999522], [-85.95129494500118, 41.0814622519372], [-85.9513331737064, 41.08148629676725], [-85.95135847475638, 41.08151299931603], [-85.95138901028952, 41.08155645873209], [-85.95141240241952, 41.081587318813824], [-85.95143206564278, 41.081620926662154], [-85.95145366473547, 41.08164898476372], [-85.95147339982395, 41.08167841606553], [-85.95150143983722, 41.081713611727636], [-85.95150472138297, 41.081717729330386], [-85.95150582092086, 41.08171911066725], [-85.95151896057853, 41.081729314953684], [-85.95154577079818, 41.081750133859856], [-85.95155358164958, 41.08175748067194], [-85.95158017717188, 41.08178249503736], [-85.95161278960995, 41.08181205290171], [-85.95167835135433, 41.081851680949526], [-85.95170295531166, 41.081860784211074], [-85.9517465918749, 41.08188863094752], [-85.95183735675289, 41.08192049504795], [-85.95184927380345, 41.0819234940293], [-85.95187735603756, 41.081934894761496], [-85.95190181267115, 41.08194085277241], [-85.95196211028797, 41.08195002305681], [-85.95197911090472, 41.08195018827497], [-85.95200744376878, 41.08195046724985], [-85.95203393688314, 41.081947869126886], [-85.95206435473698, 41.08193673112087], [-85.95207850410101, 41.081931551801866], [-85.95209097181885, 41.08192698595656], [-85.95211430915161, 41.08192611178978], [-85.95212121809445, 41.08192585380565], [-85.95213444219377, 41.08192598381339], [-85.95215141496273, 41.081927579794105], [-85.95216650216793, 41.08192915681525], [-85.95217778590622, 41.08193212667988], [-85.95219478562464, 41.08193229392945], [-85.95221367629676, 41.08193247878422], [-85.95222878595985, 41.08193262775143], [-85.95225527907421, 41.08193002895064], [-85.95227416884798, 41.081930213128274], [-85.95229300831613, 41.08193325815356], [-85.95229690071626, 41.08193561115836], [-85.95230983825299, 41.081943429904804], [-85.95232843337936, 41.08196076629761], [-85.95232997758333, 41.08198079492775], [-85.95233738509117, 41.08198944382179], [-85.95234511239924, 41.0820015257283], [-85.95235433001237, 41.08200709777309]]]}, "properties": {"id": "hill-lake-kosciusko", "name": "Hill Lake", "county": "Kosciusko", "county2": null, "acres": 67, "max_depth_ft": 31, "survey_date": "2011-08-08", "contour_interval_ft": 5, "has_contours": true, "pdf_url": "https://www.in.gov/dnr/fish-and-wildlife/files/depth/fw-Hill_Lake_Bathymetry_Kosciusko_County_c_August_2011.pdf", "bbox": [-85.956859, 41.078515, -85.950298, 41.083747], "source": "Indiana DNR Fish & Wildlife bathymetry PDF (raster digitized)", "source_url": "https://www.in.gov/dnr/fish-and-wildlife/fishing/lake-depth-maps/", "precision_note": "Shoreline confirmed vs nhd_near:McClures Lake (IoU=0.994); Kept existing contour depths (pdf_label); Acre mismatch 58.4 vs PDF 67; Acre mismatch retained with honest note (NHD/OSM vs PDF survey footprint)", "note": null, "needs_review": false, "review_notes": null, "min_contour_ft": 0, "max_contour_ft": 30, "data_quality": "ok", "contour_method": "traced_from_pdf", "georef_method": "nhd", "depth_assignment": "pdf_label", "review_priority": null, "line_style": "solid", "shore_iou": 0.994}}, {"type": "Feature", "geometry": {"type": "Polygon", "coordinates": [[[-85.74440158575315, 41.306638183057345], [-85.74440210857264, 41.30664316782958], [-85.7443955293115, 41.30664866612665], [-85.74438894735542, 41.306654163748476], [-85.74438785320741, 41.30666251173828], [-85.74438852065566, 41.30667506172521], [-85.74439204474652, 41.30668346302176], [-85.74439372100285, 41.306691842723474], [-85.74439264122788, 41.30669949498682], [-85.74439245707323, 41.30670855218832], [-85.74439413332955, 41.306716931886854], [-85.74440025714485, 41.30673372367116], [-85.74440102340778, 41.30674139819805], [-85.74440642407927, 41.306748428962734], [-85.74441286320322, 41.30674989598274], [-85.74442209968099, 41.30675000395111], [-85.7444322632201, 41.30675012204148], [-85.74443874186993, 41.306749499873874], [-85.74444233872433, 41.30675441918173], [-85.74445228666778, 41.30676498725743], [-85.74446136683868, 41.30677275692773], [-85.74446396835974, 41.30678114808963], [-85.74446752029837, 41.306788157256356], [-85.74447297666542, 41.30679239973519], [-85.74448039674965, 41.30679109331893], [-85.74448970688925, 41.30678771796039], [-85.74449709463416, 41.30678780433502], [-85.74450263903609, 41.30678786911599], [-85.74450633470518, 41.30678791230328], [-85.74450995940735, 41.30679143679306], [-85.74451262920039, 41.306796345300945], [-85.74451439169496, 41.30680054729112], [-85.74451506183816, 41.30680517778007], [-85.74450620804274, 41.3068093291596], [-85.74450683686342, 41.30681494080932], [-85.74450673715042, 41.3068197737377], [-85.744507553719, 41.30682461678771], [-85.74451668239892, 41.30682610472484], [-85.74452324369376, 41.30682742328679], [-85.74452762657404, 41.30682830525221], [-85.74453854290137, 41.30683188372392], [-85.74454850342126, 41.30683752371339], [-85.74455844687311, 41.30684385604844], [-85.74456562980212, 41.306850844289585], [-85.74457461744656, 41.30685923611622], [-85.74458447825342, 41.3068697097028], [-85.74458888718485, 41.30687804686816], [-85.74459054727149, 41.30688635501602], [-85.74459159201216, 41.30688927825293], [-85.74459401297185, 41.30689606202462], [-85.74459571707595, 41.30690229718269], [-85.74460559225587, 41.306912081116224], [-85.74461517278837, 41.306919532263166], [-85.74461550785996, 41.306919792061365], [-85.74463189133411, 41.306924817974824], [-85.74464003186722, 41.30692974469235], [-85.74465085027819, 41.306938158777236], [-85.74465704775533, 41.306948589838726], [-85.74469395324215, 41.306980094900275], [-85.74470927670428, 41.30699201321359], [-85.74472089820911, 41.3070059599722], [-85.74472798501837, 41.307017783134114], [-85.74473313775485, 41.3070344169379], [-85.74473739217603, 41.307050348946426], [-85.74473941518205, 41.30706429366818], [-85.7447397987627, 41.30706695170118], [-85.74474860315078, 41.307084318323895], [-85.74476104032588, 41.3071031087669], [-85.74478494359728, 41.307143440113954], [-85.74479842371643, 41.30715602779705], [-85.74481100102874, 41.30716791368791], [-85.74482182123633, 41.30717632706727], [-85.74482901764006, 41.30718262495474], [-85.74483983694935, 41.30719103900701], [-85.74484966901014, 41.30720289317597], [-85.74485865395961, 41.30721128495733], [-85.7448928546191, 41.30724068722416], [-85.74493507094587, 41.30728123172185], [-85.74494765095311, 41.30729311691514], [-85.74496758277265, 41.307303709196155], [-85.7449795231794, 41.30730856773055], [-85.7449902903864, 41.307312949183576], [-85.7450211529063, 41.30732643026415], [-85.74503370326913, 41.30733969675682], [-85.74507058000987, 41.307372584285886], [-85.74507489731312, 41.30737993213648], [-85.74507588995151, 41.30738162317445], [-85.74508570943588, 41.30739416694986], [-85.74509551185226, 41.307407401713334], [-85.74510356884204, 41.30741647298718], [-85.74511797961583, 41.30742838109883], [-85.7451571326875, 41.307450940172565], [-85.74519198911715, 41.30748172498555], [-85.74520187687347, 41.30749081784255], [-85.74522090768276, 41.307500708305284], [-85.74523814904802, 41.307508504879685], [-85.74524507505885, 41.30751151311282], [-85.74526266137717, 41.307519147735285], [-85.7452935499482, 41.30753124679492], [-85.74535250278704, 41.30755955575148], [-85.74536513938814, 41.30756868233728], [-85.74539500118483, 41.30758629175203], [-85.74541487641049, 41.307599645240145], [-85.74542197579619, 41.30761077798085], [-85.74545630491477, 41.30763396387422], [-85.74546795336904, 41.30764653121883], [-85.7454805746988, 41.30765634473157], [-85.74548691500806, 41.307659871873526], [-85.74549690068076, 41.30766413184024], [-85.7455169043655, 41.30767126979743], [-85.74558679958282, 41.30770177919112], [-85.74561135323448, 41.30771034905344], [-85.74562763789395, 41.3077202077676], [-85.74564658426162, 41.307734238719476], [-85.74566197869063, 41.307742706009115], [-85.74568284385975, 41.30775261600263], [-85.74569828230621, 41.30775901100439], [-85.74571181812091, 41.30776883597165], [-85.74575788193206, 41.307800447928756], [-85.74580766207353, 41.307829339787894], [-85.74585221491836, 41.30785337111644], [-85.74586654394545, 41.30786110016956], [-85.74595474143837, 41.30789251166915], [-85.74599843729041, 41.30790544874896], [-85.7460394435865, 41.30791559489427], [-85.74610153873219, 41.30792460266718], [-85.74624034820653, 41.30794417090077], [-85.74633433444313, 41.307961145236995], [-85.74635722531319, 41.30796141177894], [-85.74642472921522, 41.30797462685835], [-85.74655728641518, 41.30798652474619], [-85.74661867638339, 41.30798516572034], [-85.746698576138, 41.30797435491819], [-85.7467556568878, 41.30795982399882], [-85.74685491264185, 41.30789813402233], [-85.74687658000651, 41.30788343776232], [-85.74695273019314, 41.307828480778895], [-85.74697108906261, 41.30781523327985], [-85.7470741914027, 41.30774460824756], [-85.7471169727698, 41.30771264672102], [-85.74713273640641, 41.30770316319022], [-85.74715494994675, 41.30769168092282], [-85.74716876962908, 41.307687696948065], [-85.74717888376088, 41.30768574274892], [-85.74719538042275, 41.30768524407726], [-85.74721000230063, 41.30768679475045], [-85.74723004730787, 41.30769186176719], [-85.74724369810693, 41.307696162894146], [-85.74726467197218, 41.30770054971945], [-85.74728750804503, 41.30770357886229], [-85.74730297344097, 41.30770859121953], [-85.74733289362811, 41.307723440696776], [-85.7473728291324, 41.307741170182666], [-85.747390931982, 41.30775173809844], [-85.7474262609255, 41.307770794217035], [-85.74744889667402, 41.30778348772125], [-85.74747066195505, 41.30779409814204], [-85.74751231593645, 41.3078173710183], [-85.74754660283422, 41.30784262979586], [-85.7475583159672, 41.307852153119065], [-85.74760606232286, 41.30789097112272], [-85.74766279003475, 41.30793858768934], [-85.74772948994459, 41.30799115785007], [-85.74778278429547, 41.308031118188694], [-85.74780526283882, 41.30804797306471], [-85.74788095129138, 41.30810893210388], [-85.74793593267836, 41.308152385746226], [-85.7479775300659, 41.30817842107435], [-85.74798564544618, 41.30818473033641], [-85.74800189956292, 41.308195968244], [-85.74801908613095, 41.30820652528942], [-85.74808959040602, 41.308252233328986], [-85.74816068667087, 41.3083138291752], [-85.74818515408427, 41.308326542142524], [-85.74820146928644, 41.308335018802254], [-85.7482205566896, 41.30834214588943], [-85.7482305010398, 41.30834847807835], [-85.74824313764088, 41.308357599830245], [-85.74825112366378, 41.30837012384908], [-85.74826488405729, 41.3083852592846], [-85.74826635190446, 41.308386874720526], [-85.74826904774865, 41.30838860891862], [-85.74831335984499, 41.308417115214944], [-85.74837814724158, 41.3084738038737], [-85.74848656042165, 41.308591770243595], [-85.74852970740307, 41.30863656908086], [-85.74855651492778, 41.3086644031855], [-85.7486102431649, 41.30872441627907], [-85.74866595757715, 41.30877685624822], [-85.74872271403511, 41.30882309291606], [-85.74877313287874, 41.30886580382411], [-85.74881353460866, 41.308905634743695], [-85.74884135812796, 41.30893358074687], [-85.74885989486384, 41.30896763416535], [-85.74889106909916, 41.30901081192565], [-85.74894024736936, 41.30906939079677], [-85.74898763799219, 41.309125877804625], [-85.74901164187489, 41.309161375146], [-85.74902070228283, 41.309173342994136], [-85.74907228803805, 41.309241494772884], [-85.74913168015304, 41.30929328789081], [-85.74920435655449, 41.309367331680725], [-85.74925528294625, 41.3094300749396], [-85.7492605928879, 41.30943911421766], [-85.74926952483676, 41.309450266887495], [-85.74929943334583, 41.309465806936736], [-85.74934124004083, 41.30949460426431], [-85.7493589638014, 41.30950416310923], [-85.74947336694777, 41.3095596692951], [-85.74957851475178, 41.30961337176666], [-85.74964027392755, 41.309638949015756], [-85.74967288456901, 41.30965659228472], [-85.74970100363403, 41.30967003914209], [-85.74973368703901, 41.30968423027006], [-85.74975535260705, 41.30969967309643], [-85.74977590695904, 41.30972477189874], [-85.7497866130806, 41.30973870795121], [-85.74979560072502, 41.309747098731414], [-85.74980457489472, 41.30975618115089], [-85.74981357691219, 41.3097638809633], [-85.74983169323652, 41.30977376028491], [-85.74984155404339, 41.30978423272854], [-85.74984869564989, 41.30979329287539], [-85.74985766981958, 41.30980237393887], [-85.7498720123214, 41.309817733740495], [-85.74989642403926, 41.30983321027372], [-85.74993265938286, 41.30985296484574], [-85.74995714206761, 41.30986498924755], [-85.7499660865929, 41.309875450205446], [-85.749985076978, 41.309887411174785], [-85.75000410958394, 41.30989729924963], [-85.7501175542279, 41.30994833610522], [-85.750230212846, 41.30999314683094], [-85.75023258260173, 41.30999459690873], [-85.75024287639657, 41.31000089115009], [-85.75027292504282, 41.31000952683752], [-85.7503185684424, 41.31001696076123], [-85.75036680258327, 41.310032020915216], [-85.75038816092746, 41.31003936374268], [-85.75039590889679, 41.31004202705254], [-85.75042406928432, 41.310053402967455], [-85.75046044207018, 41.31006625527253], [-85.75048966965626, 41.31007885723618], [-85.75051310131214, 41.31008896188244], [-85.75054399527306, 41.310101059790426], [-85.75057955059201, 41.31010906793082], [-85.75059478691755, 41.310111190074394], [-85.75064987610236, 41.31011886015512], [-85.75067638897963, 41.310121238709925], [-85.75072938598814, 41.31012737774262], [-85.75073862516085, 41.310123341284815], [-85.7507541929647, 41.31012352077294], [-85.75077519557604, 41.310126528210645], [-85.75086366525849, 41.310144815750256], [-85.7508955446713, 41.31015347098679], [-85.7509330726906, 41.31015459582337], [-85.75097060160823, 41.310155722009384], [-85.75101352490913, 41.31016174295464], [-85.75103902358848, 41.310168944066476], [-85.75105349185444, 41.31017808918051], [-85.75106343889959, 41.31018441984161], [-85.75106830776842, 41.31018915670336], [-85.75107062272691, 41.31019140907423], [-85.75107604765292, 41.31019492393329], [-85.75109341837558, 41.31019650693559], [-85.7511036304237, 41.31019684499361], [-85.75112545140028, 41.31019756766857], [-85.75118580111939, 41.3102024097929], [-85.75126453575909, 41.310204011688505], [-85.75130478297876, 41.31020655015984], [-85.75134587641143, 41.310212548833086], [-85.75138146137479, 41.31021917706274], [-85.75140151985677, 41.31022355292205], [-85.75141514370635, 41.310229235803185], [-85.7514278638508, 41.31023421625225], [-85.75142825461792, 41.31023445984283], [-85.75143690898739, 41.3102398458259], [-85.75145241929908, 41.310242787805976], [-85.75147345155483, 41.31024441196783], [-85.75152263521494, 41.31024498214513], [-85.7515824180971, 41.310245671755965], [-85.75170051062435, 41.310248420752714], [-85.75184804633335, 41.31024460292659], [-85.75191220041769, 41.31024258267709], [-85.75193669388223, 41.3102417473167], [-85.75196354272943, 41.310235364029424], [-85.75202923742448, 41.3102073349132], [-85.75213283204135, 41.31015743119408], [-85.75222159277796, 41.31011633180185], [-85.75224348831469, 41.31010599773892], [-85.7523501354069, 41.31005566613933], [-85.7524079276224, 41.31001959505698], [-85.75243269776804, 41.31000413611202], [-85.75247786326389, 41.309972421983765], [-85.7525453491996, 41.30992503429976], [-85.75254977070743, 41.30992192968593], [-85.7525504507321, 41.30992110781685], [-85.75262958332549, 41.30982548010478], [-85.7526687579567, 41.30979071322695], [-85.75268829541582, 41.30977574613564], [-85.75271342488757, 41.30975600975905], [-85.75273014612829, 41.309744463075106], [-85.75273769467162, 41.30973350209067], [-85.75275644430822, 41.3097123102191], [-85.75277229238645, 41.309698681856794], [-85.75281125501527, 41.30967427131181], [-85.75284283798405, 41.30965253690418], [-85.75286529137458, 41.309629315965644], [-85.75288870057257, 41.30960403628752], [-85.75289732170434, 41.30958549015827], [-85.75290237742276, 41.30956206811349], [-85.75291835036683, 41.30954222505799], [-85.75293347799621, 41.309518919733506], [-85.75294592864606, 41.30950143297478], [-85.75294762107204, 41.30949905709646], [-85.75298015805164, 41.309430373864664], [-85.75301887544038, 41.30932792682658], [-85.75305367797112, 41.30923786177656], [-85.75307776180388, 41.309179440954644], [-85.7530817072046, 41.3091656741517], [-85.7530875076264, 41.309150547669454], [-85.75308826760113, 41.30914839715398], [-85.75309139463664, 41.309139544074185], [-85.75309907163906, 41.3091324062777], [-85.75310166417695, 41.3091299952975], [-85.75311638576784, 41.309126711155], [-85.75313104986654, 41.30912619090146], [-85.75314302261265, 41.30912287706855], [-85.75316526579738, 41.30911001175671], [-85.75317753498754, 41.30909219829579], [-85.75321270492924, 41.30902907211228], [-85.75322435338352, 41.30899674818438], [-85.75322577361997, 41.30897190484308], [-85.75322627937149, 41.30894704867158], [-85.75322703665128, 41.30890976574605], [-85.753215089058, 41.308866811945855], [-85.75321005669578, 41.308843965230714], [-85.75320670328482, 41.30882873273328], [-85.7532042922066, 41.30881213110194], [-85.75319899484137, 41.30880240211074], [-85.75319274077037, 41.308794733224744], [-85.75318921757781, 41.308787787028315], [-85.75317830035218, 41.30878420731447], [-85.75316277566743, 41.30878195691926], [-85.75315361913974, 41.30878185030384], [-85.75314366221312, 41.30878057766655], [-85.75314174520832, 41.30878033204617], [-85.75314002583285, 41.30877478804372], [-85.7531395820651, 41.30877347694378], [-85.75312101658312, 41.308718630025204], [-85.75310310776962, 41.30865350882294], [-85.75307950812879, 41.3085979897195], [-85.75305754342179, 41.30855215573783], [-85.75302384402222, 41.30849790176831], [-85.75299435502637, 41.30845298677285], [-85.75298588301494, 41.30843807808074], [-85.7529851877189, 41.30843691070314], [-85.75294203265265, 41.308377483733395], [-85.7529200526743, 41.30833234327653], [-85.75288746628736, 41.30826843225538], [-85.7528612732103, 41.30820528570549], [-85.75285451428611, 41.308182838232646], [-85.75284583027225, 41.308154005236666], [-85.75284240769103, 41.308142224792434], [-85.75283356108211, 41.30812693072536], [-85.75282288011337, 41.30811161303706], [-85.75281218836486, 41.30809698767794], [-85.75280141127641, 41.3080865048415], [-85.75278885821861, 41.30807323782604], [-85.75273850764695, 41.30802707822716], [-85.75272598513189, 41.308012431255804], [-85.75271251579252, 41.30799915410346], [-85.7526855672323, 41.30797329077508], [-85.75260076087959, 41.30791015810993], [-85.75255680721106, 41.30786476090904], [-85.75254337919418, 41.30784941279356], [-85.75252365668213, 41.307828467283095], [-85.7525038488301, 41.30781166498404], [-85.7524603488108, 41.307789062848435], [-85.7524203126952, 41.30777616893217], [-85.75234680714877, 41.30774286188608], [-85.7523232111012, 41.30773222986359], [-85.75230233425401, 41.307723012203766], [-85.75228063904157, 41.30770894818465], [-85.75224884407041, 41.30769615007308], [-85.7522018765541, 41.307663840329774], [-85.7521930020974, 41.30764992677674], [-85.75217599788739, 41.30763039286932], [-85.75215385082237, 41.30759353633514], [-85.7521243357754, 41.307550139677794], [-85.75211578830546, 41.30753822011694], [-85.75209965995288, 41.30752063228259], [-85.75205077273678, 41.30748323112715], [-85.75204178509236, 41.3074748400556], [-85.75203002075541, 41.30746779789778], [-85.7520191466489, 41.307462147840894], [-85.75200741195633, 41.30745372505128], [-85.75199660702009, 41.30744462206721], [-85.75198943576918, 41.30743694289949], [-85.75197223662475, 41.307427074695354], [-85.75195044259765, 41.30741784619563], [-85.75192769276308, 41.3074106771701], [-85.75189398258374, 41.307401999975916], [-85.75187396542424, 41.30739555432947], [-85.75180226189826, 41.307363647290266], [-85.75177697611966, 41.30734609112432], [-85.75173991163103, 41.30732218174694], [-85.7516849850413, 41.307275966957796], [-85.7516706030136, 41.307262680208304], [-85.75165167012067, 41.307247958837564], [-85.75163267973556, 41.3072359980588], [-85.75160368930472, 41.30722047029924], [-85.75149658586834, 41.30717296320022], [-85.75146751009754, 41.30716157733553], [-85.75144842179606, 41.307154450119306], [-85.75142024793381, 41.30714376469187], [-85.75138383382544, 41.3071329847909], [-85.7513528859656, 41.307123648281845], [-85.75132289391321, 41.30711225296136], [-85.75129109984036, 41.3070994540579], [-85.75124951592753, 41.30707273067886], [-85.75122780724037, 41.30705935886327], [-85.75120144977163, 41.30704938533329], [-85.75116876816327, 41.307035194981445], [-85.751122478875, 41.307014633170276], [-85.75103252068413, 41.30697975277676], [-85.75092515134642, 41.306945362269516], [-85.7508178386026, 41.306908209110674], [-85.75073751574145, 41.30689484805817], [-85.75070563902361, 41.30688619171422], [-85.75068746700371, 41.30687907526469], [-85.75065381341823, 41.306867636714216], [-85.75062292125392, 41.30685553888105], [-85.75061104462755, 41.30685401990376], [-85.75058815465579, 41.30685375605648], [-85.75056351925744, 41.306855530783444], [-85.75054051430133, 41.30685458471226], [-85.75050772130189, 41.306845918240924], [-85.75046874160508, 41.306826131042094], [-85.75034175036663, 41.30676596099677], [-85.75021016604212, 41.306706427234836], [-85.75009160818755, 41.30663507086419], [-85.75007445306058, 41.306624747046314], [-85.7500018790671, 41.306590757860114], [-85.74993922067769, 41.306564480992954], [-85.7498366420554, 41.30651978532667], [-85.74981307385563, 41.30650777177957], [-85.74978495928217, 41.30649432696921], [-85.7497505726714, 41.306473899948465], [-85.7497090597255, 41.306443723334134], [-85.74969099999502, 41.3064310842283], [-85.74966016532291, 41.30641622500947], [-85.74964996585116, 41.30641301091004], [-85.74960484706772, 41.30638934074665], [-85.74958122317236, 41.30638008983142], [-85.74955941836548, 41.3063715501606], [-85.74953847055136, 41.30636578326723], [-85.74949184439484, 41.30636178976418], [-85.74945777309276, 41.30635958314781], [-85.74942690518296, 41.30635758504646], [-85.74939860375993, 41.30635055423968], [-85.74929568916772, 41.30632498784706], [-85.74919459096903, 41.30629757179875], [-85.7490979996181, 41.306273664061344], [-85.74900683319316, 41.30625327003704], [-85.74890294392888, 41.30622789525167], [-85.74886185408947, 41.306221894187345], [-85.74879601476566, 41.30621698833544], [-85.74872445407182, 41.30622306497865], [-85.74868322409522, 41.30622396719646], [-85.7486676598846, 41.30622378702284], [-85.74864933155787, 41.30622426478664], [-85.74863193568238, 41.30622406301916], [-85.74862282137552, 41.306221886089666], [-85.74860465025394, 41.306214768892815], [-85.74858642343683, 41.306210413683495], [-85.74854709429538, 41.306207885853475], [-85.74852600544577, 41.30620902222985], [-85.74850666381938, 41.30621432284489], [-85.74849371999446, 41.30622038801661], [-85.74847795725617, 41.30622987176309], [-85.74846220799262, 41.30623866922896], [-85.74844915367491, 41.306245816789556], [-85.74843998007923, 41.30625084073057], [-85.74840224185414, 41.30626007074506], [-85.74833321171444, 41.30626591727501], [-85.74832334461935, 41.30626675268635], [-85.7481975822762, 41.30628117668867], [-85.74803171285058, 41.306286160138555], [-85.74800139830299, 41.30629064085692], [-85.74798570742993, 41.30629667430559], [-85.74794150313141, 41.30630859206905], [-85.74788998924147, 41.30631973515227], [-85.74786964779017, 41.30632916624939], [-85.74785531786476, 41.30633840907412], [-85.74785387067884, 41.30633934233147], [-85.7478354606054, 41.30634396273105], [-85.74779237021785, 41.306346224007285], [-85.74776305459687, 41.30634657490656], [-85.74775755241575, 41.3063466410376], [-85.74773045114195, 41.3063469662943], [-85.74770442784649, 41.3063472746808], [-85.74757798907191, 41.306349952312395], [-85.74752850178125, 41.30635144903284], [-85.74749463888828, 41.30635036596869], [-85.74747548231484, 41.306346690973264], [-85.74746418420352, 41.30634513621939], [-85.74745904224683, 41.30634442767265], [-85.74743982818123, 41.30634351398479], [-85.74742426397061, 41.3063433338115], [-85.74739948574015, 41.30634580900133], [-85.74737552407824, 41.30635312795097], [-85.74735981703552, 41.30635984902145], [-85.74733991126713, 41.30636747972995], [-85.74732658835315, 41.30637258598797], [-85.74730447003422, 41.30637923485218], [-85.7472750870396, 41.306383038058925], [-85.74724845019479, 41.30638687095686], [-85.74717207273439, 41.30640463117245], [-85.74708915913197, 41.30642853008943], [-85.74705143617825, 41.306437069078015], [-85.74701640996702, 41.30644067186416], [-85.74700921715653, 41.30644141280051], [-85.74687798856488, 41.30645439133135], [-85.74685501325317, 41.30645826673783], [-85.7468045279342, 41.306463897312334], [-85.74675504064352, 41.30646539268058], [-85.74671745872529, 41.30646702908304], [-85.74667442403327, 41.30646652972723], [-85.74664788600317, 41.30646552966603], [-85.74661758493032, 41.306469322070825], [-85.74654287025152, 41.30649538776242], [-85.7465125422292, 41.30650055879168], [-85.74649970979537, 41.30650109998508], [-85.74647862184408, 41.306502237031154], [-85.74646118284944, 41.30650410624029], [-85.74644912386509, 41.306511562832334], [-85.74643888307084, 41.30651973066753], [-85.74641859821341, 41.30652639976086], [-85.7463846077597, 41.30653153097422], [-85.74632212005021, 41.30654185480685], [-85.7462596889346, 41.3065494159892], [-85.74624409418128, 41.306550615791195], [-85.74622573980338, 41.306552474876916], [-85.74620558340504, 41.30655293104456], [-85.74619093188275, 41.306552760993924], [-85.74617718406566, 41.30655329071522], [-85.74616340660414, 41.30655520378521], [-85.74615150392663, 41.30655506477556], [-85.74613688204873, 41.306553512725856], [-85.7461203997599, 41.30655332175624], [-85.74610300478274, 41.30655311998978], [-85.74608104277067, 41.306552173914206], [-85.7460646458218, 41.30654784099599], [-85.74604743499926, 41.30653866298215], [-85.7460308278446, 41.30653507099833], [-85.74601139099681, 41.306525683118494], [-85.74597025444501, 41.30650599906759], [-85.74595670425725, 41.3064968642354], [-85.74594044834389, 41.30648562670972], [-85.74592777131859, 41.30647857229852], [-85.74590330300687, 41.306465858296114], [-85.74589155394129, 41.30645812367912], [-85.7458796952812, 41.30645591504161], [-85.74587048215965, 41.30645856972538], [-85.74586042372341, 41.30645776333311], [-85.7458532407944, 41.30645077370025], [-85.74584336561449, 41.30644099104713], [-85.74584080182267, 41.30643198374401], [-85.74584014066262, 41.306419545053195], [-85.74584033829198, 41.30640987981157], [-85.74584419835276, 41.306400257081286], [-85.74584714303026, 41.30639062287789], [-85.74583853716983, 41.306363588797524], [-85.74583783289066, 41.30636119391025], [-85.74583425490087, 41.3063490379498], [-85.74583359374083, 41.30633659924317], [-85.74583518825045, 41.30630347028546], [-85.74584101921496, 41.3062869631589], [-85.74584031493579, 41.30627659677304], [-85.74583511908017, 41.306262035109015], [-85.7458234409815, 41.306250848153475], [-85.74581459616921, 41.30623555431751], [-85.74580836904765, 41.30622650379835], [-85.74580396460782, 41.306224388951236], [-85.74579657776123, 41.306220842162176], [-85.74578564795917, 41.306217953310465], [-85.74576739239596, 41.30621497808323], [-85.74575374159691, 41.306210674834105], [-85.74574572682795, 41.306199533081895], [-85.74574041778462, 41.306190494029465], [-85.74573722068052, 41.30616766797034], [-85.74573567827318, 41.30616089019615], [-85.74573469910952, 41.30615658896797], [-85.74572934694706, 41.306149620896655], [-85.74571124589407, 41.30613905204639], [-85.74569223035614, 41.30612847172268], [-85.74566956496322, 41.30611715922979], [-85.74565133814609, 41.30611280468877], [-85.74562857393848, 41.30610632382478], [-85.74561220843064, 41.30610060886827], [-85.74559672417008, 41.30609628469256], [-85.74558766915202, 41.30609134576556], [-85.74558134321579, 41.30608712888388], [-85.74557878032229, 41.306078120857116], [-85.74557892135778, 41.3060712182339], [-85.74557255320074, 41.30606907166574], [-85.74556431385295, 41.306068977192396], [-85.74554234016279, 41.3060687200901], [-85.74552591536613, 41.306065767124736], [-85.74550036188957, 41.30606132687952], [-85.74548396583899, 41.30605699190426], [-85.74546032936723, 41.306048431271996], [-85.7454284661241, 41.306039083135836], [-85.74538584196219, 41.306018560149525], [-85.74537591108673, 41.30601154010312], [-85.74536152905902, 41.30599825174634], [-85.74534876669378, 41.30599534129083], [-85.74533685143984, 41.30599589328541], [-85.74532852405717, 41.305999938771265], [-85.74532725833093, 41.30600052720556], [-85.74531835422984, 41.30600465501793], [-85.74530549394824, 41.306006578226125], [-85.7452908442226, 41.30600640682443], [-85.74527997011607, 41.30600075596614], [-85.7452727719157, 41.3059944579645], [-85.745259318746, 41.305980488045996], [-85.74525599497946, 41.305972007706096], [-85.74524626442829, 41.30594718885509], [-85.74524368626342, 41.30593887181502], [-85.74524572903238, 41.30592853708996], [-85.7452504613573, 41.305920996079934], [-85.74525973017441, 41.30591557869876], [-85.74527071926526, 41.305915706912835], [-85.74527986141992, 41.30591650386439], [-85.74528811514075, 41.30591590868127], [-85.74528908711788, 41.30591315815225], [-85.74528914281343, 41.3059103948017], [-85.74528274770694, 41.30590963091576], [-85.74527915714073, 41.30590613607004], [-85.74527843759019, 41.30589645995535], [-85.7452795371281, 41.305887493740535], [-85.74528515878514, 41.30588134486124], [-85.74529800738866, 41.3058801140056], [-85.74530717469614, 41.30587952894428], [-85.74532647320338, 41.30587629997255], [-85.74534579955841, 41.30587169101162], [-85.74540954221433, 41.30584480922352], [-85.74543085474444, 41.3058326268491], [-85.74543839160967, 41.30582235486471], [-85.7454404209039, 41.305812711128546], [-85.74544333683531, 41.305804456828845], [-85.74544163362954, 41.30579822089101], [-85.74543808438585, 41.305792657065396], [-85.74542717883831, 41.30578838617942], [-85.74541071361746, 41.305787504874715], [-85.74539971374679, 41.30578806699326], [-85.74538679507471, 41.305792752213904], [-85.7453830203539, 41.30579823168797], [-85.74537186327805, 41.30580638881551], [-85.74536257918959, 41.30581249518875], [-85.74535710036467, 41.30581174209864], [-85.74534717038752, 41.3058047200055], [-85.74533275961373, 41.30579281294697], [-85.74532305511372, 41.30577474485034], [-85.74531509783694, 41.305760841016344], [-85.74530891293621, 41.30574972010641], [-85.74530629434716, 41.305743472691475], [-85.74531201392057, 41.30573249213964], [-85.74533146603974, 41.305721668142574], [-85.74537784066796, 41.30569320318103], [-85.74538077007409, 41.30568425920708], [-85.7453809111096, 41.30567735586735], [-85.74536912161982, 41.3056716928339], [-85.74535633230511, 41.305670163031984], [-85.74534448532313, 41.305667262684], [-85.74533538628764, 41.30566439405216], [-85.74533004759991, 41.305656736943654], [-85.7453229769603, 41.305644223200616], [-85.74531870906438, 41.30562898118306], [-85.74531897586402, 41.30561586280144], [-85.74531968373645, 41.30558134268528], [-85.74532265716005, 41.305570327690624], [-85.74532371268052, 41.305563433786254], [-85.74531927500301, 41.30555647712339], [-85.7453083721504, 41.30555220689678], [-85.7452892290517, 41.30554784084619], [-85.74527913019126, 41.30554910409921], [-85.74526900078813, 41.30555174802283], [-85.74526159238198, 41.305555807032555], [-85.74525043710278, 41.30556396419041], [-85.74523741871769, 41.30557348109827], [-85.74522524834222, 41.30558645980187], [-85.74521303484762, 41.30560151085702], [-85.74519808867792, 41.305615839182956], [-85.7451859452519, 41.30562743720907], [-85.7451560825569, 41.305654715202344], [-85.7451356979865, 41.30566621672321], [-85.74512189357552, 41.305669509137815], [-85.74510446895394, 41.30567068803678], [-85.74508790222347, 41.305674639068954], [-85.7450741265586, 41.305676550140255], [-85.7450603499954, 41.30567846188636], [-85.74504931958204, 41.3056804046738], [-85.74504096704652, 41.3056858328715], [-85.74503807806457, 41.30569270584372], [-85.74502762706454, 41.305711230136666], [-85.74503192190993, 41.305725090793196], [-85.745028118443, 41.30573195431394], [-85.74502703417646, 41.30574022684272], [-85.7450268356488, 41.30574989285843], [-85.74502666586719, 41.30575817888121], [-85.74503108827334, 41.30576582518083], [-85.74503835744062, 41.30576867288902], [-85.74504933036181, 41.30576949076161], [-85.74505843029563, 41.305772358714], [-85.74506657172707, 41.3057772882178], [-85.7450728680189, 41.30578288578534], [-85.74508733358992, 41.30579203218936], [-85.74509448956945, 41.30580040188349], [-85.7450971243282, 41.30580595828548], [-85.74509703898825, 41.30581009893161], [-85.74509512288172, 41.305814220007946], [-85.74508865680832, 41.30581690778362], [-85.7450848820875, 41.30582238928009], [-85.74508290938712, 41.30582927101046], [-85.7450808378721, 41.30584098709069], [-85.74507409062598, 41.305857482858364], [-85.7450665798119, 41.30586637214882], [-85.74506277724329, 41.30587323497982], [-85.74505811498697, 41.30587732433601], [-85.7450498459948, 41.305878609851426], [-85.74504069036541, 41.30587850323126], [-85.74502970217286, 41.30587837366748], [-85.74502777259163, 41.30587835274834], [-85.74501963205853, 41.305878258274774], [-85.74500965806394, 41.30587330785947], [-85.74499699541168, 41.305865563724815], [-85.7449789356812, 41.30585292315731], [-85.74497809036653, 41.30585113693127], [-85.74497630271911, 41.305847368108914], [-85.74497461298806, 41.30584044319252], [-85.74497751544473, 41.30583287990349], [-85.74498498224138, 41.305826060931004], [-85.74499529310421, 41.30581444067143], [-85.74499729365235, 41.30580617827418], [-85.74499288561925, 41.305797838947356], [-85.7449838548557, 41.30579151798253], [-85.74497210938337, 41.30578378598483], [-85.74496307861982, 41.305777465018636], [-85.74494142922147, 41.30576133025534], [-85.74492796527198, 41.30574805331938], [-85.74492080929242, 41.30573968294372], [-85.74491170935862, 41.30573681431506], [-85.74490160959985, 41.305738078914], [-85.74489605890973, 41.305740774790614], [-85.74489503033871, 41.3057462880097], [-85.74489855083633, 41.30575323520493], [-85.74490293191995, 41.30576295520367], [-85.74490639492538, 41.305772663054334], [-85.74490624131346, 41.305780256716915], [-85.74490611375268, 41.30578647106252], [-85.74489783038747, 41.30578844623766], [-85.74488139211608, 41.30578618494215], [-85.74487030690547, 41.30579088905764], [-85.74486237567983, 41.305796106704776], [-85.74485549997465, 41.30579831266544], [-85.74484087899509, 41.30579676194733], [-85.74482728838315, 41.30578969666457], [-85.74480735386868, 41.305779106836845], [-85.7447928317038, 41.30577272176304], [-85.74478742294747, 41.30576851633257], [-85.74478521219355, 41.305761378167034], [-85.74478309935601, 41.30575603567681], [-85.74477957796009, 41.30574908915665], [-85.74477425364542, 41.305740741049966], [-85.7447643092952, 41.30573440995744], [-85.74475332200097, 41.305734281743014], [-85.74473226279576, 41.305734036785964], [-85.74471758522232, 41.30573524605035], [-85.74469646942327, 41.305737763776534], [-85.74468732726862, 41.30573696614791], [-85.7446773406976, 41.30573270673011], [-85.74466456485764, 41.305730487270985], [-85.74464990075894, 41.305731006876854], [-85.74463786962232, 41.3057370822157], [-85.74462936167828, 41.30575010407477], [-85.74462240242977, 41.30577695688499], [-85.74462221827514, 41.30578593188756], [-85.74462297824988, 41.30579353702035], [-85.74462830256455, 41.305801885795155], [-85.7446363451813, 41.30581164695016], [-85.74464073973968, 41.305820677282554], [-85.74464316159768, 41.30583658799367], [-85.74464211955194, 41.30584279086206], [-85.74464469592017, 41.30585110791438], [-85.74465364134379, 41.30586157019113], [-85.74465995111034, 41.30586647876901], [-85.74466164084139, 41.30587340368263], [-85.74465966814101, 41.30588028675728], [-85.7446540770267, 41.305885056322666], [-85.74464763880106, 41.305886362082255], [-85.74464031393823, 41.305886277730856], [-85.74463584841294, 41.30588069974173], [-85.74463138378599, 41.30587512377655], [-85.74461770693578, 41.30587220319341], [-85.74461578993098, 41.30587632291618], [-85.74461659212652, 41.30588185771772], [-85.74461711314937, 41.30590119915305], [-85.74461422416742, 41.305908072102575], [-85.74460392677932, 41.30591900201402], [-85.74458913691649, 41.30592573595067], [-85.74457069630034, 41.30593173704221], [-85.74454866601631, 41.305934241939376], [-85.74452845122747, 41.30593746011128], [-85.74451094126596, 41.305942780992694], [-85.74450165987244, 41.30594888870276], [-85.74446535715516, 41.30597747096964], [-85.74446299278934, 41.30598156774223], [-85.74446060776226, 41.30598570297873], [-85.74444753637657, 41.305997981147534], [-85.74444344544877, 41.3060015131029], [-85.7444270251437, 41.3060156969316], [-85.74441441369541, 41.30603512200363], [-85.74441333931033, 41.30603636702733], [-85.74437175000762, 41.30610710390385], [-85.74436251802145, 41.306126005971876], [-85.7443567544306, 41.30613780432542], [-85.74435209217425, 41.30614189299019], [-85.74434190797389, 41.306147298880816], [-85.7443335392687, 41.306153416693874], [-85.74432973580178, 41.30616027881984], [-85.74432766428674, 41.3061719948406], [-85.74432383387037, 41.30618023694722], [-85.74431174524159, 41.30618907423343], [-85.74430346277467, 41.30619104872161], [-85.74430168860198, 41.306188265813425], [-85.74430087203339, 41.306183422716146], [-85.74429649184808, 41.30617370480449], [-85.7442939433276, 41.306164005785995], [-85.74429044888115, 41.30615567797666], [-85.74428418223373, 41.30614869910834], [-85.74427144681795, 41.306144408001444], [-85.74426420819339, 41.306140180326224], [-85.74426346079507, 41.30613188422984], [-85.74426364494971, 41.3061229092749], [-85.74426289934802, 41.30611461385113], [-85.74425658778482, 41.3061097059667], [-85.74424743395208, 41.30610959799731], [-85.74423831874691, 41.306107421064], [-85.74423020426494, 41.30610111227575], [-85.74422488174687, 41.30609276286448], [-85.74422047281546, 41.30608442424913], [-85.74421230173962, 41.30608087475322], [-85.74420128839425, 41.30608212922334], [-85.74419477830338, 41.30608688797704], [-85.74419187584671, 41.30609444988696], [-85.7441889599153, 41.30610270414995], [-85.74418876318425, 41.3061123687623], [-85.74419690371735, 41.30611729824038], [-85.74420225677814, 41.306124266315145], [-85.74420941096106, 41.30613263731626], [-85.74421287576311, 41.30614234511189], [-85.74421176364879, 41.3061520022955], [-85.74421160824024, 41.30615959523902], [-85.74421876421978, 41.306167964885965], [-85.7442241011109, 41.306175623284076], [-85.74422855136481, 41.30618189022702], [-85.7442311007836, 41.30619158924281], [-85.74423370679622, 41.30619852424404], [-85.74423634065664, 41.30620407993734], [-85.74424351100924, 41.30621175992503], [-85.74425527175295, 41.30621880289337], [-85.74426438605981, 41.306220981172544], [-85.74427003466633, 41.30621344896883], [-85.74427658518137, 41.30620661991406], [-85.74428396573974, 41.30620394295134], [-85.74429674427465, 41.30620616374393], [-85.74431321039383, 41.306207045717755], [-85.74433160699252, 41.3062093569345], [-85.74434242360685, 41.30621153116519], [-85.74434598902022, 41.306216405301555], [-85.74435402984034, 41.306226167069326], [-85.74436038362433, 41.30622900396052], [-85.74436673830664, 41.30623183882718], [-85.74437206172303, 41.306240188220634], [-85.74437918895649, 41.30624993986272], [-85.74437989233736, 41.30626030625281], [-85.7443797360305, 41.306267901883], [-85.74437415839091, 41.306271979742725], [-85.74436408737824, 41.30627186232625], [-85.74435795907138, 41.306271983791525], [-85.74435338395163, 41.30626983992919], [-85.74434505477232, 41.3062704411824], [-85.74434406033731, 41.30627391306517], [-85.74434677324946, 41.306276731734485], [-85.74434761317426, 41.306280920936786], [-85.74434383306355, 41.3062850581787], [-85.74433631326629, 41.30629124210988], [-85.74433622702803, 41.3062954198396], [-85.7443435896201, 41.30629689901632], [-85.74435194574886, 41.30629490698631], [-85.74436773633495, 41.306290910779694], [-85.74437787022964, 41.3062924209976], [-85.74437958780848, 41.306298712897195], [-85.74437390416767, 41.30630561414668], [-85.7443617221141, 41.30631383396782], [-85.74435424813093, 41.30631792667041], [-85.74434768234453, 41.30632272791968], [-85.74434203912793, 41.30632753929077], [-85.7443428197639, 41.30633451611551], [-85.74434728169591, 41.306342231852625], [-85.74435089202503, 41.306346454791054], [-85.7443582833632, 41.30634653981664], [-85.74436661074589, 41.3063459412634], [-85.74437408742398, 41.306341847212934], [-85.74437786843302, 41.30633770997461], [-85.74438154793243, 41.30633845023732], [-85.74439715166892, 41.30634350926117], [-85.74440914777122, 41.30634434399669], [-85.74441922417377, 41.306348641838504], [-85.74442648615451, 41.30635499783925], [-85.74442813366474, 41.30636477173279], [-85.74442887297822, 41.306373837753256], [-85.74442470659193, 41.30639678183122], [-85.74441900767978, 41.30640438014473], [-85.74441050871887, 41.30641333886563], [-85.74440108539154, 41.30642228678838], [-85.74439170428504, 41.30642914483726], [-85.7443832628163, 41.30643531795789], [-85.74437948180727, 41.306439455190024], [-85.74437753425973, 41.30644430906514], [-85.7443774201737, 41.30644988295725], [-85.74437632512738, 41.30645823029834], [-85.74437248662616, 41.30646515379953], [-85.74436778304732, 41.30646927888327], [-85.7443640730052, 41.3064699320946], [-85.74436225391675, 41.306468517703145], [-85.74435673915922, 41.30646706012404], [-85.74434473227714, 41.30646691976462], [-85.7443355083758, 41.30646611607167], [-85.74432611020131, 41.30646527998812], [-85.74431431711824, 41.30646308282248], [-85.74430519292991, 41.30645740298716], [-85.7442932677945, 41.306453084233546], [-85.74428397292627, 41.30645576321042], [-85.74428201280233, 41.306461314158135], [-85.7442875131868, 41.30646346813627], [-85.74430037436673, 41.306467101961964], [-85.74430578941126, 41.3064734350078], [-85.74430938536734, 41.30647835501131], [-85.74431583706772, 41.30647912496383], [-85.74432491813693, 41.306486896017816], [-85.74432814758036, 41.306494063120525], [-85.74432933694979, 41.30649670228221], [-85.7443365423367, 41.30650584183809], [-85.74435457601601, 41.30652765287282], [-85.74436182362373, 41.30653470525432], [-85.74437262496672, 41.306548764128244], [-85.74437782531389, 41.30656554718345], [-85.74437850713518, 41.30657739876692], [-85.74438292594807, 41.306587205692516], [-85.74438356375191, 41.30660114781411], [-85.74438401021462, 41.30660344012242], [-85.74439864826218, 41.30663082972475], [-85.74440158575315, 41.306638183057345]]]}, "properties": {"id": "little-barbee-lake-kosciusko", "name": "Little Barbee Lake", "county": "Kosciusko", "county2": null, "acres": 74, "max_depth_ft": 24, "survey_date": "2008-05-28", "contour_interval_ft": 5, "has_contours": true, "pdf_url": "https://www.in.gov/dnr/fish-and-wildlife/files/depth/fw-Little_Barbee_Lake_Bathymetry_Kosciusko_County_c_May_2008.pdf", "bbox": [-85.753224, 41.305548, -85.744195, 41.310243], "source": "Indiana DNR Fish & Wildlife bathymetry PDF (raster digitized)", "source_url": "https://www.in.gov/dnr/fish-and-wildlife/fishing/lake-depth-maps/", "precision_note": "Shoreline confirmed vs nhd_near:Shoe Lake (IoU=0.995); Kept existing contour depths (pdf_label)", "note": null, "needs_review": false, "review_notes": null, "min_contour_ft": 0, "max_contour_ft": 20, "data_quality": "ok", "contour_method": "traced_from_pdf", "georef_method": "nhd", "depth_assignment": "pdf_label", "review_priority": null, "line_style": "solid", "shore_iou": 0.995}}, {"type": "Feature", "geometry": {"type": "Point", "coordinates": [-85.901831, 41.086244]}, "properties": {"id": "north-little-lake-kosciusko", "name": "North Little Lake", "county": "Kosciusko", "county2": null, "acres": 12, "max_depth_ft": 26, "survey_date": "2012-04-19", "contour_interval_ft": 5, "has_contours": true, "pdf_url": "https://www.in.gov/dnr/fish-and-wildlife/files/depth/North_Little_Lake_Bathymetry_Kosciusko_County_c_April_2012.pdf", "bbox": [-85.889357, 41.126546, -85.886768, 41.128284], "source": "Indiana DNR Fish & Wildlife bathymetry PDF (raster digitized)", "source_url": "https://www.in.gov/dnr/fish-and-wildlife/fishing/lake-depth-maps/", "precision_note": "PDF contours re-traced; depths assigned by reading labels printed on the map (5 labels via PDF text/OCR \u2192 contour snap). Georef=nhd (nhd_near:unnamed_390_11ac), shoreline IoU=0.823.", "note": null, "needs_review": false, "review_notes": null, "min_contour_ft": 0, "max_contour_ft": 25, "data_quality": "ok", "contour_method": "traced_from_pdf", "georef_method": "nhd", "depth_assignment": "pdf_label", "review_priority": null, "line_style": "solid", "shore_iou": 0.823}}, {"type": "Feature", "geometry": {"type": "Polygon", "coordinates": [[[-85.7425947, 41.3008181], [-85.7424552, 41.3005756], [-85.7420124, 41.3005414], [-85.7416325, 41.3004727], [-85.7412653, 41.3003196], [-85.7412241, 41.3001822], [-85.7413987, 41.2999431], [-85.7413279, 41.2998491], [-85.7410184, 41.299931], [-85.740718, 41.299989], [-85.7398973, 41.3003027], [-85.7394666, 41.3002914], [-85.7393565, 41.3001231], [-85.7392343, 41.299825], [-85.7390075, 41.2996791], [-85.7388638, 41.2998088], [-85.7386623, 41.2997949], [-85.7385593, 41.2996166], [-85.7384735, 41.2992233], [-85.7380549, 41.2992609], [-85.7381044, 41.2995328], [-85.7381931, 41.2998197], [-85.7379065, 41.2999093], [-85.7371298, 41.3000465], [-85.7368341, 41.3003388], [-85.7364402, 41.3005677], [-85.7366722, 41.3007651], [-85.7370575, 41.3005375], [-85.7374779, 41.3008547], [-85.7375669, 41.3010851], [-85.7377354, 41.3011768], [-85.7378679, 41.3013098], [-85.7381006, 41.3013842], [-85.7384515, 41.3015945], [-85.7388346, 41.3018937], [-85.7393054, 41.3022242], [-85.7398849, 41.3024343], [-85.7405061, 41.3025417], [-85.7408841, 41.3024689], [-85.7412318, 41.3022372], [-85.7416683, 41.3014921], [-85.7422703, 41.3009705], [-85.7425947, 41.3008181]]]}, "properties": {"id": "banning-lake-kosciusko", "name": "Banning Lake", "county": "Kosciusko", "county2": null, "acres": 38.8, "max_depth_ft": 16, "survey_date": "2013-08-08", "contour_interval_ft": 2, "has_contours": true, "pdf_url": "https://www.in.gov/dnr/fish-and-wildlife/files/depth/fw-Banning_Lake_Bathymetry_Kosciusko_County_c_August_2013.pdf", "bbox": [-85.742614, 41.299223, -85.73644, 41.302542], "source": "Indiana DNR Fish & Wildlife bathymetry PDF (raster digitized)", "source_url": "https://www.in.gov/dnr/fish-and-wildlife/fishing/lake-depth-maps/", "precision_note": "Hand-read cBioBase white labels / legend: intervals [2, 4, 6, 8, 10, 12, 14, 16] (max legend 16'). Contours nested-ring assigned. Georef=osm:way/676598391, 0-ft shoreline IoU=1.000.", "note": null, "needs_review": false, "review_notes": null, "min_contour_ft": 0, "max_contour_ft": 16, "data_quality": "ok", "contour_method": "traced_from_pdf", "georef_method": "osm", "depth_assignment": "hand_visual_confirmed_intervals", "review_priority": null, "line_style": "solid", "shore_iou": 1.0}}, {"type": "Feature", "geometry": {"type": "Point", "coordinates": [-85.975369, 41.093542]}, "properties": {"id": "beaver-dam-lake-kosciusko", "name": "Beaver Dam Lake", "county": "Kosciusko", "county2": null, "acres": null, "max_depth_ft": 61, "survey_date": "2014-05-20", "contour_interval_ft": 5, "has_contours": true, "pdf_url": "https://www.in.gov/dnr/fish-and-wildlife/files/depth/fw-Beaver_Dam_Bathymetry_Lake_Kosciusko_County_c_May_2014.pdf", "bbox": [-85.980503, 41.089003, -85.970235, 41.098082], "source": "Indiana DNR Fish & Wildlife bathymetry PDF (raster digitized)", "source_url": "https://www.in.gov/dnr/fish-and-wildlife/fishing/lake-depth-maps/", "precision_note": "Raster-digitized from DNR PDF. IoU=0.719. Depths [0, 5, 10, 15, 20, 25, 30, 35, 40, 45, 50, 55, 60]. Contours are feet below surface. Suitable for structure/relative depth \u2014 not navigation-grade. contour_method=traced_from_pdf; georef=osm; Depth labels on traced lines were assigned by distance-from-shore binning to survey intervals (not OCR of each label); occasional band swaps possible in multi-basin lakes.", "note": null, "needs_review": false, "review_notes": "pdf_only; Shoreline IoU=0.72; Shoreline IoU=0.72; absolute positions approximate; Depth labels on traced lines were assigned by distance-from-shore binning to survey intervals (not OCR of each label); occasional band swaps possible in multi-basin lakes.", "min_contour_ft": 0, "max_contour_ft": 60, "data_quality": "pdf_digitized", "contour_method": "traced_from_pdf", "georef_method": "osm", "depth_assignment": "distance_from_shore_bins", "review_priority": null, "line_style": "solid", "shore_iou": 0.719}}, {"type": "Feature", "geometry": {"type": "Point", "coordinates": [-85.857619, 41.248092]}, "properties": {"id": "center-lake-kosciusko", "name": "Center Lake", "county": "Kosciusko", "county2": null, "acres": null, "max_depth_ft": 47, "survey_date": "2014-05-19", "contour_interval_ft": 2, "has_contours": true, "pdf_url": "https://www.in.gov/dnr/fish-and-wildlife/files/depth/fw-Center_Lake_Bathymetry_Kosciusko_County_c_May_2014.pdf", "bbox": [-85.862193, 41.242129, -85.853044, 41.254056], "source": "Indiana DNR Fish & Wildlife bathymetry PDF (raster digitized)", "source_url": "https://www.in.gov/dnr/fish-and-wildlife/fishing/lake-depth-maps/", "precision_note": "Raster-digitized from DNR PDF. IoU=0.773. Depths [0, 2, 4, 6, 8, 10, 12, 14, 16, 18, 20, 22, 24, 26, 28, 30, 32, 34, 36, 38, 40, 42, 44, 46]. Contours are feet below surface. Suitable for structure/relative depth \u2014 not navigation-grade. contour_method=traced_from_pdf; georef=osm; Depth labels on traced lines were assigned by distance-from-shore binning to survey intervals (not OCR of each label); occasional band swaps possible in multi-basin lakes.", "note": null, "needs_review": false, "review_notes": "pdf_only; Shoreline IoU=0.77; Depth labels on traced lines were assigned by distance-from-shore binning to survey intervals (not OCR of each label); occasional band swaps possible in multi-basin lakes.", "min_contour_ft": 0, "max_contour_ft": 46, "data_quality": "pdf_digitized", "contour_method": "traced_from_pdf", "georef_method": "osm", "depth_assignment": "distance_from_shore_bins", "review_priority": null, "line_style": "solid", "shore_iou": 0.773}}, {"type": "Feature", "geometry": {"type": "Point", "coordinates": [-85.691928, 41.286753]}, "properties": {"id": "kuhn-lake-kosciusko", "name": "Kuhn Lake", "county": "Kosciusko", "county2": null, "acres": null, "max_depth_ft": 28, "survey_date": "2013-08-08", "contour_interval_ft": 2, "has_contours": true, "pdf_url": "https://www.in.gov/dnr/fish-and-wildlife/files/depth/fw-Kuhn_Lake_Bathymetry_Kosciusko_County_c_August_2013.pdf", "bbox": [-85.697781, 41.280256, -85.686074, 41.293249], "source": "Indiana DNR Fish & Wildlife bathymetry PDF (raster digitized)", "source_url": "https://www.in.gov/dnr/fish-and-wildlife/fishing/lake-depth-maps/", "precision_note": "Raster-digitized from DNR PDF. IoU=0.607. Depths [0, 2, 4, 6, 8, 10, 12, 14, 16, 18, 20, 22, 24, 26, 28]. Contours are feet below surface. Suitable for structure/relative depth \u2014 not navigation-grade. contour_method=traced_from_pdf; georef=osm; Depth labels on traced lines were assigned by distance-from-shore binning to survey intervals (not OCR of each label); occasional band swaps possible in multi-basin lakes.", "note": null, "needs_review": false, "review_notes": "pdf_only; Shoreline IoU=0.61; Shoreline IoU=0.61; absolute positions approximate; Depth labels on traced lines were assigned by distance-from-shore binning to survey intervals (not OCR of each label); occasional band swaps possible in multi-basin lakes.", "min_contour_ft": 0, "max_contour_ft": 28, "data_quality": "pdf_digitized", "contour_method": "traced_from_pdf", "georef_method": "osm", "depth_assignment": "distance_from_shore_bins", "review_priority": null, "line_style": "solid", "shore_iou": 0.607}}, {"type": "Feature", "geometry": {"type": "Point", "coordinates": [-85.953355, 41.080944]}, "properties": {"id": "mcclures-lake-kosciusko", "name": "McClures Lake", "county": "Kosciusko", "county2": null, "acres": null, "max_depth_ft": 25, "survey_date": "2014-07-08", "contour_interval_ft": 2, "has_contours": true, "pdf_url": "https://www.in.gov/dnr/fish-and-wildlife/files/depth/fw-McClures_Lake_Bathymetry_Kosciusko_County_c_July_2014.pdf", "bbox": [-85.956402, 41.078496, -85.950308, 41.083391], "source": "Indiana DNR Fish & Wildlife bathymetry PDF (raster digitized)", "source_url": "https://www.in.gov/dnr/fish-and-wildlife/fishing/lake-depth-maps/", "precision_note": "Raster-digitized from DNR PDF. IoU=0.779. Depths [0, 2, 4, 6, 8, 10, 12, 14, 16, 18, 20, 22, 24]. Contours are feet below surface. Suitable for structure/relative depth \u2014 not navigation-grade. contour_method=traced_from_pdf; georef=osm; Depth labels on traced lines were assigned by distance-from-shore binning to survey intervals (not OCR of each label); occasional band swaps possible in multi-basin lakes.", "note": null, "needs_review": false, "review_notes": "pdf_only; Shoreline IoU=0.78; Depth labels on traced lines were assigned by distance-from-shore binning to survey intervals (not OCR of each label); occasional band swaps possible in multi-basin lakes.", "min_contour_ft": 0, "max_contour_ft": 24, "data_quality": "pdf_digitized", "contour_method": "traced_from_pdf", "georef_method": "osm", "depth_assignment": "distance_from_shore_bins", "review_priority": null, "line_style": "solid", "shore_iou": 0.779}}, {"type": "Feature", "geometry": {"type": "Polygon", "coordinates": [[[-85.909058, 41.0811352], [-85.9089118, 41.080896], [-85.9086206, 41.0808671], [-85.908584, 41.0806106], [-85.9085684, 41.0805012], [-85.9083959, 41.0803961], [-85.9082465, 41.080118], [-85.90823, 41.0801292], [-85.9078868, 41.0803608], [-85.9074444, 41.0803315], [-85.9071486, 41.0801654], [-85.9064642, 41.0801026], [-85.9061259, 41.0801418], [-85.9060013, 41.08006], [-85.906132, 41.0797464], [-85.9061986, 41.0794329], [-85.9060543, 41.0792834], [-85.905673, 41.0792399], [-85.9055587, 41.079454], [-85.9054175, 41.0794679], [-85.905081, 41.0794206], [-85.9050416, 41.079407], [-85.9050327, 41.07936], [-85.9050287, 41.0791818], [-85.9050403, 41.0789032], [-85.9050209, 41.0787529], [-85.9050095, 41.0786744], [-85.9049874, 41.0785959], [-85.904931, 41.0785512], [-85.9048711, 41.0785199], [-85.9047382, 41.0784719], [-85.9046088, 41.07844], [-85.904187, 41.0784303], [-85.9040462, 41.0785342], [-85.9037971, 41.078839], [-85.9036476, 41.0791437], [-85.9036617, 41.0793166], [-85.9040286, 41.0796796], [-85.9040717, 41.0798415], [-85.9040393, 41.0799774], [-85.903943, 41.0800614], [-85.9037471, 41.0804352], [-85.9034156, 41.0802891], [-85.9024844, 41.0797739], [-85.9022679, 41.0794726], [-85.9022881, 41.079355], [-85.9026097, 41.0791612], [-85.9028268, 41.0791286], [-85.9030493, 41.0791066], [-85.9032069, 41.0791445], [-85.9033376, 41.0791662], [-85.903387, 41.0791483], [-85.903431, 41.0791223], [-85.9034719, 41.0790895], [-85.9034995, 41.0790506], [-85.9033954, 41.0789755], [-85.9032272, 41.078938], [-85.9031917, 41.0788326], [-85.9033441, 41.0786174], [-85.9033997, 41.0785968], [-85.9037829, 41.0777467], [-85.9039157, 41.0774473], [-85.9040326, 41.0770783], [-85.9040813, 41.0768568], [-85.9040494, 41.0763051], [-85.9040271, 41.0758193], [-85.9039585, 41.0752491], [-85.9039136, 41.0748185], [-85.9037017, 41.0744352], [-85.9036234, 41.0742643], [-85.9035774, 41.074071], [-85.9035313, 41.0740312], [-85.9034681, 41.0740258], [-85.9034126, 41.0740511], [-85.9034328, 41.0741952], [-85.9034789, 41.0745034], [-85.9036079, 41.0749744], [-85.903686, 41.0754052], [-85.9037262, 41.075896], [-85.9037543, 41.0764203], [-85.9037432, 41.0770055], [-85.9036673, 41.0773271], [-85.9035975, 41.0775105], [-85.9035418, 41.0775552], [-85.903294, 41.0775099], [-85.9029122, 41.0774438], [-85.902639, 41.0774356], [-85.9024805, 41.0774284], [-85.902428, 41.0774688], [-85.9024452, 41.077558], [-85.9024935, 41.0776941], [-85.902478, 41.0778678], [-85.9025123, 41.0782223], [-85.9024703, 41.0788446], [-85.9023737, 41.0791307], [-85.9022403, 41.0792335], [-85.9015959, 41.0787242], [-85.9015732, 41.0785389], [-85.9018304, 41.0778583], [-85.9017745, 41.0776338], [-85.9007199, 41.0767647], [-85.9003244, 41.0765477], [-85.9000428, 41.0764756], [-85.8994693, 41.076543], [-85.899266, 41.07653], [-85.899179, 41.0764724], [-85.8991262, 41.0761759], [-85.8989823, 41.0761121], [-85.898192, 41.0760698], [-85.8973039, 41.0760394], [-85.8971297, 41.0759969], [-85.8970525, 41.0759605], [-85.8970601, 41.0760051], [-85.8971471, 41.0760752], [-85.8972679, 41.0761141], [-85.8989128, 41.0762281], [-85.8990004, 41.0763126], [-85.8990115, 41.0765231], [-85.8986763, 41.0766561], [-85.8985372, 41.0765429], [-85.8983786, 41.07654], [-85.8982913, 41.0767624], [-85.8980088, 41.0768029], [-85.8979394, 41.0769703], [-85.8979007, 41.0772711], [-85.8977979, 41.0776925], [-85.8978486, 41.0780016], [-85.8979732, 41.0781325], [-85.8979859, 41.0783255], [-85.898116, 41.0783548], [-85.8982754, 41.0785176], [-85.8982738, 41.0786101], [-85.8983207, 41.0786681], [-85.8986717, 41.0791019], [-85.8988633, 41.0794112], [-85.8989759, 41.0794987], [-85.8990587, 41.079663], [-85.8990226, 41.0799317], [-85.8990862, 41.0799804], [-85.8990852, 41.0800831], [-85.8989042, 41.0802227], [-85.89865, 41.0802791], [-85.8985371, 41.0802858], [-85.8982962, 41.080373], [-85.8980568, 41.0806541], [-85.8977485, 41.0809851], [-85.8973132, 41.0813116], [-85.8972506, 41.0813449], [-85.8972379, 41.0814426], [-85.897305, 41.0814664], [-85.8972918, 41.0817304], [-85.8972746, 41.0818591], [-85.897209, 41.0822963], [-85.8972574, 41.082975], [-85.8972294, 41.0830554], [-85.8972727, 41.0834578], [-85.8974688, 41.0837871], [-85.8975225, 41.0841513], [-85.897481, 41.0842867], [-85.8975036, 41.0845401], [-85.8977623, 41.084945], [-85.8982439, 41.0851503], [-85.8987895, 41.0853343], [-85.899732, 41.0854685], [-85.899881, 41.0854148], [-85.9002771, 41.0850377], [-85.9005076, 41.0840766], [-85.900473, 41.0834291], [-85.9015883, 41.0831281], [-85.9025079, 41.0832642], [-85.9029159, 41.0831167], [-85.9030988, 41.0827269], [-85.9031161, 41.0823484], [-85.9034927, 41.0821022], [-85.9048043, 41.081883], [-85.9052303, 41.0819598], [-85.9058797, 41.0825313], [-85.9066295, 41.0827972], [-85.9071836, 41.0826888], [-85.9076895, 41.0823453], [-85.9076955, 41.0823412], [-85.90788, 41.0824569], [-85.9084161, 41.082356], [-85.9086391, 41.0822148], [-85.9087505, 41.081889], [-85.9086212, 41.0816596], [-85.9088514, 41.0816969], [-85.9090343, 41.0814321], [-85.909058, 41.0811352]]]}, "properties": {"id": "silver-lake-kosciusko", "name": "Silver Lake", "county": "Kosciusko", "county2": null, "acres": 216.1, "max_depth_ft": 32, "survey_date": "2013-08-20", "contour_interval_ft": 3, "has_contours": true, "pdf_url": "https://www.in.gov/dnr/fish-and-wildlife/files/depth/fw-Silver_Lake_Bathymetry_Kosciusko_County_c_August_2013.pdf", "bbox": [-85.909058, 41.074026, -85.896985, 41.085468], "source": "Indiana DNR Fish & Wildlife bathymetry PDF (raster digitized)", "source_url": "https://www.in.gov/dnr/fish-and-wildlife/fishing/lake-depth-maps/", "precision_note": "White-label OCR failed; hand-confirmed intervals (3\u201330 at 3-ft; dual deep pits ~30'; W lobe ~18; legend 0\u201332'); Warped prior traced contours onto OSM Silver Lake (way/1189777492), IoU=0.999; Depths nested-ring onto [3, 6, 9, 12, 15, 18, 21, 24, 27, 30]", "note": null, "needs_review": false, "review_notes": null, "min_contour_ft": 0, "max_contour_ft": 30, "data_quality": "ok", "contour_method": "traced_from_pdf", "georef_method": "osm", "depth_assignment": "hand_visual_confirmed_intervals", "review_priority": null, "line_style": "solid", "shore_iou": 0.999}}, {"type": "Feature", "geometry": {"type": "Point", "coordinates": [-85.832206, 41.389741]}, "properties": {"id": "waubee-lake-kosciusko", "name": "Waubee Lake", "county": "Kosciusko", "county2": null, "acres": null, "max_depth_ft": 50, "survey_date": "2014-07-09", "contour_interval_ft": 5, "has_contours": true, "pdf_url": "https://www.in.gov/dnr/fish-and-wildlife/files/depth/fw-Waubee_Lake_Bathymetry_Kosciusko_County_c_July_2014.pdf", "bbox": [-85.8423, 41.383431, -85.822111, 41.396052], "source": "Indiana DNR Fish & Wildlife bathymetry PDF (raster digitized)", "source_url": "https://www.in.gov/dnr/fish-and-wildlife/fishing/lake-depth-maps/", "precision_note": "Raster-digitized from DNR PDF. IoU=0.670. Depths [0, 5, 10, 15, 20, 25, 30, 35, 40, 45, 50]. Contours are feet below surface. Suitable for structure/relative depth \u2014 not navigation-grade. contour_method=traced_from_pdf; georef=osm; Depth labels on traced lines were assigned by distance-from-shore binning to survey intervals (not OCR of each label); occasional band swaps possible in multi-basin lakes.", "note": null, "needs_review": false, "review_notes": "pdf_only; Shoreline IoU=0.67; Shoreline IoU=0.67; absolute positions approximate; Depth labels on traced lines were assigned by distance-from-shore binning to survey intervals (not OCR of each label); occasional band swaps possible in multi-basin lakes.", "min_contour_ft": 0, "max_contour_ft": 50, "data_quality": "pdf_digitized", "contour_method": "traced_from_pdf", "georef_method": "osm", "depth_assignment": "distance_from_shore_bins", "review_priority": null, "line_style": "solid", "shore_iou": 0.67}}, {"type": "Feature", "geometry": {"type": "Polygon", "coordinates": [[[-85.67738304167938, 41.27351640310811], [-85.67738292220344, 41.2734920067017], [-85.67739393914208, 41.27347517192701], [-85.67742192435814, 41.27343979086733], [-85.67743996522397, 41.27342661470061], [-85.67746396102184, 41.273411725683054], [-85.67748438691478, 41.27339768532214], [-85.67750956579387, 41.27338280980091], [-85.67760398142518, 41.27334109377932], [-85.67764702599865, 41.27332107901841], [-85.6776793069584, 41.2733062898987], [-85.67771639659985, 41.273287987978634], [-85.67773913295969, 41.273276654936694], [-85.67774278011974, 41.273272234064116], [-85.67775240017812, 41.27326520779275], [-85.67777542310053, 41.273240481819805], [-85.67777951043507, 41.2732155242614], [-85.67777890137731, 41.27318872421072], [-85.67778171310415, 41.273112844123375], [-85.67777908283699, 41.27306994371497], [-85.67777845311798, 41.27304403682921], [-85.67777679482796, 41.2730109719799], [-85.67775958670038, 41.27287501122832], [-85.677762973349, 41.27277234608319], [-85.67776230679907, 41.27274822418641], [-85.67775671658305, 41.27273297178118], [-85.67773468899398, 41.27271127029829], [-85.67770397739105, 41.272708215224746], [-85.67768024929113, 41.27271060594642], [-85.67765993838255, 41.27271928910612], [-85.677587765936, 41.272717512775166], [-85.67736156655418, 41.27272189520156], [-85.67726906523276, 41.27272969593328], [-85.67723691812199, 41.2727382352826], [-85.67722361317432, 41.272751470326654], [-85.67721509894206, 41.27276208307062], [-85.67721099184458, 41.27278793200508], [-85.6772080893879, 41.27281290323006], [-85.67721064329825, 41.27285937604104], [-85.67720773904495, 41.27288434723868], [-85.67719550219414, 41.27290295309049], [-85.67716058737399, 41.27293021168678], [-85.67711859203277, 41.272956491301535], [-85.67707686259288, 41.27297027114876], [-85.67704838330343, 41.2729734956731], [-85.67700104208795, 41.27297291774327], [-85.67694778636465, 41.27297226689707], [-85.67687093639042, 41.27296775620869], [-85.67677034034995, 41.27296652608227], [-85.67670759482398, 41.27296665301083], [-85.67666373098697, 41.27296968916802], [-85.6766411859683, 41.2729720920328], [-85.67661614093817, 41.272980717094704], [-85.67658666541706, 41.27303037109806], [-85.67653197688088, 41.27312494011329], [-85.67640409541198, 41.27334083317222], [-85.6762702608077, 41.27346367013093], [-85.67624316941536, 41.27352182790623], [-85.676248197286, 41.27356538020822], [-85.67625396626676, 41.27357444808709], [-85.67627166038291, 41.27358366314642], [-85.6762855375574, 41.273585332780804], [-85.67633489908395, 41.27360093268668], [-85.67635050821033, 41.27361462125325], [-85.67636021810024, 41.27362523723263], [-85.67636162576031, 41.273652247749226], [-85.67636114336499, 41.27367473816314], [-85.67636053161227, 41.27370322384915], [-85.67636177757556, 41.273737733155464], [-85.67637081372901, 41.27377983510556], [-85.6763802693957, 41.27380244497585], [-85.67639376029463, 41.273822107164555], [-85.67639545811052, 41.27383562419852], [-85.67639513561535, 41.27385061709139], [-85.67639301918453, 41.27385659007748], [-85.67638673636743, 41.2738715107253], [-85.67638871355938, 41.2739068861498], [-85.6763900906767, 41.2739782121617], [-85.67638598178259, 41.274034113833615], [-85.67639083178682, 41.274079153127694], [-85.6764106908428, 41.27410243533369], [-85.6764354933278, 41.27416636903207], [-85.67644508104681, 41.27419391268462], [-85.67645907590062, 41.27421931681084], [-85.6764862517346, 41.27424049388489], [-85.67651924236341, 41.274261741841634], [-85.67662274175888, 41.2743178606651], [-85.67667725692021, 41.27435253708053], [-85.67671901780112, 41.27437169815178], [-85.6767897852826, 41.27439450495704], [-85.67681721893304, 41.27440361592952], [-85.67684765295657, 41.27440837699446], [-85.67688397633506, 41.27440991833175], [-85.67691457744522, 41.27440700106563], [-85.6770224201951, 41.27439624883574], [-85.67718405316583, 41.27438615688811], [-85.67722328528924, 41.2743877333331], [-85.67727250218702, 41.27439820875825], [-85.67730275025929, 41.27441174322647], [-85.6773445587509, 41.27442870873618], [-85.67736612999583, 41.27443994300813], [-85.67738903793389, 41.27445668031441], [-85.67741042232923, 41.27447668797576], [-85.67744024639667, 41.27450996610071], [-85.67747304927758, 41.274539986680296], [-85.6775014908378, 41.27456995728603], [-85.67752127802855, 41.27459652789894], [-85.67754125566216, 41.2746143258017], [-85.67763216606721, 41.274647250761234], [-85.6776566676166, 41.27465742300942], [-85.67768686987478, 41.27467315228482], [-85.6777010776293, 41.27468868509245], [-85.67771371602703, 41.27470968377893], [-85.6777276902196, 41.2747361841211], [-85.6777432589218, 41.274756120807815], [-85.6777603754212, 41.2747716900529], [-85.67777896875096, 41.27478617975672], [-85.67779329598143, 41.274796227758884], [-85.67781348561742, 41.27480415516765], [-85.67789912021684, 41.274811782141484], [-85.67806605234946, 41.27482588903629], [-85.67823214365897, 41.274811458752914], [-85.67825692997428, 41.27480847129096], [-85.67828044876674, 41.27479668887459], [-85.67829963318795, 41.274783758730116], [-85.67830866035824, 41.27476960794252], [-85.67831346993826, 41.27474882126718], [-85.67831403497858, 41.274722497815105], [-85.67831312139194, 41.274697253891404], [-85.67831639036125, 41.27454479769529], [-85.67831330285163, 41.27441749876718], [-85.67830182777219, 41.27420671804523], [-85.67829631840455, 41.274192388895834], [-85.67828499424209, 41.27417798885369], [-85.67826785258983, 41.27416351791873], [-85.67825638739185, 41.27415569777929], [-85.67823617529795, 41.27414886874371], [-85.6782174642889, 41.274139863732614], [-85.67819007555421, 41.2741285598696], [-85.6781568495668, 41.274118280191715], [-85.6779584278902, 41.27408074915914], [-85.67790363065788, 41.27405923581334], [-85.67784899691894, 41.274030044085514], [-85.67781748401875, 41.27400771785328], [-85.67778740033822, 41.27398650694664], [-85.67774660514621, 41.27392237795613], [-85.67772824537845, 41.27389691970296], [-85.67770557279898, 41.27386921591636], [-85.67768421355646, 41.2738481109621], [-85.67766139814489, 41.27382698777214], [-85.67764857379589, 41.273814762959994], [-85.67759837234453, 41.27378233516119], [-85.67749679893706, 41.273704297328216], [-85.67742573321493, 41.27362773121782], [-85.67740892214272, 41.27359790533569], [-85.67738944037913, 41.27355707389229], [-85.67738552462282, 41.27353618218323], [-85.67738304167938, 41.27351640310811]]]}, "properties": {"id": "sechrist-lake-kosciusko", "name": "Sechrist Lake", "county": "Kosciusko", "county2": null, "acres": 9.7, "max_depth_ft": 58, "survey_date": "2015-08-05", "contour_interval_ft": 10, "has_contours": true, "pdf_url": "https://www.in.gov/dnr/fish-and-wildlife/files/depth/fw-Sechrist_Lake_Bathymetric_Kosciusko_County_c_August_2015.pdf", "bbox": [-85.678316, 41.272711, -85.676243, 41.274826], "source": "Indiana DNR Fish & Wildlife bathymetry PDF (raster digitized)", "source_url": "https://www.in.gov/dnr/fish-and-wildlife/fishing/lake-depth-maps/", "precision_note": "Shoreline confirmed vs nhd_near:unnamed_466_10ac (IoU=0.989); Kept existing contour depths (pdf_label)", "note": null, "needs_review": false, "review_notes": null, "min_contour_ft": 0, "max_contour_ft": 50, "data_quality": "ok", "contour_method": "traced_from_pdf", "georef_method": "nhd", "depth_assignment": "pdf_label", "review_priority": null, "line_style": "solid", "shore_iou": 0.989}}, {"type": "Feature", "geometry": {"type": "Point", "coordinates": [-85.74559, 41.152161]}, "properties": {"id": "sellers-lake-kosciusko", "name": "Sellers Lake", "county": "Kosciusko", "county2": null, "acres": null, "max_depth_ft": 23, "survey_date": "2015-07-15", "contour_interval_ft": 3, "has_contours": true, "pdf_url": "https://www.in.gov/dnr/fish-and-wildlife/files/depth/fw-Sellers_Lake_Bathymetric_Kosciusko_County_c_July_2015.pdf", "bbox": [-85.747828, 41.150101, -85.743352, 41.154221], "source": "Indiana DNR Fish & Wildlife bathymetry PDF (raster digitized)", "source_url": "https://www.in.gov/dnr/fish-and-wildlife/fishing/lake-depth-maps/", "precision_note": "Raster-digitized from DNR PDF. IoU=0.691. Depths [0, 3, 6, 9, 12, 15, 21]. Contours are feet below surface. Suitable for structure/relative depth \u2014 not navigation-grade. contour_method=traced_from_pdf; georef=osm; Depth labels on traced lines were assigned by distance-from-shore binning to survey intervals (not OCR of each label); occasional band swaps possible in multi-basin lakes.", "note": null, "needs_review": false, "review_notes": "pdf digitize; Shoreline IoU=0.69; Shoreline IoU=0.69; absolute positions approximate; Depth labels on traced lines were assigned by distance-from-shore binning to survey intervals (not OCR of each label); occasional band swaps possible in multi-basin lakes.", "min_contour_ft": 0, "max_contour_ft": 21, "data_quality": "pdf_digitized", "contour_method": "traced_from_pdf", "georef_method": "osm", "depth_assignment": "distance_from_shore_bins", "review_priority": null, "line_style": "solid", "shore_iou": 0.691}}, {"type": "Feature", "geometry": {"type": "Point", "coordinates": [-85.681213, 41.325551]}, "properties": {"id": "webster-lake-kosciusko", "name": "Webster Lake", "county": "Kosciusko", "county2": null, "acres": 774, "max_depth_ft": 45, "survey_date": "2017-07-12", "contour_interval_ft": 5, "has_contours": true, "pdf_url": "https://www.in.gov/dnr/fish-and-wildlife/files/depth/fw-Webster_Lake_Bathymetric_Kosciusko_County_July_2017.pdf", "bbox": [-85.696726, 41.316496, -85.665699, 41.334605], "source": "Indiana DNR Fish & Wildlife bathymetry PDF (raster digitized)", "source_url": "https://www.in.gov/dnr/fish-and-wildlife/fishing/lake-depth-maps/", "precision_note": "Raster-digitized from DNR PDF. IoU=0.606. Depths [0, 5, 10, 15, 20, 25, 30, 35, 40, 45]. Contours are feet below surface. Suitable for structure/relative depth \u2014 not navigation-grade. contour_method=traced_from_pdf; georef=osm; Depth labels on traced lines were assigned by distance-from-shore binning to survey intervals (not OCR of each label); occasional band swaps possible in multi-basin lakes.", "note": null, "needs_review": false, "review_notes": "pdf digitize; Shoreline IoU=0.61; Shoreline IoU=0.61; absolute positions approximate; Depth labels on traced lines were assigned by distance-from-shore binning to survey intervals (not OCR of each label); occasional band swaps possible in multi-basin lakes.", "min_contour_ft": 0, "max_contour_ft": 45, "data_quality": "pdf_digitized", "contour_method": "traced_from_pdf", "georef_method": "osm", "depth_assignment": "distance_from_shore_bins", "review_priority": null, "line_style": "solid", "shore_iou": 0.606}}, {"type": "Feature", "geometry": {"type": "Polygon", "coordinates": [[[-85.85527090263602, 41.251596800291516], [-85.8553266430994, 41.251654570969876], [-85.85537311744065, 41.25170152282039], [-85.85541938786429, 41.251759194126635], [-85.8554699926592, 41.25183835228798], [-85.85551563426213, 41.25188367096245], [-85.85552881164905, 41.25189333280092], [-85.85557239611, 41.25192595922361], [-85.85563340609085, 41.25195520000541], [-85.8557196443581, 41.25198589821972], [-85.85575547186659, 41.25201129477794], [-85.85580412462238, 41.252026108982044], [-85.85584191135649, 41.252031276899615], [-85.85588300658578, 41.25202814116504], [-85.85592423835901, 41.252017860033774], [-85.85599071818162, 41.2520078476975], [-85.85602723829118, 41.251996325911016], [-85.8560590898562, 41.251981180094084], [-85.85609896607167, 41.251958971265715], [-85.85613086165415, 41.25194144273788], [-85.85616591391654, 41.251923950675355], [-85.85620094282271, 41.25190764725836], [-85.85623590705022, 41.25189491586726], [-85.85626922466578, 41.25188574097062], [-85.85630894637102, 41.251885256730546], [-85.85633134137106, 41.25187634522674], [-85.85634062815447, 41.25187265095383], [-85.85639277086511, 41.25186963205063], [-85.85641383276528, 41.251865633185545], [-85.85645198601203, 41.25185838916756], [-85.85646405308124, 41.25185609696181], [-85.85653100002779, 41.25182107496559], [-85.85656487729378, 41.25178212702041], [-85.85660855428121, 41.25172541476178], [-85.85661476433478, 41.25170257302324], [-85.85661804857544, 41.251700297696296], [-85.85662971499605, 41.25168422114848], [-85.85664067713746, 41.25167195099286], [-85.85664145867175, 41.25166385868616], [-85.8566393170881, 41.251653998254355], [-85.85663855262182, 41.25165048631936], [-85.85663683773794, 41.25164093925828], [-85.8566369886549, 41.251632840194056], [-85.8566390700514, 41.251622856164396], [-85.85664138411158, 41.251615027922306], [-85.85664244142868, 41.251611455877054], [-85.85664347359292, 41.25160907924109], [-85.85664573914407, 41.25160386806624], [-85.85664772981076, 41.25159864811113], [-85.85665172461881, 41.25159201324974], [-85.85665229055745, 41.25159107178016], [-85.85666505831259, 41.25158358527286], [-85.8566696199576, 41.25158181106845], [-85.8566745984209, 41.25157987612524], [-85.85668731227712, 41.251575245093385], [-85.85671765557079, 41.251573187232104], [-85.85673532094084, 41.25157385179909], [-85.85674792879585, 41.25157493914947], [-85.85675416130731, 41.25157929192774], [-85.85675909485484, 41.251585541152515], [-85.85676277615087, 41.251591296679265], [-85.85676711411539, 41.25159563122138], [-85.85677337986449, 41.2515980807981], [-85.85678467168759, 41.251602012142264], [-85.8568054128892, 41.25160699774284], [-85.85682548933748, 41.25161388316591], [-85.85684684319011, 41.251619829145206], [-85.85686819883935, 41.2516257730978], [-85.85687257183815, 41.25162820308761], [-85.85689325105601, 41.25163652232378], [-85.85690641766311, 41.25164142890313], [-85.8569107484411, 41.25164623822854], [-85.85691635842007, 41.2516501108125], [-85.85692700704944, 41.25165451221251], [-85.85693710680816, 41.25165461892129], [-85.85694003441768, 41.25165449330208], [-85.8569459552137, 41.2516542373361], [-85.85695537764273, 41.25165672000381], [-85.85696286420232, 41.25166156512281], [-85.856966578736, 41.251665416093935], [-85.85697031393096, 41.25166831479039], [-85.85697277621315, 41.251671676791844], [-85.8569755232613, 41.25167498003578], [-85.85698459983894, 41.25168085509542], [-85.85701031321561, 41.251690183330254], [-85.85704735794131, 41.251701058840105], [-85.85706071409295, 41.25170385217703], [-85.85707377290224, 41.25170658202885], [-85.85708640591007, 41.25170624029085], [-85.85710529029399, 41.25170930107469], [-85.85711718398834, 41.25171466892729], [-85.85712847581146, 41.25171860093983], [-85.8571416442152, 41.2517235061623], [-85.857152952208, 41.25172648522537], [-85.85716988724775, 41.25173238324305], [-85.85718371321828, 41.251735864781864], [-85.85719506612683, 41.2517364631608], [-85.85720641095057, 41.2517375363257], [-85.85721458112806, 41.25173953002152], [-85.85722023602278, 41.25174101921501], [-85.85723720609681, 41.25174501200938], [-85.85725167256616, 41.25174802484004], [-85.85727309019916, 41.251750635824706], [-85.857288825988, 41.25175318467518], [-85.85730642039115, 41.25175765968368], [-85.85731774814688, 41.25175968782283], [-85.85732405881176, 41.25175975468459], [-85.85733986826243, 41.251758493091536], [-85.85734815342431, 41.25175429295909], [-85.8573651872787, 41.2517549507705], [-85.85738343116381, 41.25175848093485], [-85.8573972661175, 41.25176148633579], [-85.85740255360128, 41.251761726092475], [-85.85743664736125, 41.2517556781451], [-85.85748540342331, 41.25174550705646], [-85.85749422667602, 41.25174203092106], [-85.8575348556797, 41.2517300761747], [-85.85756028429044, 41.25172081615807], [-85.8575729891635, 41.251716663974584], [-85.8575850795889, 41.25171155208788], [-85.85759147200046, 41.25170733101589], [-85.85760165260758, 41.25170315181667], [-85.85761057916656, 41.251698480946665], [-85.8576188562436, 41.25169475694735], [-85.85762650180499, 41.251691028220286], [-85.85764368927131, 41.25168358629897], [-85.85766087404268, 41.25167614572758], [-85.85768916199099, 41.251666546666634], [-85.85780159333532, 41.25161348604691], [-85.85782717465968, 41.25159500920311], [-85.8578412584467, 41.25158467667533], [-85.85787505127105, 41.251566929901635], [-85.85790302211404, 41.25155674527616], [-85.85793030664416, 41.25154700166773], [-85.85799364236327, 41.251512752808544], [-85.85799477424054, 41.251511980856584], [-85.85800633106666, 41.251501619949956], [-85.85801274324116, 41.251496447938216], [-85.85802037083624, 41.251493670126024], [-85.85803124404444, 41.25148616199563], [-85.85805289434111, 41.251476385958775], [-85.85807200779541, 41.251467061070294], [-85.8580982089573, 41.25145018617275], [-85.85812879299945, 41.251435263778134], [-85.85816382190565, 41.25141896091458], [-85.85818035000857, 41.25141294332729], [-85.85819564113133, 41.25140548178846], [-85.85820963598515, 41.251399913324185], [-85.85822042026012, 41.251397167925866], [-85.85822994958866, 41.251393934906886], [-85.85823759604835, 41.2513902041365], [-85.85825418793166, 41.25138085086994], [-85.85826379721024, 41.2513733298945], [-85.85827333821688, 41.25136961870878], [-85.85828537474337, 41.25136736498226], [-85.85829617788299, 41.25136366797911], [-85.8583101260244, 41.25136048223473], [-85.8583272757615, 41.251354946184584], [-85.85834573434396, 41.251347042268335], [-85.85839019556063, 41.25133274524776], [-85.85844481133326, 41.25131569471787], [-85.85847092176532, 41.251303585907834], [-85.85848232138626, 41.25130180088978], [-85.85848998581228, 41.251299326988466], [-85.85849947022503, 41.25129626483469], [-85.85850352701685, 41.25129406918793], [-85.85851413971363, 41.251288321064145], [-85.85853199283157, 41.25127898196594], [-85.85854659135326, 41.25127485001564], [-85.85856313562586, 41.251267878108685], [-85.85858346989062, 41.25126094672358], [-85.85859746294781, 41.251255378922316], [-85.85861463963435, 41.251248413767065], [-85.85863689898878, 41.25124096976922], [-85.8586812982217, 41.25119660495637], [-85.85868260886369, 41.2511924358551], [-85.85868338141485, 41.251184820305156], [-85.85868438842627, 41.25116481901398], [-85.85868592544372, 41.251150064723106], [-85.85868661355323, 41.251139372824184], [-85.85868553826984, 41.251094645939766], [-85.85867780108029, 41.2510780309666], [-85.85866624425417, 41.251054560899895], [-85.85864428583537, 41.25101334997913], [-85.85861931985698, 41.2509640067916], [-85.85859560074022, 41.250915630710594], [-85.85858697691349, 41.25090410400378], [-85.85857332072455, 41.25089156895269], [-85.85855520170527, 41.250881370038904], [-85.85853386492063, 41.25087447305717], [-85.85851692988089, 41.250868576312826], [-85.85849300594826, 41.250864985991534], [-85.85848516185919, 41.25086320366301], [-85.85847218299998, 41.25086428697297], [-85.85845449157877, 41.25086505285415], [-85.85841530257449, 41.25086749367833], [-85.85839696975617, 41.250868728948774], [-85.85838050543366, 41.250871412234275], [-85.85837099137647, 41.250873692993125], [-85.85833424668809, 41.250880450171266], [-85.85832029764835, 41.25088363593905], [-85.8583032018102, 41.250886313145514], [-85.85828799782401, 41.250889011288706], [-85.85827725037996, 41.25088985011062], [-85.85826269587571, 41.250891600695525], [-85.85824494336906, 41.25089570025184], [-85.85823225466568, 41.25089889817577], [-85.85822080294244, 41.25090354208775], [-85.85820682785156, 41.25090815898424], [-85.85817883994058, 41.250919295996255], [-85.85810318113239, 41.250947555902364], [-85.85806895262513, 41.250954814879705], [-85.85805813331584, 41.25095946486616], [-85.8580441303772, 41.25096551018572], [-85.85802250792831, 41.25097385719683], [-85.85799328573212, 41.25098355226345], [-85.85797489093004, 41.2509881198516], [-85.85796339608765, 41.25099514379255], [-85.85795059239993, 41.25100453898782], [-85.85794163889149, 41.251010638333526], [-85.85792631183611, 41.251020003809856], [-85.85790845781985, 41.25102934294509], [-85.85789699082524, 41.251034939806935], [-85.85788296992027, 41.25104193672772], [-85.8578689768631, 41.251047505897894], [-85.85785563059292, 41.251052128862625], [-85.85784215496534, 41.25105647897421], [-85.85783371888651, 41.2510618056824], [-85.85782559721804, 41.251063005829465], [-85.85781841788227, 41.251067097945885], [-85.85780405831247, 41.25107528420403], [-85.85778968886117, 41.25108406479378], [-85.85778322188945, 41.25109233479667], [-85.8577738389863, 41.251099622799146], [-85.85775599395318, 41.25111348627822], [-85.8577407962552, 41.25112050480269], [-85.85771619678947, 41.2511315269643], [-85.85769000281411, 41.25113958489271], [-85.85767638884596, 41.25115016197743], [-85.85766673105834, 41.25116018390043], [-85.85764277119308, 41.25117541297907], [-85.85760598608051, 41.25120122926128], [-85.85758844916955, 41.251215291279564], [-85.85748820616699, 41.251277367141974], [-85.85745873064587, 41.25129565767185], [-85.85745641389076, 41.2512962776668], [-85.85745328685525, 41.251295613097035], [-85.85744521279749, 41.251296955744095], [-85.85743424885945, 41.25130077026642], [-85.85742800197495, 41.2513057072629], [-85.85742079389313, 41.251311347325085], [-85.85741355886182, 41.25131841783219], [-85.85740258683893, 41.25132945616944], [-85.85735891344477, 41.25135460917234], [-85.85729683267212, 41.2513825372811], [-85.85724442316182, 41.25139984578668], [-85.85718304127845, 41.25141456422629], [-85.8571684211972, 41.251414173184436], [-85.85715263959429, 41.25141400569152], [-85.85713053564841, 41.25141436566617], [-85.85711762326453, 41.25141469187208], [-85.85711395364658, 41.25141478507379], [-85.85710374159842, 41.25141229294157], [-85.85709356188964, 41.25140801579416], [-85.85707402532883, 41.25139768323681], [-85.85705370004722, 41.251387341222575], [-85.85703890838774, 41.25137646228363], [-85.85703722674154, 41.25137402282919], [-85.85703353017412, 41.25136866170235], [-85.85702812770602, 41.25136205383262], [-85.85702300910553, 41.2513501179272], [-85.857013761848, 41.25132854778948], [-85.8570139621723, 41.251317828904696], [-85.8570141085977, 41.25130995807737], [-85.85701420741238, 41.251304729318896], [-85.85701672988169, 41.251296416794254], [-85.85702000693584, 41.25128990076833], [-85.85702654397616, 41.25127805872696], [-85.85703464588173, 41.251266827898846], [-85.85704990376682, 41.251252696327924], [-85.85706587401594, 41.251242741281395], [-85.85707546622655, 41.251236292112395], [-85.85708509975966, 41.25122746021448], [-85.85709165566459, 41.251222169314765], [-85.8570931136303, 41.25122099415954], [-85.85710218122477, 41.251212682974966], [-85.85710274896005, 41.251212162934934], [-85.85710998309303, 41.25120509309167], [-85.8571104753698, 41.25120156492353], [-85.8571220654336, 41.2511921177526], [-85.85713480084938, 41.25118629802989], [-85.85715393765986, 41.25117578173494], [-85.85717699831154, 41.25116649597543], [-85.85719610188436, 41.25115776605001], [-85.85722078309679, 41.25114611714266], [-85.8572414659079, 41.25113740409899], [-85.85726367136341, 41.25113168500265], [-85.85728935060412, 41.251127359209654], [-85.85732322427685, 41.25110416471484], [-85.85732822699467, 41.251097828320255], [-85.85733548628049, 41.2510895657472], [-85.85734593099228, 41.25107955326866], [-85.85736115743634, 41.251067206681746], [-85.85737235044479, 41.25105958368801], [-85.85738914175408, 41.25104785101624], [-85.85741559085099, 41.25102609504958], [-85.85743699500925, 41.25102096284756], [-85.85745603210677, 41.25101580633143], [-85.85748140502197, 41.25100952530933], [-85.85749483932705, 41.25100847577073], [-85.85751149678735, 41.25100815023819], [-85.85751457621215, 41.251008090129474], [-85.85752956909424, 41.25100825019423], [-85.85753984941437, 41.25100716823744], [-85.85754858373386, 41.251004283019256], [-85.8575597300299, 41.250999042079485], [-85.85756938781752, 41.25098901878103], [-85.85758150159913, 41.25097425769664], [-85.85758803594452, 41.250962414922725], [-85.85758985233802, 41.250959381794516], [-85.8575961818675, 41.25094880467886], [-85.85760432868882, 41.250935191730605], [-85.85760936284768, 41.25091916429721], [-85.85761605529653, 41.25089898529975], [-85.85762731208536, 41.250887788850875], [-85.8576416608754, 41.25088019825446], [-85.85765998560888, 41.250870865176324], [-85.85767359867869, 41.250860288721725], [-85.85769665933034, 41.25085100426812], [-85.85770929143987, 41.250844842097116], [-85.85771816409994, 41.25084051290829], [-85.85773565519682, 41.25083355311183], [-85.85775469319265, 41.2508283938794], [-85.85776747262588, 41.2508201920566], [-85.8577779532703, 41.250808391128324], [-85.85779558989427, 41.250793688761306], [-85.85780760306457, 41.250784288132735], [-85.85781644877518, 41.250775446718364], [-85.85782534119818, 41.25076422593459], [-85.85783508791901, 41.25074943981034], [-85.8578528790532, 41.250726401869876], [-85.85788747586975, 41.25069103414782], [-85.85790606919949, 41.25066740792875], [-85.85791900493959, 41.25065086781441], [-85.85792546202984, 41.2506431941184], [-85.85793116273864, 41.25063372728065], [-85.85793370766584, 41.25062422329545], [-85.8579372084005, 41.250617770013086], [-85.857945843007, 41.25060683421382], [-85.85795357211171, 41.25044632588949], [-85.85794971564421, 41.250443333260385], [-85.85794193803048, 41.25043729397092], [-85.85793657868149, 41.25042830324959], [-85.85793044678135, 41.25041870873292], [-85.85792744640831, 41.250410337337016], [-85.85792523295945, 41.25040197674623], [-85.85792536770676, 41.250394829821396], [-85.85792782459905, 41.2503900913193], [-85.85793267011168, 41.25038418710197], [-85.85793673768329, 41.250377679089716], [-85.85794158858582, 41.250368156156455], [-85.85794091574768, 41.25036377830827], [-85.85791925287461, 41.25023149718408], [-85.85791507121695, 41.25022795410485], [-85.85791043770672, 41.25022254425609], [-85.85790505769648, 41.25021474421244], [-85.85790455733488, 41.25019925421045], [-85.85790402643053, 41.2501855479026], [-85.85790418183909, 41.25017721227235], [-85.85790194683065, 41.250170041008964], [-85.85789887010081, 41.250165838748245], [-85.85789265825062, 41.25016041268502], [-85.85788886915675, 41.25015203382678], [-85.8578913467103, 41.25014610527397], [-85.85789459232342, 41.25014137283233], [-85.85789804904064, 41.25012533102105], [-85.85789823858516, 41.25011520695569], [-85.85789607095037, 41.250104464233296], [-85.85789310291669, 41.25009430571992], [-85.85789099277407, 41.250080585206916], [-85.85789111494496, 41.250074035290275], [-85.85789125867541, 41.25006629331234], [-85.85789146079634, 41.25005557624665], [-85.85789398326565, 41.25004726423841], [-85.85789642758157, 41.250043120053206], [-85.85789847394376, 41.25003834302844], [-85.85789787117422, 41.250021833147294], [-85.85789866887818, 41.250016105173245], [-85.85789878925243, 41.250009672767874], [-85.85789893567782, 41.250001813264554], [-85.8578969710623, 41.24999714227287], [-85.85789621737577, 41.249995351816], [-85.85788746059838, 41.24998239312144], [-85.85788520133545, 41.24997665231151], [-85.85788014112545, 41.2499687360715], [-85.85787834718982, 41.24996335726917], [-85.85787851517478, 41.24995442321538], [-85.8578791332157, 41.24994656910852], [-85.85788159639621, 41.24994159216131], [-85.85788451592087, 41.2499373351793], [-85.85788741568263, 41.249934150040765], [-85.85788932999249, 41.24993309778334], [-85.85789363112607, 41.2499310006977], [-85.85789443332162, 41.24993049415526], [-85.85789698363871, 41.24992889077962], [-85.85789845777408, 41.24992604806335], [-85.85789759179816, 41.249922521176885], [-85.85789853862246, 41.24992176068776], [-85.8579015201309, 41.24991428682164], [-85.85790217320611, 41.24990464630299], [-85.85790243281922, 41.24989071300216], [-85.8579003801688, 41.24987389307945], [-85.85790052569588, 41.24986603423521], [-85.85789968756772, 41.24986030692285], [-85.85789726930297, 41.249854364835784], [-85.85790048976327, 41.24982682915132], [-85.85790468040406, 41.249821051856635], [-85.85790815598588, 41.249812510860984], [-85.85791018258519, 41.24980538615954], [-85.8579145906183, 41.24979757120748], [-85.85792385943539, 41.24978301719911], [-85.85792714816763, 41.24976878805086], [-85.85793597501362, 41.249758638940776], [-85.85793577558762, 41.24975348367583], [-85.85793504256235, 41.24974203983722], [-85.85793912360869, 41.24972635993801], [-85.85795071277417, 41.24971433390658], [-85.8579594075678, 41.24970513506497], [-85.85797191570981, 41.24969454693995], [-85.85799002574595, 41.249688306989796], [-85.85800152238495, 41.24968128290828], [-85.8580140026792, 41.24967212526096], [-85.85802552536934, 41.24966367002069], [-85.85804287543074, 41.24964741669416], [-85.85805345039827, 41.24963895267059], [-85.85806199876652, 41.24963761404184], [-85.8580799893267, 41.249637805178], [-85.85808945577315, 41.249637907162345], [-85.85809987173889, 41.24963801725139], [-85.85810281911134, 41.24963786326181], [-85.85811124710533, 41.249637422905614], [-85.85811888817513, 41.2496339317994], [-85.85812180320822, 41.249630028703294], [-85.8581247164447, 41.24962613101007], [-85.8581286366926, 41.24961902587479], [-85.8581334911884, 41.24961264476017], [-85.85814114483462, 41.24960843908662], [-85.85816118894355, 41.249600075691596], [-85.85818312580278, 41.24959173188195], [-85.85820034291352, 41.24958262487658], [-85.85822802719396, 41.249570767667095], [-85.85826047164709, 41.24955753400304], [-85.8582919180719, 41.2495471471215], [-85.8583204827013, 41.249538876247655], [-85.85835177731086, 41.24953248566968], [-85.85835885873024, 41.249528515703524], [-85.85836805029223, 41.249527231779396], [-85.85837849320741, 41.24952591273472], [-85.85839374929589, 41.2495203582935], [-85.85841277830855, 41.249515556916315], [-85.85842516697463, 41.24951139986492], [-85.85845286472978, 41.24949883077688], [-85.85849100540011, 41.24948494196554], [-85.85849769784899, 41.249481438694076], [-85.85851486285743, 41.24947518994339], [-85.85852822529728, 41.24946961388522], [-85.85855485585388, 41.24946346509186], [-85.8585767918148, 41.2494551219401], [-85.85858206762046, 41.24945125192766], [-85.85864491914764, 41.24943141827911], [-85.85868566762724, 41.2494065151074], [-85.8586866108583, 41.24940626115878], [-85.8587027859233, 41.24940214327333], [-85.85871140076686, 41.24939723314882], [-85.85872481620731, 41.249388798134824], [-85.85873443177414, 41.24938103919076], [-85.85873967434212, 41.24937246301701], [-85.85881754659917, 41.249315327219335], [-85.85893736838332, 41.249237982143704], [-85.85898577500073, 41.24918131900673], [-85.85898636070229, 41.249149935971836], [-85.85898677392733, 41.24912772685636], [-85.8589641732131, 41.24907030920332], [-85.85886695843136, 41.24895134570104], [-85.85885161340967, 41.24893744326529], [-85.8588503809211, 41.24893632682881], [-85.85881142727543, 41.24890103310719], [-85.85880640838795, 41.24889648495972], [-85.85880481926822, 41.24889598516327], [-85.85879592415026, 41.24889053130314], [-85.85879035639213, 41.24888439596327], [-85.85877540662918, 41.24887351728295], [-85.85876146477597, 41.248859431796994], [-85.85874626438306, 41.24883675723136], [-85.85873995461648, 41.24882498701329], [-85.85873680781806, 41.24882131282992], [-85.85873590501119, 41.24881805874604], [-85.85872652120972, 41.24880366931742], [-85.85871645828193, 41.248784622990726], [-85.85870896633244, 41.248754881667715], [-85.85869541075482, 41.24869470196551], [-85.85868265737273, 41.24864239200668], [-85.85867803823552, 41.24861164224144], [-85.85867483574154, 41.248604786219765], [-85.85867048070904, 41.248584370116156], [-85.8586608148366, 41.24854424301181], [-85.85865692063983, 41.248524546870435], [-85.85865350704175, 41.24847912725665], [-85.8586520284148, 41.24843158278599], [-85.85865118759169, 41.24840048306134], [-85.85865272910073, 41.248394066706666], [-85.85865498207545, 41.24839266794123], [-85.85865486709109, 41.24839161295736], [-85.8586663457638, 41.24837442522788], [-85.85867233213685, 41.24835853900156], [-85.8586849947891, 41.24833973366517], [-85.85870062996662, 41.24831381291498], [-85.85871329261884, 41.24829500891657], [-85.85872701438483, 41.248270139082074], [-85.85875140544142, 41.248231804991605], [-85.8587704479288, 41.248200917249925], [-85.85877696700283, 41.24819211398426], [-85.85877719966648, 41.24817965878638], [-85.85877338901305, 41.24817021523089], [-85.85877038864, 41.2481618442223], [-85.85876945169717, 41.248158833927945], [-85.85877238289993, 41.248148046982294], [-85.85878027729464, 41.24813098008684], [-85.85879007342281, 41.24811010928512], [-85.8588129166822, 41.24808189205324], [-85.85889068563296, 41.247974320245724], [-85.85897575429372, 41.24785610580529], [-85.85898946078834, 41.24784259419978], [-85.85900521723843, 41.24782071626709], [-85.85901570506935, 41.24778732187694], [-85.85903338121922, 41.247719850878596], [-85.8590421379966, 41.24769517331793], [-85.8590482510321, 41.247665134317096], [-85.85905564237028, 41.24764337519777], [-85.85907450609292, 41.2475797268953], [-85.8590867132993, 41.24753459097433], [-85.85909413697682, 41.24750894007075], [-85.85909969934505, 41.24749898918165], [-85.85912735128613, 41.247475584019924], [-85.85912966085473, 41.24746595867598], [-85.8591310819895, 41.24745739710999], [-85.8591350130172, 41.247449816246274], [-85.85914530681204, 41.24743944321344], [-85.85915682860387, 41.24743098903508], [-85.85918479675192, 41.24742080376481], [-85.85919412216289, 41.24741856678745], [-85.8591986838079, 41.247414662883564], [-85.85926576101016, 41.24737249327729], [-85.85926635928816, 41.24737221703201], [-85.85926781276227, 41.247370227255374], [-85.8592743210565, 41.24735981300945], [-85.85928335182007, 41.247349427129386], [-85.85929235024426, 41.24734094524728], [-85.85929873277435, 41.24733720208794], [-85.8593152689621, 41.24733070795592], [-85.8593342764152, 41.24732709717766], [-85.85934444534422, 41.24732339386715], [-85.85935089884121, 41.24731583797832], [-85.85935733706685, 41.24730923577742], [-85.85937138132802, 41.2473008092743], [-85.85938797141468, 41.24729145677315], [-85.85940838203625, 41.24728023674182], [-85.8594313187204, 41.24726904575155], [-85.8594566916356, 41.247262644144904], [-85.85947567932577, 41.247259987052466], [-85.85948579705081, 41.247259142105136], [-85.85950350643832, 41.2472574251938], [-85.85953413629456, 41.24725055687244], [-85.85966207795057, 41.247194453284436], [-85.85972408595971, 41.247170097024465], [-85.85980707591891, 41.24713370614398], [-85.85982174900076, 41.2471188172098], [-85.859833217792, 41.247113220687964], [-85.85986253700624, 41.247098285820634], [-85.85990312917899, 41.24708823423152], [-85.85993347876087, 41.24708569803203], [-85.85995373038062, 41.24708305376539], [-85.85997526299798, 41.24707947201646], [-85.86000191601246, 41.24707213088283], [-85.86004366341865, 41.24706781022441], [-85.86007013677008, 41.24706999723275], [-85.86009401488865, 41.247075969291494], [-85.86010682037302, 41.24707610505078], [-85.86012313827017, 41.24707151287403], [-85.8601434069579, 41.24706791694068], [-85.86017493063787, 41.247070157982535], [-85.86020257898568, 41.247077122232426], [-85.86022135377512, 41.24708589795616], [-85.86023264469992, 41.24708983092271], [-85.86026278227939, 41.247098726869325], [-85.86028157593344, 41.24710655024927], [-85.86029539202252, 41.24711050888049], [-85.86031432581376, 41.24711071015535], [-85.86033455856891, 41.24710901823063], [-85.86035609208459, 41.24710543715857], [-85.86036370171337, 41.24710361082524], [-85.86039154499558, 41.24710009526859], [-85.86041051831272, 41.247098391186], [-85.86043707969903, 41.24709581378634], [-85.86046487087899, 41.24709515592806], [-85.8604863666654, 41.24709347886211], [-85.86050165688985, 41.247086016829954], [-85.86051445698433, 41.247076623097485], [-85.86052862880625, 41.2470615267965], [-85.86054528896152, 41.247048362192395], [-85.86055170472928, 41.24704510869563], [-85.86055709641761, 41.24703902991769], [-85.86055449669318, 41.24702844811487], [-85.86055599059148, 41.24701607577183], [-85.86056258692062, 41.247000897730985], [-85.86057417878106, 41.24698863277457], [-85.86058699863847, 41.24697828668528], [-85.86060367586173, 41.24696416904601], [-85.8606203539833, 41.24695005207911], [-85.86063445214336, 41.24693876579795], [-85.86064853413376, 41.24692843320917], [-85.86067267905196, 41.24692011269805], [-85.86069933116812, 41.246912772221904], [-85.86071460342626, 41.246906263863856], [-85.86072610725179, 41.24689876196046], [-85.8607401901405, 41.246888430040826], [-85.8607567766339, 41.24687907680521], [-85.86077210279097, 41.24686971005985], [-85.86079500444083, 41.24686042301289], [-85.86084466420803, 41.246838080061075], [-85.86089177994639, 41.24681666310528], [-85.86090836823642, 41.246807309183964], [-85.86092751672501, 41.24679607691195], [-85.8609529058099, 41.24678872291338], [-85.8609719491956, 41.24678320673855], [-85.86101019317219, 41.246763601923796], [-85.86105345064638, 41.246745953803064], [-85.86106614563798, 41.246742278151956], [-85.86108143586243, 41.24673481607971], [-85.86109553581913, 41.24672352976132], [-85.86110327031372, 41.24671503631579], [-85.8611109859437, 41.24670749386505], [-85.86112499517057, 41.24670097130264], [-85.86114028719163, 41.24669351125196], [-85.86116452104305, 41.24668042694911], [-85.86117733910386, 41.24667008013564], [-85.86119776769173, 41.246657909001], [-85.86121693594326, 41.24664572503102], [-85.86122915303112, 41.24663675810322], [-85.86124253703053, 41.24662693608731], [-85.86126047638676, 41.246612833231396], [-85.86127846874359, 41.24659586995035], [-85.86129514596685, 41.24658175290383], [-85.86131063202401, 41.24656381092431], [-85.86132227778336, 41.24654868816327], [-85.86132514071417, 41.246530611765024], [-85.86132537068288, 41.24651822581923], [-85.8613268466149, 41.24650680572923], [-85.86133466824607, 41.24649354712925], [-85.86134505097412, 41.246478410843466], [-85.861350350136, 41.24646512589607], [-85.861363274198, 41.2464490629194], [-85.86138244065289, 41.246419962863534], [-85.86138728526721, 41.246414058287485], [-85.86139379715469, 41.246403406814466], [-85.86140038719563, 41.24638858728282], [-85.8614004087552, 41.24638737219051], [-85.86140059740141, 41.24637727186135], [-85.86139995330934, 41.24636952201564], [-85.86140091899827, 41.246360003226194], [-85.86140897508974, 41.24635115513426], [-85.86141860862286, 41.24634232325142], [-85.8614305660976, 41.24633589791402], [-85.86145199091713, 41.24632957524095], [-85.86147664877338, 41.24631911490014], [-85.86149140719516, 41.246318344237636], [-85.86149560681912, 41.24631812607462], [-85.86151065090519, 41.24631530684125], [-85.86153133102133, 41.246306591802444], [-85.86154732372835, 41.24629544522364], [-85.86156240105207, 41.24629084083428], [-85.86158539433009, 41.24628512874341], [-85.86160685059063, 41.24627701888381], [-85.86162757472424, 41.24626592228155], [-85.86164747600107, 41.24625660475456], [-85.86166419993671, 41.24624844220801], [-85.86167056809374, 41.246245531788816], [-85.86168650330858, 41.246237363837515], [-85.86170243762508, 41.246229193858866], [-85.8617207057647, 41.24622283605322], [-85.86173586303849, 41.24621406291527], [-85.86174467640974, 41.246207010092284], [-85.86176210013299, 41.246203620792485], [-85.86178033323831, 41.246199050168144], [-85.86179619119802, 41.24619504825425], [-85.86181443777807, 41.24618988325212], [-85.86185011886116, 41.24618073119429], [-85.8618586555513, 41.246174717177134], [-85.86187010907118, 41.24616664782955], [-85.86188366734378, 41.246159049930355], [-85.86190824704656, 41.246152758309876], [-85.86192958293287, 41.246151198068965], [-85.86195478516818, 41.24615384777681], [-85.86196888871814, 41.24615935792596], [-85.861984556235, 41.24616548068855], [-85.86199473414717, 41.246169758179185], [-85.86200415657619, 41.24617223970448], [-85.86200484378737, 41.246172272125044], [-85.86202071612013, 41.24617301171958], [-85.86203062723266, 41.24617013979646], [-85.86203261789935, 41.24616956298028], [-85.86204454033978, 41.24616492616146], [-85.86205807525617, 41.24615851701694], [-85.86207236565572, 41.24615390518828], [-85.86209133358295, 41.246152319281066], [-85.86210077757151, 41.246153610025814], [-85.86210780329536, 41.24615785509663], [-85.86211722572436, 41.24616033729782], [-85.86211960086997, 41.24616036228871], [-85.86213063936819, 41.24616047981331], [-85.8621417721895, 41.24615583218701], [-85.86215136440012, 41.24614938184043], [-85.86216260681589, 41.2461387809815], [-85.86217540780869, 41.24612938576202], [-85.86219288902412, 41.2461230211923], [-85.86220396704819, 41.24612135220658], [-85.86221350176662, 41.24611787914909], [-85.86221909198264, 41.246114364214804], [-85.86222475765713, 41.24610668188089], [-85.86222483670888, 41.246106067240056], [-85.86222568022694, 41.24609954529304], [-85.86222743373838, 41.24609003389402], [-85.86222743912826, 41.246088741121696], [-85.8622274768575, 41.2460769893207], [-85.8622275990284, 41.246038814020444], [-85.86222138717818, 41.246033388289916], [-85.86221281994533, 41.246027341163106], [-85.86220265101632, 41.246022467933614], [-85.86218229429366, 41.24601391428368], [-85.86217696997898, 41.2460031371154], [-85.86217092521542, 41.24598877881212], [-85.86216963523466, 41.245973279703016], [-85.86216837938991, 41.24595599272445], [-85.86216540057642, 41.24594643267347], [-85.86215778915101, 41.24593146309242], [-85.86214827419552, 41.24589145593656], [-85.86214688360347, 41.24588131568024], [-85.86214858411431, 41.24587478290386], [-85.86215110568531, 41.24586646968835], [-85.86215671835922, 41.245861765980294], [-85.86216062872565, 41.245863593699156], [-85.86217008708726, 41.245864290069505], [-85.8621717525638, 41.24585954178277], [-85.86217351865164, 41.24584943731941], [-85.86217372885743, 41.245838121804525], [-85.86217311890135, 41.24582858605188], [-85.8621693073496, 41.24582140012711], [-85.86216627284058, 41.24581481533646], [-85.86216406029001, 41.245806454157616], [-85.86216191690976, 41.24579451791268], [-85.86216708222264, 41.24577134516473], [-85.86217274879544, 41.245763662115046], [-85.8621745157816, 41.24575355628596], [-85.8621756260993, 41.24573629491571], [-85.86217510327981, 41.245721995991936], [-85.86217128004996, 41.24571540376152], [-85.86216601322745, 41.2457016478818], [-85.86216949060591, 41.24569587224864], [-85.86217171393625, 41.24569218032804], [-85.86217584618656, 41.24568209812809], [-85.8621776131727, 41.24567199093556], [-85.86217546889412, 41.24566005669235], [-85.86216958942059, 41.245636765695764], [-85.8621628646324, 41.245616443901035], [-85.86215366408724, 41.24560205309188], [-85.8621357947996, 41.24558697333612], [-85.8621220236263, 41.245563599910376], [-85.86209919923157, 41.24550878292959], [-85.86209860903841, 41.24550736519022], [-85.86209813023639, 41.2455054786985], [-85.86207949288917, 41.245432116889546], [-85.86207343734586, 41.2454183541958], [-85.8620705016515, 41.2454064111256], [-85.8620682684397, 41.245399240014066], [-85.86205933828747, 41.24539337181933], [-85.86204937417433, 41.24536511491425], [-85.86204827643304, 41.245363581672024], [-85.86204405255458, 41.245343592107474], [-85.86202868327838, 41.245321391829755], [-85.86200790255091, 41.24529317879705], [-85.86198541232946, 41.24527209432586], [-85.86197035476867, 41.2452547787934], [-85.86194532141666, 41.24522598012672], [-85.86193210270726, 41.24521077802971], [-85.86190665523188, 41.24517894121897], [-85.8618910991061, 41.24516686504355], [-85.86188714292558, 41.24516663471877], [-85.86187848496289, 41.2451661348938], [-85.86186430595444, 41.24516479212075], [-85.86183842638943, 41.24515618094615], [-85.86182989239421, 41.24514834720117], [-85.86182056788158, 41.2451405046745], [-85.86181676800793, 41.245132722260955], [-85.86181381165233, 41.24512196993863], [-85.86181162335627, 41.245112417195436], [-85.86180942068721, 41.24510346018879], [-85.86180958777386, 41.24509452884766], [-85.8617878620187, 41.24507464321858], [-85.86173444459865, 41.245019280746966], [-85.8617235210848, 41.24501261414713], [-85.86171972031283, 41.245004831043005], [-85.86172214306916, 41.245001878691085], [-85.86172347976229, 41.24499969093813], [-85.86172539766542, 41.244996552839694], [-85.86172634359143, 41.24498822330185], [-85.86172496467746, 41.24497748919266], [-85.86172041920211, 41.244967315022436], [-85.86171108390968, 41.24496006888867], [-85.86170090599752, 41.244955791994315], [-85.86169380481519, 41.24495571566946], [-85.86168586011483, 41.24495861128639], [-85.86168317864369, 41.24495858224238], [-85.86167639187173, 41.24495851132105], [-85.8616693374018, 41.244956052714656], [-85.86166233503417, 41.244950618113485], [-85.86163733312318, 41.24493725112712], [-85.86160229613216, 41.244911861950726], [-85.86159142831383, 41.24490221799219], [-85.86158130340229, 41.24489496307046], [-85.86156647940346, 41.244885870945566], [-85.86155560080537, 41.244876822047736], [-85.86154861281078, 41.24487079169998], [-85.86153765426262, 41.244865910954346], [-85.86153060787754, 41.24486285930616], [-85.861520497339, 41.24485500796447], [-85.86151120696233, 41.24484538088359], [-85.86149102810612, 41.244827297935196], [-85.86146305636481, 41.24480377293852], [-85.86140333995796, 41.24474774830282], [-85.8613979276084, 41.24474173482923], [-85.8613941492943, 41.24473276088565], [-85.86139189272632, 41.24472678185833], [-85.8613848930536, 41.244721345887186], [-85.86137080297839, 41.24471524122621], [-85.86135906918415, 41.244709755946765], [-85.86134577681288, 41.24470306297305], [-85.86132940771176, 41.24469216873672], [-85.86128109272254, 41.24465949277142], [-85.86126547012142, 41.24465099027682], [-85.8612529790474, 41.24464371033574], [-85.86124367699263, 41.24463467693961], [-85.86123676625316, 41.24462447907544], [-85.86123688842403, 41.2446179292873], [-85.86123696567914, 41.24461373274849], [-85.86123702227302, 41.24461078308067], [-85.86123875422487, 41.244602462274436], [-85.86123573139395, 41.24459528432022], [-85.86123107632413, 41.244591064814784], [-85.8612193182754, 41.244586771010106], [-85.8612043496478, 41.24458542079524], [-85.86119491733733, 41.24458353427689], [-85.86118384919472, 41.24458460823474], [-85.8611696369486, 41.24458505267763], [-85.86115942400214, 41.24458256231128], [-85.86114382296059, 41.24457286629482], [-85.86112672173253, 41.244558987243536], [-85.86109387303753, 41.244543152098835], [-85.86105940288344, 41.24452968371226], [-85.86103672401579, 41.24451872122701], [-85.86102419880578, 41.244513227825685], [-85.86098370634605, 41.24448420998763], [-85.86096889492363, 41.244474522061935], [-85.86096212162639, 41.24447100974107], [-85.86095482730629, 41.24446722589055], [-85.86093442476954, 41.24446105433666], [-85.86091485497107, 41.24445250723672], [-85.86091109013174, 41.244442938184974], [-85.8609112769813, 41.24443281391463], [-85.86091173961368, 41.24443003377578], [-85.86091305564558, 41.24442211281105], [-85.86090846615278, 41.24441432085573], [-85.86090149881946, 41.24440710032767], [-85.86087429603602, 41.24438477477404], [-85.86085944868098, 41.24437687271636], [-85.86084452586748, 41.24437314222068], [-85.86083760524654, 41.244370058803476], [-85.86082261236446, 41.24436337997935], [-85.86079156479161, 41.24433565285541], [-85.86077210279097, 41.24431920772712], [-85.86076514983067, 41.244313334707286], [-85.86075666075124, 41.244303119231326], [-85.8607426173884, 41.244294632225674], [-85.86072471486311, 41.244281338728925], [-85.86070363320002, 41.24426920429903], [-85.86068565521623, 41.244260078990145], [-85.86066450887444, 41.24425151497771], [-85.86064804095867, 41.24424597967611], [-85.86062680478535, 41.24424218095269], [-85.86061261589542, 41.2442414339064], [-85.8605894043268, 41.2442383457548], [-85.86055908977923, 41.2442343140011], [-85.86053465290856, 41.24423286313708], [-85.860516564432, 41.2442296939312], [-85.86048986111186, 41.24422285906405], [-85.86046868063407, 41.24421608296024], [-85.86044667999447, 41.244211083962185], [-85.86042552107627, 41.24420311568947], [-85.86040519759128, 41.24419277591364], [-85.86034678104667, 41.244151653876756], [-85.86032404738178, 41.24414366871057], [-85.86029662271446, 41.24413325327498], [-85.86028334381793, 41.24412596517083], [-85.86023565136118, 41.24410223120761], [-85.86021337044718, 41.24408586707463], [-85.86018161410358, 41.24407193726107], [-85.86016446616311, 41.24406871468681], [-85.86015503205601, 41.24406682882901], [-85.86014405374492, 41.24406313816725], [-85.86012678632852, 41.24405818981628], [-85.86010481712995, 41.24405140491453], [-85.86004701233803, 41.24401982015762], [-85.86001965504438, 41.24400583089032], [-85.85999457408164, 41.24399662989404], [-85.85997500607981, 41.243988084084336], [-85.85995389387399, 41.243977734818145], [-85.85993520262788, 41.243964433151525], [-85.85992352363088, 41.24395596974269], [-85.85990794504723, 41.24394508416274], [-85.85988770869882, 41.24392997970826], [-85.85983785130222, 41.243895499904205], [-85.8597989704201, 41.24386471210601], [-85.8597818611072, 41.24384809596968], [-85.85975598064387, 41.24383290976305], [-85.85970020514618, 41.24378683102273], [-85.85967926092535, 41.243767548175775], [-85.85966291518042, 41.243755462958575], [-85.85963956886451, 41.24373794168624], [-85.85960694385001, 41.24371019673508], [-85.85954685104909, 41.24367441791591], [-85.85951632629573, 41.243660991228424], [-85.85949368066575, 41.24364824269487], [-85.85947732324271, 41.24363675320691], [-85.85946178867651, 41.24362348389272], [-85.8594274523714, 41.24360286899974], [-85.85940480674141, 41.24359011977936], [-85.85933888028103, 41.24357095710549], [-85.85933116644769, 41.24356948326121], [-85.85933024567453, 41.24356848223593], [-85.85929832224429, 41.24354550998447], [-85.8592771534446, 41.24353813805827], [-85.85926228722496, 41.243531428078164], [-85.85924828428631, 41.24352055931388], [-85.85918984797877, 41.243480627683915], [-85.8591220539209, 41.24343464190828], [-85.8591087992789, 41.24342616221988], [-85.8590876529371, 41.24341760012458], [-85.85907197284382, 41.2434120708314], [-85.8590548275983, 41.24340057319644], [-85.85902541585757, 41.2433698851328], [-85.85901770292256, 41.243360272693195], [-85.85900445816202, 41.243351197916716], [-85.85898878974682, 41.24334507624131], [-85.85896754459034, 41.24334187119311], [-85.85895298200128, 41.24333921123941], [-85.8589502439363, 41.243338710049514], [-85.85893539927622, 41.24333080989174], [-85.85891908587067, 41.24331693733121], [-85.85890450711192, 41.24329474379497], [-85.85889654085197, 41.24328031532431], [-85.85889458432129, 41.24327677186813], [-85.85888314068289, 41.24325580427621], [-85.85887942794582, 41.243243256950365], [-85.85886792681522, 41.243225266772015], [-85.85883484815153, 41.2431796502931], [-85.85882486966534, 41.24316465373534], [-85.85881722500228, 41.24315146875781], [-85.85880644791382, 41.24313705984384], [-85.85879016864425, 41.24312140132519], [-85.85878022429405, 41.24310462018753], [-85.85876014515081, 41.24308117832781], [-85.85875006605333, 41.24307154017825], [-85.85873136492573, 41.24305883475917], [-85.85871657506291, 41.24304795578434], [-85.85870842375002, 41.24304043790241], [-85.85870416393895, 41.243036508069444], [-85.85869882974278, 41.24302632616697], [-85.85869875338598, 41.24302530824679], [-85.85869819732882, 41.24301798016688], [-85.8586913836074, 41.24300242226347], [-85.8586861069034, 41.24298926292078], [-85.85867919616393, 41.24297906479983], [-85.85867545198583, 41.24296830469303], [-85.85866934074696, 41.242957518241425], [-85.8586588169834, 41.24292941293757], [-85.85863649384859, 41.24285059995147], [-85.85863125128058, 41.242832086180925], [-85.8586292058167, 41.24282486885535], [-85.85862561704712, 41.242805770801525], [-85.85862124404832, 41.242799951682755], [-85.85861252769512, 41.24278836005062], [-85.85860567175287, 41.24277518512909], [-85.85859793815659, 41.24276676276953], [-85.85858935924563, 41.24276131177518], [-85.85856670283584, 41.24274915882544], [-85.85854674676182, 41.24271916685981], [-85.85855011544413, 41.242707885251534], [-85.85856057093572, 41.242697277079635], [-85.85857026106268, 41.24268546792966], [-85.85857028891046, 41.242683925843465], [-85.85857045869204, 41.24267475032881], [-85.85856291733523, 41.2426562047616], [-85.85851459156623, 41.242581836687016], [-85.85848231240311, 41.242535632778726], [-85.85845850075987, 41.24250083476962], [-85.85845053270332, 41.24246263171239], [-85.85844679122015, 41.24245187219602], [-85.8584453009151, 41.2424470912389], [-85.85843830124239, 41.242441655753595], [-85.8584281332117, 41.242436782932174], [-85.85841318883863, 41.242434241148416], [-85.85841083974415, 41.242433363040824], [-85.85839516504076, 41.24242749728162], [-85.8583834528061, 41.242420822311765], [-85.85837651871041, 41.24241181427611], [-85.858371263566, 41.24239746396478], [-85.85835765319115, 41.24236575277138], [-85.85835622397153, 41.2423623578686], [-85.85835236480906, 41.24235318906344], [-85.85834701893481, 41.24234360281754], [-85.8583416874336, 41.24233342013162], [-85.85833867358582, 41.242325646164915], [-85.85832960778795, 41.242304108172206], [-85.8583186959522, 41.24229684418095], [-85.85829908572957, 41.24229067917679], [-85.85827084898523, 41.242281444841076], [-85.85824252600266, 41.24227697526269], [-85.85822050290513, 41.24227316696824], [-85.85818355609582, 41.24226562670666], [-85.85808516362275, 41.24224806991048], [-85.8580522179097, 41.24224219130071], [-85.85803568262025, 41.242240229737604], [-85.85799319230732, 41.242233820208135], [-85.85795781305818, 41.242226891917426], [-85.85792485476873, 41.242217013174674], [-85.85789832212848, 41.24220124500948], [-85.85785365340098, 41.24218468789153], [-85.85782479592079, 41.24217528467333], [-85.85781193294424, 41.24217108932857], [-85.85779091775649, 41.24216376993398], [-85.85774221469502, 41.24215193501969], [-85.85766904601684, 41.24214043581202], [-85.857628177163, 41.24213166077505], [-85.85759266496318, 41.24213188030296], [-85.85758001668395, 41.242135629164245], [-85.85757520800225, 41.24213705373149], [-85.85755767198958, 41.24214639616289], [-85.85754167209608, 41.242158137863264], [-85.85748628017902, 41.24216648194676], [-85.85745703372831, 41.242169150053826], [-85.8574325887728, 41.2421682928822], [-85.85740577585821, 41.242167412069165], [-85.85737422972036, 41.242166481271276], [-85.8573537840645, 41.24216268918164], [-85.85734130736353, 41.242154813198596], [-85.85733668373474, 41.2421488082675], [-85.85732730622149, 41.24214394420536], [-85.85731726934483, 41.242141600323066], [-85.85731394917154, 41.24214082285658], [-85.85729422665948, 41.24214061278529], [-85.85726817012636, 41.24214152804771], [-85.85723503397047, 41.24214117477669], [-85.85719800092288, 41.24213839724223], [-85.85716966626218, 41.242134522068156], [-85.85713894208284, 41.24213181208045], [-85.85710037381442, 41.24212663730059], [-85.85705302720906, 41.24212672916458], [-85.85700085844725, 41.24213153311113], [-85.85696454495022, 41.24213233692102], [-85.85691471989297, 41.242138358064935], [-85.85686186212335, 41.2421377947226], [-85.8568303276636, 41.24213626680841], [-85.8568019148495, 41.242136561313536], [-85.85676551421585, 41.2421421292164], [-85.85676362685544, 41.24214278307175], [-85.85673215527778, 41.24215368583872], [-85.85671697734274, 41.24216364767388], [-85.85668369565978, 41.24217103731735], [-85.85667174087997, 41.24217746103787], [-85.85666373958574, 41.24218333222328], [-85.85665883927585, 41.24219221397754], [-85.85665792838417, 41.24219875590319], [-85.85665382667659, 41.24220705067218], [-85.85663871521687, 41.24221344129109], [-85.85661660228783, 41.24221439505431], [-85.85658657879442, 41.24221645928955], [-85.85653845424801, 41.24221594525716], [-85.85652346495918, 41.242215785846334], [-85.85650689283881, 41.24221775011204], [-85.85649578606865, 41.24221906525143], [-85.85648147231292, 41.24222486888615], [-85.85646394887665, 41.24223361486542], [-85.85644473660768, 41.24224830092098], [-85.85642545696506, 41.24226655817862], [-85.85641305931583, 41.242279939220694], [-85.85640072185369, 41.2422811847855], [-85.85639119791507, 41.24228406093236], [-85.85637766569363, 41.24229046910593], [-85.85636086360455, 41.24230279708737], [-85.8563511510197, 41.242315797157715], [-85.85634070630789, 41.24232581097926], [-85.8563318372411, 41.24233584101047], [-85.85632050319714, 41.242351205888674], [-85.85631239141014, 41.24236303198579], [-85.8563043137591, 41.242373070116955], [-85.8562978674486, 41.242380147670545], [-85.85629379987701, 41.242386657830366], [-85.85628359501538, 41.242404552998686], [-85.85622314737991, 41.24246216496462], [-85.85622219965728, 41.24246611104336], [-85.85621490264224, 41.24247039080253], [-85.85620927020543, 41.24247628695392], [-85.85620595811696, 41.24248458979327], [-85.85620259123128, 41.24249587008913], [-85.85620001306641, 41.24250715983954], [-85.85619588890093, 41.242516644741464], [-85.85619098769276, 41.242525527801384], [-85.85618687610369, 41.242534416939286], [-85.85618277619274, 41.24254271166566], [-85.85617555283955, 41.24254918600958], [-85.8561652644346, 41.24255086319216], [-85.85616051863494, 41.242551408293394], [-85.85615807431905, 41.2425555522783], [-85.85615795124987, 41.24256210227317], [-85.85615713827453, 41.24257804394605], [-85.85615593004046, 41.2425792233095], [-85.85615509370892, 41.24258827928016], [-85.85615495896165, 41.24259542300611], [-85.85614852702422, 41.242601906125905], [-85.85614056974742, 41.24260539490594], [-85.85613026966438, 41.24260766784771], [-85.85611788728649, 41.24260977124758], [-85.85611047977868, 41.24261103099087], [-85.85609933258431, 41.24261627125257], [-85.8560889112287, 41.24262509485799], [-85.85607528827741, 41.24263626502875], [-85.85606886622145, 41.24264215373503], [-85.85605906829664, 41.24265196621791], [-85.85604582623104, 41.24266111066441], [-85.85600435460763, 41.242684491883], [-85.85592483843364, 41.24271699726791], [-85.85582629594191, 41.24275406472132], [-85.85574380095443, 41.242777008881546], [-85.85564863972144, 41.24280220097654], [-85.85557561297705, 41.2428252457639], [-85.85548342606593, 41.24285999969518], [-85.85529229691284, 41.24295325607616], [-85.85520940037841, 41.24299763729388], [-85.85516473075259, 41.24302336697103], [-85.85511676969958, 41.24305620924243], [-85.85507543102683, 41.2430724439448], [-85.85502467262002, 41.2430861970007], [-85.8550033996158, 41.243092357877025], [-85.85500297381432, 41.243092372737166], [-85.85495735197432, 41.243101415803], [-85.85494382424446, 41.243106529038776], [-85.85492302016078, 41.24311439072243], [-85.8548848830837, 41.243128278861555], [-85.85485305936648, 41.24314223319279], [-85.85464414896062, 41.243241017128206], [-85.85454106368852, 41.24328470580538], [-85.85442766575693, 41.243339719859314], [-85.85431817819179, 41.24338810492696], [-85.85419477212963, 41.243438246822514], [-85.85407486500551, 41.2435036729075], [-85.85400097318349, 41.24353909585486], [-85.85396146527731, 41.24355868677704], [-85.85393084799747, 41.24357551305365], [-85.8538708944354, 41.24360822671105], [-85.85377655516089, 41.24365677098724], [-85.85370639583888, 41.24369509425271], [-85.853620802562, 41.24374849700378], [-85.85361536416127, 41.24375314007311], [-85.85357754059623, 41.24378541189507], [-85.85352268227845, 41.24381989986269], [-85.85346467087403, 41.24388360518825], [-85.85343280942755, 41.243931311024056], [-85.85340992215072, 41.24395220274863], [-85.85339684088355, 41.24397648320661], [-85.85337336970181, 41.24400779780404], [-85.85336265639374, 41.244032103908474], [-85.85335693143044, 41.24404276319796], [-85.85335120736545, 41.24405342181021], [-85.85334628369938, 41.24406349480513], [-85.85334142830527, 41.24406999466552], [-85.85333571681669, 41.244080058877046], [-85.85333241371137, 41.24408776576545], [-85.85332831380043, 41.24409606097013], [-85.85332261219331, 41.24410553010607], [-85.8533168989081, 41.2441155929612], [-85.85331117574144, 41.24412625291248], [-85.85331096373903, 41.244137566697475], [-85.85331150721977, 41.244150677176584], [-85.85331367305794, 41.244161420202445], [-85.85331590626974, 41.24416859212533], [-85.85332179562471, 41.244184359815826], [-85.85331889676131, 41.244195181863724], [-85.85332223579923, 41.24420975602939], [-85.85332125573724, 41.24421987020255], [-85.85331707767284, 41.24423233290974], [-85.85331207585337, 41.244246572720066], [-85.85329748361987, 41.244267263735686], [-85.85327873398327, 41.2442992259485], [-85.85325991787131, 41.24433476126439], [-85.85324117092965, 41.24436672209328], [-85.85322698832795, 41.24440766702768], [-85.85321968682132, 41.2444183086943], [-85.85320907232791, 41.244437256327636], [-85.8531897693291, 41.24445670378594], [-85.85316927336758, 41.24449758111937], [-85.85313886359859, 41.24456217669679], [-85.85310281061297, 41.244633261883045], [-85.85307990357323, 41.244676495730936], [-85.85306734422724, 41.244704478703554], [-85.85305894138608, 41.244754194059674], [-85.85304348766824, 41.244808925216795], [-85.8530365508776, 41.24484220495299], [-85.85303441468388, 41.24487196224131], [-85.85303512704789, 41.244960116845014], [-85.8530333232308, 41.24501429667005], [-85.85303492582526, 41.24502870111739], [-85.85302931674462, 41.24513327882312], [-85.85302742309602, 41.24523423871322], [-85.85302703771876, 41.24525475717937], [-85.85303348941913, 41.245298757913396], [-85.85304547025007, 41.24533426229104], [-85.85305582333372, 41.24537129989152], [-85.85306615306118, 41.245409528941245], [-85.85308178284882, 41.245459726022375], [-85.85310106788131, 41.24552544727502], [-85.8531187637941, 41.24559174730915], [-85.85313431632662, 41.245646113030304], [-85.85314909001978, 41.2456998748685], [-85.85316466321355, 41.24575304971118], [-85.85317793761851, 41.24580262580582], [-85.8531947648604, 41.245873086219085], [-85.85320138364742, 41.245908921921554], [-85.85326191213126, 41.24611135179983], [-85.85328073722634, 41.246202471888736], [-85.85329296419567, 41.24623328087459], [-85.85330333973721, 41.246269127186345], [-85.8533159161512, 41.246313930995825], [-85.85333366686122, 41.24637725294939], [-85.85334844055437, 41.246431014861514], [-85.85335520576677, 41.24644895485124], [-85.85338197196899, 41.24649450623334], [-85.8533942573288, 41.24651831767706], [-85.85340088869224, 41.24652737107553], [-85.85343009831202, 41.24657430026919], [-85.8534373270551, 41.24658931968437], [-85.85345753196248, 41.246622770747], [-85.85347451281629, 41.24665154110568], [-85.85349379066228, 41.24668391010807], [-85.8535171369782, 41.246726683986935], [-85.85353910168521, 41.246767301213474], [-85.85355788096624, 41.24679906768186], [-85.85360578632371, 41.24688942088391], [-85.8536380241643, 41.24694596308198], [-85.85365773140501, 41.24698083774819], [-85.85366826415171, 41.246999890004055], [-85.85368148286112, 41.247027191158416], [-85.85369190870831, 41.247051960153065], [-85.853701994094, 41.247094951951425], [-85.85370293912167, 41.24710133331194], [-85.85370787626249, 41.24713468077332], [-85.85371120811388, 41.24715901475771], [-85.85371540414457, 41.24717733278185], [-85.85371506727634, 41.24719533402971], [-85.85371105001039, 41.24721929718702], [-85.85370805592555, 41.24722616483624], [-85.85370456686898, 41.24723542008659], [-85.85370208033227, 41.24724182574838], [-85.85370055139965, 41.24724752829981], [-85.85369902516199, 41.24725322882445], [-85.85369889221133, 41.24726037474215], [-85.85369784297907, 41.24726572269777], [-85.85369583704103, 41.247271777139545], [-85.8536923605609, 41.24728031576568], [-85.85368714584067, 41.247305991074036], [-85.8536768331812, 41.24735090696711], [-85.85366862976602, 41.24738441167311], [-85.8536461287648, 41.24742276584784], [-85.85362706920942, 41.24747973985004], [-85.85362023572505, 41.247541131689744], [-85.8536208977834, 41.247606892049156], [-85.85362591936585, 41.247656832811394], [-85.85362494110052, 41.24770904629978], [-85.85363793702771, 41.247773509023354], [-85.85363879581713, 41.24778003688205], [-85.8536511898731, 41.247809480792164], [-85.85367339712523, 41.24788762116683], [-85.85370667431664, 41.24798160521897], [-85.85373649838405, 41.248057684038706], [-85.853753855632, 41.24808869072007], [-85.85377805714407, 41.248128789061646], [-85.85379549703698, 41.24814658067081], [-85.85380556625299, 41.24816205494965], [-85.85383508399491, 41.24820382285419], [-85.85387736589873, 41.248272172732754], [-85.85388949315505, 41.248292765215105], [-85.85390490016047, 41.24831892506754], [-85.8539121127339, 41.24833829707584], [-85.85391267957085, 41.24834648570215], [-85.85391559729888, 41.24835314723398], [-85.85391814312442, 41.24837016679297], [-85.85392828779891, 41.24840994211788], [-85.85393540425258, 41.2484596911266], [-85.85394051386993, 41.248495586196924], [-85.85394126216656, 41.248500850976676], [-85.85394406131698, 41.24852839600024], [-85.85394435326945, 41.24853804820384], [-85.8539451258206, 41.24854734784505], [-85.8539467841106, 41.24855987186405], [-85.85394604389882, 41.24857415868493], [-85.85394520756728, 41.24859344686749], [-85.85394077977125, 41.248602335179974], [-85.85393971257268, 41.24860875624206], [-85.85393898583564, 41.248622327800035], [-85.85393977725138, 41.248630554888706], [-85.85394190266535, 41.2486434422587], [-85.85394407030014, 41.24865418724757], [-85.85394568816596, 41.2486688549751], [-85.85395303279174, 41.24870645599736], [-85.85396469202578, 41.24874124394783], [-85.85397182375084, 41.24876490733513], [-85.85397297539103, 41.248779211671625], [-85.85397104131822, 41.24879331676155], [-85.8539723214175, 41.24879773996689], [-85.8539731254097, 41.24882173900821], [-85.8539727032015, 41.24884425013199], [-85.85397498761726, 41.24887393400527], [-85.85397565596385, 41.24887730425531], [-85.85397931390368, 41.24889577916608], [-85.8539801322689, 41.2489025770728], [-85.85397994631764, 41.24891258178018], [-85.85397980528214, 41.24892005170852], [-85.8539843525541, 41.248933885932495], [-85.85398978376831, 41.24894341920577], [-85.85399875075149, 41.24897031700974], [-85.85400321807339, 41.248984659123636], [-85.85400803573826, 41.24900543779172], [-85.85401098041575, 41.24902512298175], [-85.85401256055235, 41.249041935693555], [-85.85400828996148, 41.249067619765256], [-85.85400333305775, 41.24910473224497], [-85.85400076297772, 41.24914079783655], [-85.85399580337902, 41.249156346849155], [-85.8539937201859, 41.24916287997281], [-85.85399107195244, 41.24917786029529], [-85.85398575572259, 41.24919950476146], [-85.85398409743257, 41.249204706672515], [-85.85397166564734, 41.24922854076741], [-85.85396777324722, 41.24923359679038], [-85.85395973871533, 41.24924113489712], [-85.85394921405344, 41.2492469791074], [-85.85394006381397, 41.24925267472984], [-85.85392691876643, 41.24925746126761], [-85.85390351226337, 41.24926006897488], [-85.8538939452056, 41.2492596178098], [-85.85376032529865, 41.2492533008228], [-85.8536669580013, 41.249249444306315], [-85.85356686411907, 41.24924682511689], [-85.85356145536277, 41.249246507004926], [-85.85352550209012, 41.24924469221324], [-85.85348672541258, 41.249242135160145], [-85.85346118720737, 41.24924043180883], [-85.853450604155, 41.249241143677274], [-85.85343368797989, 41.24924228307208], [-85.85343076935354, 41.249246538748615], [-85.85343128318986, 41.249251250993126], [-85.85343561756112, 41.249290904210284], [-85.85343379577772, 41.24934275978376], [-85.85343702522117, 41.24939733986128], [-85.85343649880842, 41.24940290309309], [-85.85344320383369, 41.24944178896954], [-85.85344530768809, 41.24948112125865], [-85.85345488732227, 41.24957628090508], [-85.85346898727899, 41.24968292478741], [-85.85347618098777, 41.24975375788489], [-85.85348841783858, 41.24980820726853], [-85.85349086934097, 41.24981818617239], [-85.85352063681454, 41.2498540089049], [-85.853519652261, 41.249859641663086], [-85.85351953817496, 41.249865716126244], [-85.85352087037653, 41.24987037699646], [-85.85352463791082, 41.24987148801386], [-85.85353031885668, 41.249871550149784], [-85.85353680559135, 41.24987346420647], [-85.85353785302698, 41.24987377488613], [-85.85354538090905, 41.24987635622852], [-85.85354865436994, 41.24987853503813], [-85.85355237519185, 41.24988214770154], [-85.8535565622394, 41.24988612304938], [-85.85356074928694, 41.24989009974773], [-85.85356828255891, 41.249892325158804], [-85.85358001186155, 41.24989816728468], [-85.85358829792176, 41.249910763311505], [-85.85359433999035, 41.24991690328271], [-85.8536003730758, 41.24992340121005], [-85.85360548718471, 41.249928457179294], [-85.85361103428158, 41.24993566291406], [-85.8536114816426, 41.24993607490185], [-85.85362425388931, 41.24994351972377], [-85.8536297955963, 41.24994515619316], [-85.85364063826178, 41.249947771977624], [-85.85365098595554, 41.24995145690392], [-85.85366135341225, 41.24995406931119], [-85.85367172086893, 41.24995668104295], [-85.85368066269926, 41.24995963587255], [-85.85369101129133, 41.249963320122774], [-85.85370797328054, 41.24996778985077], [-85.85371450043938, 41.249973219306945], [-85.853729036079, 41.24998088024923], [-85.85374453830586, 41.2499874781278], [-85.85375441887567, 41.24999079766621], [-85.85376234740637, 41.249997315847914], [-85.85376355204716, 41.249998513312974], [-85.85376722615668, 41.25000216311613], [-85.8537900918739, 41.250012193319904], [-85.85382796125303, 41.25003914403957], [-85.85383066697867, 41.25004057113606], [-85.8538390797013, 41.25004638015463], [-85.85384455403465, 41.25005095523754], [-85.85384514332947, 41.25005144624511], [-85.85384657883729, 41.25005274704369], [-85.85385072905392, 41.2500565089583], [-85.85386094918688, 41.25006698220859], [-85.85386691669534, 41.2500770522503], [-85.85387651699078, 41.250095380262586], [-85.85387832260449, 41.25009996682372], [-85.85387877625371, 41.25010112106209], [-85.85387954700822, 41.25010171810519], [-85.85388764442219, 41.25010800596847], [-85.85389741899081, 41.25011343608834], [-85.85390880064544, 41.25011609306475], [-85.85392250893669, 41.250117312140056], [-85.85393623878748, 41.25011745802387], [-85.85395469377669, 41.25011801319277], [-85.8539693641636, 41.250118527163], [-85.85398926993197, 41.250119224838805], [-85.85401058785197, 41.2501217561928], [-85.8540110540776, 41.25012248628713], [-85.85401285070819, 41.25012256530755], [-85.85401612955897, 41.25012438682874], [-85.85402033906439, 41.25012729032126], [-85.85402265312456, 41.25013017287668], [-85.85402354515163, 41.25013304192419], [-85.85402066515283, 41.25013515723877], [-85.85401350917329, 41.25013793916102], [-85.85400905532609, 41.250139795801985], [-85.8540068284025, 41.25014072716165], [-85.85400106660828, 41.25014495306261], [-85.85399579978578, 41.25014811320154], [-85.85399003080502, 41.250152695706625], [-85.85398807068107, 41.25015624824537], [-85.85398944959503, 41.25015840813478], [-85.85399037126652, 41.25015984671024], [-85.85399034431705, 41.25016127718104], [-85.85399209423521, 41.250162636060736], [-85.85399098391753, 41.25016550578221], [-85.85398636927191, 41.25017123982166], [-85.85396432371653, 41.25018530003545], [-85.85394524080495, 41.25019295690052], [-85.85393092884586, 41.250198522090784], [-85.85392124770203, 41.2502098537352], [-85.85390877818757, 41.25021829674781], [-85.85389621524831, 41.250231743024905], [-85.85389176319777, 41.25023699010466], [-85.85385654923863, 41.25025590633376], [-85.85381286955625, 41.25031261716652], [-85.85378292421626, 41.25039448875192], [-85.85378158392987, 41.25046594580849], [-85.85378024364347, 41.25053740413765], [-85.85379784074155, 41.2506090629774], [-85.8538201719612, 41.25068077509372], [-85.85383816970794, 41.250730995140536], [-85.85385156808039, 41.25077402098871], [-85.85388377178501, 41.25082439495063], [-85.8539225978699, 41.250854539209], [-85.85393977725138, 41.2508678772943], [-85.85401925300123, 41.250922329126325], [-85.8541083317414, 41.25096973603328], [-85.85420194517717, 41.251027913168684], [-85.8542908900684, 41.251082466849425], [-85.85434243000951, 41.25111160602676], [-85.85441297470877, 41.25113737303165], [-85.85450725738943, 41.25115982189826], [-85.85462507593051, 41.251189668160656], [-85.85467221772, 41.25120089089752], [-85.85474776423877, 41.251212416876584], [-85.8548234446065, 41.25121680007092], [-85.8549598663588, 41.25126471194552], [-85.85503014425842, 41.25130477119219], [-85.85510475383434, 41.25136631815091], [-85.85516015922612, 41.2514419547115], [-85.85521556371958, 41.25151758983375], [-85.85527090263602, 41.251596800291516]]]}, "properties": {"id": "winona-lake-kosciusko", "name": "Winona Lake", "county": "Kosciusko", "county2": null, "acres": 562, "max_depth_ft": 79, "survey_date": "2017-08-03", "contour_interval_ft": 10, "has_contours": true, "pdf_url": "https://www.in.gov/dnr/fish-and-wildlife/files/depth/fw-Winona_Lake_Bathymetric_Kosciusko_County_August_2017.pdf", "bbox": [-85.862228, 41.242127, -85.852661, 41.252028], "source": "Indiana DNR Fish & Wildlife bathymetry PDF (raster digitized)", "source_url": "https://www.in.gov/dnr/fish-and-wildlife/fishing/lake-depth-maps/", "precision_note": "Shoreline confirmed vs nhd_near:unnamed_390_219ac (IoU=0.997); Kept existing contour depths (pdf_label); Acre mismatch 218.6 vs PDF 562; Acre mismatch retained with honest note (NHD/OSM vs PDF survey footprint)", "note": null, "needs_review": true, "review_notes": "Georef IoU=0.997 OK. Acre mismatch shoreline 218.5 vs PDF 562 (ratio=0.39). Shoreline georef IoU OK vs OSM/NHD, but shoreline acres differ >10% from PDF survey acres (often OSM/NHD includes marsh/wetland or a dual-basin neighbor). Depths retained; needs_review kept.", "min_contour_ft": 0, "max_contour_ft": 70, "data_quality": "needs_review", "contour_method": "traced_from_pdf", "georef_method": "nhd", "depth_assignment": "pdf_label", "review_priority": "medium", "line_style": "solid", "shore_iou": 0.997}}, {"type": "Feature", "geometry": {"type": "Polygon", "coordinates": [[[-85.6659217, 41.57964509999999], [-85.66583929999999, 41.579180099999995], [-85.66563970000001, 41.5788059], [-85.6651506, 41.5782637], [-85.6648319, 41.5777771], [-85.66482329999998, 41.57762889999999], [-85.66488029999998, 41.577464299999995], [-85.66515709999999, 41.5772204], [-85.6653816, 41.576878399999984], [-85.6654372, 41.5766585], [-85.6651897, 41.5763485], [-85.6648366, 41.57607409999999], [-85.66443989999999, 41.575839099999996], [-85.6640114, 41.575930299999996], [-85.66365719999999, 41.576096699999994], [-85.6634645, 41.576620299999995], [-85.6632883, 41.5768535], [-85.66278739999998, 41.5770387], [-85.6626499, 41.5772729], [-85.662497, 41.5773657], [-85.66256430000001, 41.5774973], [-85.6626392, 41.5777669], [-85.66280529999999, 41.578057699999995], [-85.66318509999999, 41.57842599999999], [-85.66360999999999, 41.579031300000004], [-85.6636863, 41.5793294], [-85.66365939999999, 41.57951829999999], [-85.6635024, 41.579637999999996], [-85.6633295, 41.57964019999999], [-85.6632008, 41.57958899999999], [-85.6630722, 41.579397099999994], [-85.6628005, 41.57958099999999], [-85.66212249999998, 41.57938889999999], [-85.6617803, 41.5795516], [-85.6615955, 41.5797078], [-85.6613102, 41.5798248], [-85.6611391, 41.58014469999999], [-85.66106409999999, 41.5804581], [-85.661254, 41.58083799999999], [-85.66146249999998, 41.5810344], [-85.6621166, 41.581364900000004], [-85.6623031, 41.5814824], [-85.6624837, 41.58183869999999], [-85.66254620000001, 41.5820567], [-85.66264799999999, 41.5820198], [-85.6626549, 41.5818109], [-85.66288279999999, 41.5817111], [-85.66399799999999, 41.58173169999999], [-85.6645587, 41.5813762], [-85.66491839999999, 41.58102079999999], [-85.66507859999999, 41.5806759], [-85.6657856, 41.58007729999999], [-85.6659217, 41.57964509999999]]]}, "properties": {"id": "fish-lake-elkhart", "name": "Fish Lake", "county": "Elkhart", "county2": null, "acres": 34.0, "max_depth_ft": 33, "survey_date": "2023-08-08", "contour_interval_ft": 5, "has_contours": true, "pdf_url": "https://www.in.gov/dnr/fish-and-wildlife/files/depth/fw-Fish_Lake_Bathymetric_Elkhart_County_August_2023.pdf", "bbox": [-85.666026, 41.575839, -85.325026, 41.627041], "source": "Indiana DNR Fish & Wildlife Lake Depth Maps (PDF digitized)", "source_url": "https://www.in.gov/dnr/fish-and-wildlife/files/depth/fw-Fish_Lake_Bathymetric_Elkhart_County_August_2023.pdf", "precision_note": "Shoreline confirmed vs osm:way/1280080356 (IoU=0.999); Kept existing contour depths (distance_from_shore_bins); Acre mismatch 63.8 vs PDF 34.0", "note": null, "needs_review": true, "review_notes": "Georef IoU=0.999 OK. Acre mismatch shoreline 63.8 vs PDF 34.0 (ratio=1.88). Shoreline georef IoU OK vs OSM/NHD, but shoreline acres differ >10% from PDF survey acres (often OSM/NHD includes marsh/wetland or a dual-basin neighbor). Depths retained; needs_review kept.", "min_contour_ft": 0, "max_contour_ft": 30, "data_quality": "needs_review", "contour_method": "traced_from_pdf", "georef_method": "osm", "depth_assignment": "distance_from_shore_bins", "review_priority": "low", "line_style": "solid", "shore_iou": 0.999}}, {"type": "Feature", "geometry": {"type": "Polygon", "coordinates": [[[-85.91366479999999, 41.73582179999999], [-85.91292659999999, 41.7351989], [-85.91269060000002, 41.734926699999995], [-85.9111671, 41.7345745], [-85.9110813, 41.7343183], [-85.91083240000002, 41.73396439999999], [-85.9104161, 41.7337578], [-85.91018009999999, 41.73332549999999], [-85.90971659999998, 41.7330356], [-85.9089355, 41.732813099999994], [-85.9083991, 41.7325729], [-85.90786259999999, 41.73252480000001], [-85.90698289999999, 41.73252480000001], [-85.906649, 41.73243970000001], [-85.90653149999999, 41.732385099999995], [-85.9064662, 41.7322979], [-85.90637229999999, 41.7322712], [-85.9054098, 41.7322397], [-85.9052428, 41.7322906], [-85.905064, 41.732294499999995], [-85.90483759999998, 41.7322118], [-85.9048297, 41.7321562], [-85.904908, 41.73210950000001], [-85.9047813, 41.731754599999995], [-85.90406299999998, 41.731503], [-85.90333509999999, 41.7314039], [-85.9032305, 41.7316982], [-85.90299759999999, 41.73173049999999], [-85.90273529999999, 41.73168119999999], [-85.90212, 41.7311357], [-85.90114639999999, 41.7312918], [-85.90073869999999, 41.73154799999999], [-85.90003919999998, 41.732427099999995], [-85.9000821, 41.7328915], [-85.90076009999999, 41.73345359999999], [-85.9023351, 41.73415649999999], [-85.90259259999999, 41.7341725], [-85.9035797, 41.734540800000005], [-85.9039015, 41.734765], [-85.90422339999999, 41.7348291], [-85.90463109999999, 41.735149299999996], [-85.9054894, 41.735373499999994], [-85.90563099999999, 41.7355992], [-85.90692709999999, 41.73603], [-85.90714159999999, 41.7362061], [-85.90846339999999, 41.736544], [-85.9087295, 41.73651029999999], [-85.9090514, 41.7366384], [-85.9090728, 41.73683059999999], [-85.9092445, 41.73683059999999], [-85.9096951, 41.736670499999995], [-85.91117569999999, 41.73694269999999], [-85.9116821, 41.7368802], [-85.9124631, 41.7366865], [-85.91366479999999, 41.73582179999999]]]}, "properties": {"id": "heaton-lake-elkhart", "name": "Heaton Lake", "county": "Elkhart", "county2": null, "acres": 87.0, "max_depth_ft": 26, "survey_date": "2010-07-26", "contour_interval_ft": 5, "has_contours": true, "pdf_url": "https://www.in.gov/dnr/fish-and-wildlife/files/depth/fw-Heaton_Lake_Bathymetry_Elkhart_County_July_2010.pdf", "bbox": [-85.913665, 41.731136, -85.900039, 41.736943], "source": "Indiana DNR Fish & Wildlife Lake Depth Maps (PDF digitized)", "source_url": "https://www.in.gov/dnr/fish-and-wildlife/files/depth/fw-Heaton_Lake_Bathymetry_Elkhart_County_July_2010.pdf", "precision_note": "Shoreline confirmed vs osm:way/259723453 (IoU=0.999); Kept existing contour depths (distance_from_shore_bins); Acre mismatch 157.7 vs PDF 87.0", "note": null, "needs_review": true, "review_notes": "Georef IoU=0.999 OK. Acre mismatch shoreline 157.7 vs PDF 87.0 (ratio=1.81). Shoreline georef IoU OK vs OSM/NHD, but shoreline acres differ >10% from PDF survey acres (often OSM/NHD includes marsh/wetland or a dual-basin neighbor). Depths retained; needs_review kept.", "min_contour_ft": 0, "max_contour_ft": 25, "data_quality": "needs_review", "contour_method": "traced_from_pdf", "georef_method": "osm", "depth_assignment": "distance_from_shore_bins", "review_priority": "medium", "line_style": "solid", "shore_iou": 0.999}}, {"type": "Feature", "geometry": {"type": "Polygon", "coordinates": [[[-86.00303260261134, 41.74849231514008], [-86.00273921014461, 41.748536530921044], [-86.0023387618522, 41.7486677632708], [-86.00200072491245, 41.7488731530749], [-86.00175367563291, 41.74908136378217], [-86.00150667126913, 41.749295769832834], [-86.00140820064263, 41.74944780499807], [-86.00120640579215, 41.74960943168945], [-86.00107893215839, 41.74974916598081], [-86.00103995515654, 41.749779296706734], [-86.00093516128875, 41.74981533520244], [-86.00088245802935, 41.74977260679947], [-86.00084863825553, 41.74969409986119], [-86.00085772022305, 41.749604730914726], [-86.00085253963881, 41.7495261332942], [-86.00074261459413, 41.74949072395402], [-86.0005615519621, 41.74954127511401], [-86.00037586480296, 41.74962042428954], [-86.00026185511867, 41.74972081930696], [-86.0001616112178, 41.74971395983354], [-86.00009982599089, 41.749760588153435], [-86.00004809560693, 41.749907251939796], [-86.00002986968813, 41.75007525168946], [-86.00000188806536, 41.75020039889572], [-86.00004519494688, 41.75026816069846], [-86.00014627787424, 41.750439399202925], [-86.00024257367943, 41.7506034870105], [-86.00026702582146, 41.750717764091036], [-86.00032474437509, 41.75080692976188], [-86.0004253197543, 41.75087811021129], [-86.00057345104635, 41.75091698096286], [-86.00080738761768, 41.75094132007305], [-86.00095065632908, 41.75096233974929], [-86.00111768727638, 41.75096543131123], [-86.00123205898174, 41.75093650680482], [-86.00131780407392, 41.75090767410073], [-86.00156601667175, 41.75092123998946], [-86.00178558828338, 41.75093489568014], [-86.00220559200122, 41.7509515390518], [-86.00260180204212, 41.75097896166797], [-86.00293107681456, 41.750981576727895], [-86.00314099602846, 41.75097381532083], [-86.00327403742035, 41.750866223798795], [-86.003435311065, 41.75067994407303], [-86.00358226376738, 41.75049369597579], [-86.00366288486919, 41.75039697481167], [-86.00359532796656, 41.750254234778566], [-86.00354744237202, 41.7502222217051], [-86.00356626297555, 41.75017213016347], [-86.003776072595, 41.75014293119059], [-86.00386207280872, 41.7501641186765], [-86.00407685280663, 41.75017420776159], [-86.00436808662174, 41.75020194167919], [-86.0046831275885, 41.75022245828299], [-86.0048647516676, 41.75027909688969], [-86.00512327243334, 41.75043913916913], [-86.00522950719882, 41.75067823509448], [-86.00521181128606, 41.75094271874896], [-86.00513180014032, 41.75115378576442], [-86.00508943109993, 41.75126468213985], [-86.00492726183496, 41.751279458300736], [-86.00486546313331, 41.75132251475954], [-86.00482747337993, 41.75135836406816], [-86.0048468554305, 41.75141548018109], [-86.00492349160571, 41.75146885128074], [-86.00509049470523, 41.75146836003926], [-86.00521450443526, 41.75145727326025], [-86.00535785219842, 41.75149258702042], [-86.00543932310647, 41.751560244921905], [-86.00558765831607, 41.7516348457931], [-86.00575493540177, 41.751684379276085], [-86.00602692999844, 41.75168357975473], [-86.0062415482996, 41.75166150411509], [-86.00651335874164, 41.75162853070857], [-86.00675179856749, 41.75159924728549], [-86.00707140656917, 41.75157685998397], [-86.0073908178398, 41.75151873673574], [-86.00758139722396, 41.751464576876344], [-86.00780046488072, 41.75138173795134], [-86.00803405380405, 41.751338164152685], [-86.00832947107344, 41.7512550958624], [-86.00867259157937, 41.75116831331305], [-86.00889173469461, 41.751099771697014], [-86.00915365738031, 41.75100250524589], [-86.00946794915214, 41.750880077205906], [-86.00963439529619, 41.75077237427578], [-86.00989602063953, 41.75061794431391], [-86.00998608662823, 41.75050689602856], [-86.01016671267905, 41.7503741447649], [-86.01036635786106, 41.75023061184347], [-86.01054633263327, 41.7499763658353], [-86.01066463716293, 41.74979019008861], [-86.01077820038451, 41.74961118694014], [-86.01085395800737, 41.74950018516758], [-86.0109199985538, 41.749357057104376], [-86.01093356221628, 41.74921765303972], [-86.01091832858569, 41.74904617000258], [-86.01090735835945, 41.74877820283821], [-86.01086286660005, 41.748488891034654], [-86.0109093481278, 41.74825648707409], [-86.01084143728893, 41.74804942981256], [-86.01070672862387, 41.74784258233142], [-86.0105003433823, 41.74761807792088], [-86.01041400360542, 41.747532573927], [-86.0100836499563, 41.74732273893859], [-86.00988738603303, 41.747205396912506], [-86.00966263563377, 41.74711315794976], [-86.00945243794213, 41.74706733331785], [-86.00918035531058, 41.747046703107735], [-86.00878899976547, 41.74703000376515], [-86.00857912636563, 41.74704492432904], [-86.00818336458407, 41.74709613222483], [-86.00786875211368, 41.7471542346791], [-86.00757335460722, 41.747237302914186], [-86.00728748822594, 41.747320336190164], [-86.00704921728334, 41.74737821994912], [-86.00684428102431, 41.74742170126424], [-86.00663406985794, 41.747372295185386], [-86.00638559495204, 41.74730514022871], [-86.00619016017377, 41.74734502383923], [-86.00598549969754, 41.747442110851004], [-86.00579065870568, 41.74759276305104], [-86.00557654256275, 41.74770774788026], [-86.00539551765996, 41.74776545569281], [-86.00519030831309, 41.74775890967257], [-86.00488958200037, 41.74773836212154], [-86.0047751725658, 41.74775656524949], [-86.00446541908278, 41.74783251030559], [-86.00426560411917, 41.74794744577965], [-86.0041855022436, 41.74814065205569], [-86.0040241899714, 41.748316209051644], [-86.00381017443982, 41.74845262794386], [-86.00366718330784, 41.748481633994736], [-86.00342396264801, 41.74850735868286], [-86.00325690834453, 41.748500708185425], [-86.00303260261134, 41.74849231514008]]]}, "properties": {"id": "simonton-lake-elkhart", "name": "Simonton Lake", "county": "Elkhart", "county2": null, "acres": 303.0, "max_depth_ft": 24, "survey_date": "2009-07-01", "contour_interval_ft": 5, "has_contours": true, "pdf_url": "https://www.in.gov/dnr/fish-and-wildlife/files/depth/fw-Simonton_Lake_Bathymetry_Elkhart_County_July_2009.pdf", "bbox": [-86.011011, 41.746863, -86.000002, 41.751737], "source": "Indiana DNR Fish & Wildlife Lake Depth Maps (PDF digitized)", "source_url": "https://www.in.gov/dnr/fish-and-wildlife/files/depth/fw-Simonton_Lake_Bathymetry_Elkhart_County_July_2009.pdf", "precision_note": "Shoreline confirmed vs nhd_near:Boot Lake (IoU=0.998); Kept existing contour depths (pdf_label); Acre mismatch 130.3 vs PDF 303.0; Acre mismatch retained with honest note (NHD/OSM vs PDF survey footprint)", "note": null, "needs_review": true, "review_notes": "Georef IoU=0.998 OK. Acre mismatch shoreline 130.2 vs PDF 303.0 (ratio=0.43). Shoreline georef IoU OK vs OSM/NHD, but shoreline acres differ >10% from PDF survey acres (often OSM/NHD includes marsh/wetland or a dual-basin neighbor). Depths retained; needs_review kept.", "min_contour_ft": 0, "max_contour_ft": 20, "data_quality": "needs_review", "contour_method": "traced_from_pdf", "georef_method": "nhd", "depth_assignment": "pdf_label", "review_priority": "medium", "line_style": "solid", "shore_iou": 0.998}}, {"type": "Feature", "geometry": {"type": "Point", "coordinates": [-85.806598, 41.573549]}, "properties": {"id": "fidler's-pond-elkhart", "name": "Fidler's Pond", "county": "Elkhart", "county2": null, "acres": 132.6, "max_depth_ft": 70, "survey_date": "2014-08-25", "contour_interval_ft": 10, "has_contours": true, "pdf_url": "https://www.in.gov/dnr/fish-and-wildlife/files/depth/fw-Fidlers_Pond_Bathymetry_Elkhart_County_c_August_2014.pdf", "bbox": [-85.810702, 41.570201, -85.802494, 41.576897], "source": "Indiana DNR Fish & Wildlife Lake Depth Maps (PDF digitized)", "source_url": "https://www.in.gov/dnr/fish-and-wildlife/files/depth/fw-Fidlers_Pond_Bathymetry_Elkhart_County_c_August_2014.pdf", "precision_note": "Digitized from DNR PDF; interval 10 ft; shoreline IoU vs OSM=0.872. Structure/relative depth only \u2014 not navigation-grade. contour_method=traced_from_pdf; georef=osm; Depth labels on traced lines were assigned by distance-from-shore binning to survey intervals (not OCR of each label); occasional band swaps possible in multi-basin lakes.", "note": null, "needs_review": false, "review_notes": "Depth labels on traced lines were assigned by distance-from-shore binning to survey intervals (not OCR of each label); occasional band swaps possible in multi-basin lakes.", "min_contour_ft": 0, "max_contour_ft": 70, "data_quality": "pdf_digitized", "contour_method": "traced_from_pdf", "georef_method": "osm", "depth_assignment": "distance_from_shore_bins", "review_priority": null, "line_style": "solid", "shore_iou": 0.872}}, {"type": "Feature", "geometry": {"type": "Point", "coordinates": [-85.832885, 41.760172]}, "properties": {"id": "indiana-lake-elkhart", "name": "Indiana Lake", "county": "Elkhart", "county2": null, "acres": 221.4, "max_depth_ft": 69, "survey_date": "2014-07-30", "contour_interval_ft": 5, "has_contours": true, "pdf_url": "https://www.in.gov/dnr/fish-and-wildlife/files/depth/fw-Indiana_Lake_Bathymetry_Elkhart_County_c_July_2014.pdf", "bbox": [-85.836772, 41.754619, -85.828997, 41.765725], "source": "Indiana DNR Fish & Wildlife Lake Depth Maps (PDF digitized)", "source_url": "https://www.in.gov/dnr/fish-and-wildlife/files/depth/fw-Indiana_Lake_Bathymetry_Elkhart_County_c_July_2014.pdf", "precision_note": "Digitized from DNR PDF; interval 5 ft; shoreline IoU vs OSM=0.809. Structure/relative depth only \u2014 not navigation-grade. contour_method=traced_from_pdf; georef=osm; Depth labels on traced lines were assigned by distance-from-shore binning to survey intervals (not OCR of each label); occasional band swaps possible in multi-basin lakes.", "note": null, "needs_review": false, "review_notes": "Depth labels on traced lines were assigned by distance-from-shore binning to survey intervals (not OCR of each label); occasional band swaps possible in multi-basin lakes.", "min_contour_ft": 0, "max_contour_ft": 60, "data_quality": "pdf_digitized", "contour_method": "traced_from_pdf", "georef_method": "osm", "depth_assignment": "distance_from_shore_bins", "review_priority": null, "line_style": "solid", "shore_iou": 0.809}}, {"type": "Feature", "geometry": {"type": "Point", "coordinates": [-85.170117, 41.463967]}, "properties": {"id": "indian-lake-dekalb", "name": "Indian Lake", "county": "DeKalb", "county2": null, "acres": 101.0, "max_depth_ft": 50, "survey_date": "2014-08-18", "contour_interval_ft": 5, "has_contours": true, "pdf_url": "https://www.in.gov/dnr/fish-and-wildlife/files/depth/fw-Indian_Lake_Bathymetry_DeKalb_County_c_August_2014.pdf", "bbox": [-85.174071, 41.460453, -85.166163, 41.467482], "source": "Indiana DNR Fish & Wildlife bathymetry PDF (raster digitized)", "source_url": "https://www.in.gov/dnr/fish-and-wildlife/fishing/lake-depth-maps/", "precision_note": "Raster-digitized from DNR PDF (cbiobase_ramp). Yellow/dark contour strokes color-extracted, georeferenced to OSM shoreline (way/702471901) via similarity+search. Depths assigned by distance-from-shore clustering into labeled intervals [5, 10, 15, 20, 25, 30, 35, 40, 45, 50] (max labeled/legend 50 ft). Horizontal fit IoU=0.79; suitable for structure/relative depth while trolling \u2014 not navigation-grade. contour_method=traced_from_pdf; georef=osm; Depth labels on traced lines were assigned by distance-from-shore binning to survey intervals (not OCR of each label); occasional band swaps possible in multi-basin lakes.", "note": null, "needs_review": false, "min_contour_ft": 0, "max_contour_ft": 50, "data_quality": "pdf_digitized", "review_notes": "Depth labels on traced lines were assigned by distance-from-shore binning to survey intervals (not OCR of each label); occasional band swaps possible in multi-basin lakes.", "contour_method": "traced_from_pdf", "georef_method": "osm", "depth_assignment": "distance_from_shore_bins", "review_priority": null, "line_style": "solid", "shore_iou": 0.787}}, {"type": "Feature", "geometry": {"type": "Point", "coordinates": [-85.439002, 41.248633]}, "properties": {"id": "little-cedar-lake-whitley", "name": "Little Cedar Lake", "county": "Whitley", "county2": null, "acres": 82.5, "max_depth_ft": 59, "survey_date": "2012-08-24", "contour_interval_ft": 10, "has_contours": true, "pdf_url": "https://www.in.gov/dnr/fish-and-wildlife/files/depth/fw-Little_Cedar_Lake_Bathymetry_Whitley_County_c_August_2012.pdf", "bbox": [-85.443843, 41.246651, -85.434161, 41.250615], "source": "Indiana DNR Fish & Wildlife bathymetry PDF (raster digitized)", "source_url": "https://www.in.gov/dnr/fish-and-wildlife/fishing/lake-depth-maps/", "precision_note": "Raster-digitized from DNR PDF (cbiobase_ramp). Yellow/dark contour strokes color-extracted, georeferenced to OSM shoreline (relation/11905678) via similarity+search. Depths assigned by distance-from-shore clustering into labeled intervals [10, 20, 30, 40, 50] (max labeled/legend 59 ft). Horizontal fit IoU=0.72; suitable for structure/relative depth while trolling \u2014 not navigation-grade. contour_method=traced_from_pdf; georef=osm; Depth labels on traced lines were assigned by distance-from-shore binning to survey intervals (not OCR of each label); occasional band swaps possible in multi-basin lakes.", "note": null, "needs_review": false, "review_notes": "Shoreline IoU=0.72; visual QA recommended before trusting absolute positions; Shoreline IoU=0.72; absolute positions approximate; Depth labels on traced lines were assigned by distance-from-shore binning to survey intervals (not OCR of each label); occasional band swaps possible in multi-basin lakes.", "min_contour_ft": 0, "max_contour_ft": 50, "data_quality": "pdf_digitized", "contour_method": "traced_from_pdf", "georef_method": "osm", "depth_assignment": "distance_from_shore_bins", "review_priority": null, "line_style": "solid", "shore_iou": 0.719}}, {"type": "Feature", "geometry": {"type": "Polygon", "coordinates": [[[-85.5578635, 41.27110890000001], [-85.5577701, 41.2708141], [-85.55752719999998, 41.27066670000001], [-85.55727509999997, 41.2702665], [-85.5562757, 41.270091], [-85.55594879999997, 41.26990149999999], [-85.5554257, 41.269873399999994], [-85.55480929999999, 41.26990149999999], [-85.5541835, 41.26976109999998], [-85.5535671, 41.26976109999998], [-85.5527078, 41.26969089999999], [-85.5515403, 41.269529399999996], [-85.55123209999996, 41.2698453], [-85.55076509999998, 41.2699998], [-85.5503915, 41.2702665], [-85.5503448, 41.27070179999999], [-85.5507277, 41.270954499999995], [-85.5515123, 41.27117909999999], [-85.55211939999997, 41.2714599], [-85.5524276, 41.271789800000015], [-85.5525677, 41.2722461], [-85.5528199, 41.2724918], [-85.5530721, 41.2724918], [-85.5540434, 41.2722882], [-85.5541088, 41.27210569999999], [-85.5544731, 41.2717688], [-85.5549401, 41.2714739], [-85.55533229999998, 41.271368599999995], [-85.55564059999998, 41.271368599999995], [-85.55640639999999, 41.2716073], [-85.5569575, 41.2717407], [-85.55741519999998, 41.2716284], [-85.557658, 41.27142479999999], [-85.5578635, 41.27110890000001]]]}, "properties": {"id": "old-lake-whitley", "name": "Old Lake", "county": "Whitley", "county2": null, "acres": 52.6, "max_depth_ft": 40, "survey_date": "2015-06-01", "contour_interval_ft": 5, "has_contours": true, "pdf_url": "https://www.in.gov/dnr/fish-and-wildlife/files/depth/fw-Old_Lake_Bathymetric_Whitley_County_c_June_2015.pdf", "bbox": [-85.557863, 41.269529, -85.550069, 41.272552], "source": "Indiana DNR Fish & Wildlife bathymetry PDF (raster digitized)", "source_url": "https://www.in.gov/dnr/fish-and-wildlife/fishing/lake-depth-maps/", "precision_note": "Georef shoreline IoU=0.995; shore acres 52.6 within 10% of map/PDF acres 52.6; Intervals from map header/legend: [5, 10, 15, 20, 25, 30, 35] (interval=5', max=40'); White/print labels assigned by nested ring order onto confirmed survey intervals (OCR sparse on this render)", "note": null, "needs_review": false, "review_notes": null, "min_contour_ft": 0, "max_contour_ft": 40, "data_quality": "ok", "contour_method": "traced_from_pdf", "georef_method": "osm", "depth_assignment": "hand_visual_confirmed_intervals", "review_priority": null, "line_style": "solid", "shore_iou": 0.995}}, {"type": "Feature", "geometry": {"type": "Polygon", "coordinates": [[[-85.48724069329846, 41.270631037969245], [-85.48748717035116, 41.27067543211802], [-85.48794922420745, 41.270684694848846], [-85.48893000303802, 41.27045052269874], [-85.48925075639168, 41.27055692994834], [-85.48924155764318, 41.27051963925683], [-85.4888397412166, 41.27031377070605], [-85.48882329575868, 41.27026798881724], [-85.48888759986167, 41.270168821059194], [-85.488894666908, 41.270086014826084], [-85.48874701082475, 41.269977240293855], [-85.48874546033257, 41.26993719587481], [-85.48878215920686, 41.269901951985425], [-85.4887708584006, 41.26987975802777], [-85.48863463337935, 41.2697554187908], [-85.48851855577327, 41.269698541187786], [-85.48845748919857, 41.269612885071595], [-85.48856063286118, 41.26942277391039], [-85.48861961624273, 41.26938642716008], [-85.48877675224718, 41.269209453198926], [-85.48876999871288, 41.26912359523404], [-85.48872352796492, 41.26906101103235], [-85.48864323115494, 41.269038934947474], [-85.48855134967103, 41.26907768489931], [-85.48848492823893, 41.269212081040536], [-85.48829276242998, 41.269479096749244], [-85.48813689843998, 41.26959600068312], [-85.48796030941804, 41.26964601781026], [-85.48762827502107, 41.269691920318294], [-85.48756974259376, 41.26972790297369], [-85.48751152367852, 41.269811573221816], [-85.48732522117344, 41.269793158916535], [-85.48709467843722, 41.26966450980343], [-85.48674543142108, 41.26943191528505], [-85.4865547271711, 41.26927584803012], [-85.48638521867025, 41.26918296816814], [-85.48616595607905, 41.26895503414347], [-85.48603643967634, 41.26877599224091], [-85.48596954303545, 41.26861878301091], [-85.48568125299953, 41.26832127919702], [-85.48553903621531, 41.26824878700996], [-85.4852632192871, 41.26816491287384], [-85.48516140602945, 41.26809298228136], [-85.48476261782369, 41.26792449280243], [-85.48443995824498, 41.26774181411666], [-85.48434873612452, 41.267650017129576], [-85.48423149520013, 41.26758930791658], [-85.48405800536595, 41.2675564030296], [-85.48370937279745, 41.267558230141525], [-85.4836459822811, 41.26751637130513], [-85.48366282389607, 41.267449269091486], [-85.48369740903449, 41.2674275111603], [-85.48412914474994, 41.26733249905665], [-85.48419563625063, 41.267299118016965], [-85.4842879444343, 41.26713935495535], [-85.48433556592413, 41.26694752424907], [-85.48433752335313, 41.26655684900716], [-85.48438156595488, 41.2663563926793], [-85.484371041293, 41.266166613698196], [-85.48431387969485, 41.266024785855635], [-85.48417763221572, 41.26544922887944], [-85.48409327681728, 41.265283199197874], [-85.48411874495388, 41.26517110667524], [-85.48418296461524, 41.26512721183219], [-85.48420037755871, 41.26508647772631], [-85.48417570892269, 41.26506231180051], [-85.48407872680463, 41.26505143513905], [-85.48404583139722, 41.265053836269594], [-85.48401684725458, 41.26510298582574], [-85.48397644732131, 41.26510242605753], [-85.48394466582488, 41.26505910174061], [-85.4839565101119, 41.26498779569441], [-85.48410215756216, 41.26491930327442], [-85.48444626082501, 41.26489549516142], [-85.48455810556946, 41.26486655525029], [-85.48460221734149, 41.26481856827255], [-85.4846120691652, 41.2647253181172], [-85.4846654290931, 41.26460884774343], [-85.48475351699153, 41.26457004922313], [-85.48483615481115, 41.26449591474078], [-85.48490975198574, 41.26432636192845], [-85.48488580200197, 41.26396201028449], [-85.48511467477005, 41.263212490966836], [-85.48510490918459, 41.26309502729745], [-85.48527343672515, 41.2630397131836], [-85.48546608403109, 41.26290802426766], [-85.485535203104, 41.26281845625972], [-85.4855581182286, 41.26270727988258], [-85.48548754298659, 41.262597665865435], [-85.4853401429232, 41.26247936309222], [-85.4849838863529, 41.262277158823004], [-85.48490902794362, 41.262291367014676], [-85.48449689795926, 41.262257056262484], [-85.48409451918731, 41.26209115689379], [-85.4839798393598, 41.26214002709486], [-85.48392420310103, 41.26213619429808], [-85.48391491182603, 41.26210769073518], [-85.48398962021663, 41.262071348691244], [-85.48401713291884, 41.26202356426473], [-85.4840116585855, 41.26191568183248], [-85.48397255402287, 41.261815743063806], [-85.48377738604425, 41.261592067229905], [-85.4835322178369, 41.26142427608818], [-85.48319314064805, 41.261292677102205], [-85.48284780938826, 41.26105726590168], [-85.48268223820327, 41.26101112908028], [-85.48244621933709, 41.260902070669744], [-85.48201955011986, 41.260791313753955], [-85.48154227341277, 41.26073607399523], [-85.48137996580725, 41.26073512590464], [-85.48128940574513, 41.26075887881116], [-85.48117755920406, 41.26065249881148], [-85.48098687561533, 41.260606962702894], [-85.48093479758334, 41.26057407725691], [-85.48092043711522, 41.260451187684986], [-85.48086738890277, 41.260361111871745], [-85.48099410435842, 41.260246737221536], [-85.48119438644596, 41.2601256439658], [-85.48128813373069, 41.26000366180949], [-85.4812912077656, 41.259910198816165], [-85.48138348720316, 41.25984835332671], [-85.48142428598842, 41.25976136882713], [-85.4814388261196, 41.259618632313966], [-85.48155507710052, 41.25922180519189], [-85.48149036067083, 41.259189339081395], [-85.48149124371476, 41.25912085881268], [-85.48165294944906, 41.25899565496755], [-85.48179800131629, 41.258808871826545], [-85.48204737274085, 41.258713475767955], [-85.48213026208873, 41.258583598738234], [-85.4821325752506, 41.2584889350527], [-85.48232610021056, 41.25825637095647], [-85.48224411277121, 41.257961608947525], [-85.48206593193461, 41.257824528935444], [-85.48206180417591, 41.25773513291253], [-85.48203282542313, 41.25769363582298], [-85.4818051258548, 41.25751596228758], [-85.48148122210944, 41.25739948580899], [-85.48123403089608, 41.257341252219], [-85.48100418525254, 41.25715461291606], [-85.48083915215844, 41.25709335301747], [-85.48074319322147, 41.2569830252221], [-85.48049364123554, 41.25679551508478], [-85.48033739456322, 41.25679453114508], [-85.48023449973395, 41.2567097171082], [-85.48022467665632, 41.25665955095589], [-85.48017624129282, 41.256639221784454], [-85.48004531633173, 41.256635610845365], [-85.47978538790596, 41.25654980117828], [-85.47965405241483, 41.25653069768156], [-85.47925717043407, 41.256526360090284], [-85.47904965870514, 41.25655622483586], [-85.47870468317815, 41.256720562068374], [-85.47825492815642, 41.257038287739284], [-85.47815034718937, 41.25708685917987], [-85.47796835659763, 41.257105761945134], [-85.4777660946232, 41.25698561101083], [-85.4775269056024, 41.257019796222274], [-85.47710733038096, 41.25697522868689], [-85.47636391699116, 41.257146744142574], [-85.47582092223284, 41.257333203159355], [-85.47538309234653, 41.25765299027305], [-85.47528105989991, 41.25777770911909], [-85.47534018162202, 41.257857866871646], [-85.47524480299674, 41.25778863831551], [-85.47496193429355, 41.25800731505179], [-85.47444015055574, 41.25823587278075], [-85.47435266812177, 41.25830790809871], [-85.47412308837956, 41.25840046712924], [-85.47404483793177, 41.258385794158315], [-85.47406190592217, 41.25844285179171], [-85.47402749775185, 41.25845559203621], [-85.47397066403877, 41.258436572834334], [-85.47388790584493, 41.258528326723706], [-85.47384579102777, 41.25854631876635], [-85.47379611958245, 41.25852489889564], [-85.47346670287618, 41.25867180912451], [-85.4731990219895, 41.25873453226601], [-85.47286658604555, 41.258927138029776], [-85.47265779781058, 41.258982822312845], [-85.472508251672, 41.25913296009608], [-85.47241981343058, 41.25914744516725], [-85.47235120370244, 41.25920294625782], [-85.47208802337533, 41.25931361470278], [-85.47197978267181, 41.25944003076211], [-85.4719351426904, 41.25940653021282], [-85.4717746415969, 41.25942429376493], [-85.47167387936811, 41.25940072810422], [-85.47133106608601, 41.25939878596442], [-85.4713366437256, 41.25936455877937], [-85.47145126426429, 41.25928683190555], [-85.47150343482274, 41.2592162110574], [-85.47152957040761, 41.25914838315149], [-85.4714564726963, 41.259136042816635], [-85.47154692316396, 41.259132843945366], [-85.4715589920298, 41.25910740288523], [-85.47143935619688, 41.25910989607444], [-85.47143290090324, 41.25906751927312], [-85.47155740291007, 41.259081637673475], [-85.47158197722297, 41.25906317307148], [-85.47157291501838, 41.259039385783495], [-85.47143953675825, 41.25890526178313], [-85.47118405139987, 41.25880406302839], [-85.4711839822296, 41.258742716888015], [-85.47115355988419, 41.2587601591785], [-85.47103525625285, 41.25872455404886], [-85.47077655133249, 41.25878167891614], [-85.47071738289799, 41.2589089009592], [-85.47060943863849, 41.259040084714584], [-85.4703622977308, 41.25909317104089], [-85.47011090060526, 41.25921070133418], [-85.4697980865621, 41.25925336571768], [-85.46948273028667, 41.25922083479466], [-85.46933854709029, 41.259100888313725], [-85.46909804383421, 41.25903269090123], [-85.46903969915483, 41.25898980690231], [-85.46897170387435, 41.25881920591285], [-85.46881581203657, 41.25872943713568], [-85.46866529841239, 41.258469942197294], [-85.46832275103164, 41.25807418520862], [-85.46818692486235, 41.25795572972557], [-85.46817864239543, 41.25792712979505], [-85.46820408178597, 41.25791595818651], [-85.46827178960555, 41.25793996468313], [-85.4682776690791, 41.257883760199356], [-85.46785928592206, 41.25771604799579], [-85.46771179423048, 41.257551980691154], [-85.46758988296496, 41.25752835222624], [-85.46755185458404, 41.257483030039246], [-85.46754908956959, 41.25741581014066], [-85.46752335642996, 41.25738400291308], [-85.46740937279684, 41.25731481572412], [-85.4673068507684, 41.25727818805661], [-85.46722880783146, 41.25731418700716], [-85.46716968790598, 41.257304781239064], [-85.46709287027109, 41.25727562524012], [-85.46683028732365, 41.25709720366834], [-85.4667517853476, 41.25707663287001], [-85.4666590217181, 41.25710027973185], [-85.46660906011694, 41.25705240927954], [-85.4661071534014, 41.25689670074391], [-85.46585671387997, 41.25691319267999], [-85.46581245837748, 41.2569411589314], [-85.46576229824866, 41.2570548073276], [-85.46561283834832, 41.25712417577651], [-85.46548183164055, 41.25713662926917], [-85.465458101744, 41.25722758878896], [-85.46547152437098, 41.257926104003346], [-85.46545529540705, 41.258004885299286], [-85.46478473179354, 41.25800954693943], [-85.46469740656478, 41.25804033887736], [-85.46471532436145, 41.25810527289987], [-85.4647969839157, 41.25813203794838], [-85.46545468455265, 41.258098376005485], [-85.46548027396184, 41.25812755527285], [-85.46550700063817, 41.2583085773243], [-85.46554336713581, 41.25837344692635], [-85.46578407790273, 41.25855169010896], [-85.46608201943806, 41.2586830927035], [-85.46651398422391, 41.25883353100801], [-85.46708847840766, 41.259118903158644], [-85.46736054756451, 41.259224209237956], [-85.4676282410276, 41.259276566097846], [-85.4679522058584, 41.25926968013189], [-85.46832176378314, 41.259190530300316], [-85.46853650515348, 41.25908062202935], [-85.46871115740765, 41.25911642617684], [-85.46897172633223, 41.25909911498879], [-85.46916045339026, 41.25912749020822], [-85.46951011991968, 41.2593382277738], [-85.46970272769974, 41.25936284488731], [-85.46974703799943, 41.25959570689828], [-85.4697932913551, 41.25967258996835], [-85.47001472786927, 41.25981505894965], [-85.4704067203199, 41.26001888207358], [-85.47082781010091, 41.26038748973469], [-85.47112315820003, 41.260509552883036], [-85.47128867009619, 41.26061550296255], [-85.4715337430821, 41.26069576392636], [-85.47164545936745, 41.26077475391869], [-85.47190439964643, 41.2608689091841], [-85.47217339387005, 41.26090721830214], [-85.47222099919021, 41.26089708105169], [-85.472249943807, 41.26084983868868], [-85.47230217185763, 41.26083151301838], [-85.47275162235044, 41.26083684770815], [-85.47338538827498, 41.26074184627298], [-85.47375993184954, 41.26076328432437], [-85.47389669496164, 41.260799502169895], [-85.47466056478707, 41.261159987283904], [-85.47485392176209, 41.26135387093714], [-85.47542113240553, 41.261655416917286], [-85.47548793741827, 41.26173139405413], [-85.47566251960384, 41.26185414008636], [-85.47575242569243, 41.26188934375226], [-85.47597968328964, 41.261924082816165], [-85.47609155318692, 41.26199711615978], [-85.47635250928536, 41.262266983970534], [-85.47660942566, 41.262733934328736], [-85.47666100692362, 41.26278706424527], [-85.4766910223322, 41.26278629310176], [-85.47669392838215, 41.262732134767404], [-85.4767325164135, 41.26273565218387], [-85.47676890267408, 41.26282906994306], [-85.47688559832106, 41.262930756748], [-85.47701523599633, 41.263002435080026], [-85.477314272578, 41.26307412211167], [-85.47765324825721, 41.263302941663504], [-85.47799733804534, 41.263633822912816], [-85.4781115291893, 41.26371298829209], [-85.47827456532853, 41.26373777594463], [-85.4786354967316, 41.26373774893476], [-85.47876991703744, 41.26376997779828], [-85.47898468086568, 41.264036431676494], [-85.47918498900437, 41.26415160728022], [-85.47930167836314, 41.26428604799843], [-85.47968786140883, 41.264439133842], [-85.48009762792567, 41.264725361332395], [-85.48024706087656, 41.26497526469641], [-85.48044417819936, 41.265108037243884], [-85.48053663460507, 41.26521872066589], [-85.48063433537533, 41.26536802370862], [-85.48066152737898, 41.26549561982761], [-85.4807614451914, 41.26555418713722], [-85.48075741714568, 41.26560272996214], [-85.4806782728742, 41.26570168588202], [-85.48072740443203, 41.26581377276723], [-85.48072460258668, 41.2659040517298], [-85.48058335688128, 41.266102202210405], [-85.48051910937215, 41.266146332725874], [-85.48053963497809, 41.26643666684402], [-85.48063269505161, 41.2666660701545], [-85.48066317758418, 41.26683980930218], [-85.48063031631276, 41.267053760977326], [-85.48076278278288, 41.26738258003707], [-85.48084621291656, 41.26745699820592], [-85.48087606034021, 41.26752769184285], [-85.48093859027048, 41.267552981752246], [-85.48105201155826, 41.26765997912847], [-85.48113748625754, 41.267683206231254], [-85.48125986824029, 41.26781117121449], [-85.48123398777695, 41.267965662669695], [-85.48131931066094, 41.26793051967182], [-85.4814222396262, 41.26801473778736], [-85.4813423407699, 41.268086286976796], [-85.48134487312068, 41.268111931826084], [-85.48148006687599, 41.268200173230504], [-85.48155225010233, 41.26828277186825], [-85.48173524501055, 41.26838537722894], [-85.48183079701067, 41.26848080912408], [-85.48186686975924, 41.26855516324783], [-85.48199854211863, 41.26862608188662], [-85.48205054379382, 41.26869470073121], [-85.48219630173686, 41.26873842032606], [-85.482614266279, 41.26894911404918], [-85.48310611635492, 41.26910175076103], [-85.48327583595989, 41.269134128219946], [-85.48355956255415, 41.2692302679706], [-85.4837685609949, 41.269244608337], [-85.48385603444568, 41.26927012174446], [-85.48391056128511, 41.269325911990634], [-85.48402321900488, 41.269367500941705], [-85.48469190244451, 41.26944897323933], [-85.4848830244111, 41.26953596306526], [-85.48505578930487, 41.2695729059222], [-85.4851077307929, 41.26961174400658], [-85.48512292938919, 41.269700695704714], [-85.48518803389109, 41.26978891268086], [-85.48549335957807, 41.27006140310513], [-85.48593232044337, 41.27029238575327], [-85.48621078201174, 41.270475402318475], [-85.48643200562519, 41.2705194468314], [-85.48666492710024, 41.270601771114166], [-85.48724069329846, 41.270631037969245]]]}, "properties": {"id": "crooked-lake-whitley", "name": "Crooked Lake", "county": "Whitley", "county2": null, "acres": 206, "max_depth_ft": 108, "survey_date": "2017-07-19", "contour_interval_ft": 15, "has_contours": true, "pdf_url": "https://www.in.gov/dnr/fish-and-wildlife/files/depth/fw-Crooked_Lake_Bathymetric_Noble_County_July_2017.pdf", "bbox": [-85.489251, 41.254402, -85.464697, 41.270685], "source": "Indiana DNR Fish & Wildlife bathymetry PDF (raster digitized)", "source_url": "https://www.in.gov/dnr/fish-and-wildlife/fishing/lake-depth-maps/", "precision_note": "Shoreline confirmed vs nhd:Crooked Lake (IoU=0.990); Kept existing contour depths (pdf_label); Acre mismatch 363.0 vs PDF 206; Acre mismatch retained with honest note (NHD/OSM vs PDF survey footprint)", "note": null, "needs_review": true, "review_notes": "Georef IoU=0.990 OK. Acre mismatch shoreline 365.3 vs PDF 206 (ratio=1.77). Shoreline georef IoU OK vs OSM/NHD, but shoreline acres differ >10% from PDF survey acres (often OSM/NHD includes marsh/wetland or a dual-basin neighbor). Depths retained; needs_review kept.", "min_contour_ft": 0, "max_contour_ft": 105, "data_quality": "needs_review", "contour_method": "traced_from_pdf", "georef_method": "nhd", "depth_assignment": "pdf_label", "review_priority": "medium", "line_style": "solid", "shore_iou": 0.99}}, {"type": "Feature", "geometry": {"type": "Polygon", "coordinates": [[[-85.31922339999998, 41.15375149999999], [-85.3191376, 41.15344049999999], [-85.3190276, 41.1533233], [-85.31893099999998, 41.1532728], [-85.31859309999999, 41.1532143], [-85.31824979999998, 41.1532102], [-85.3180003, 41.1532607], [-85.3178179, 41.1533233], [-85.3176087, 41.1534506], [-85.317083, 41.153547499999995], [-85.316214, 41.153410199999996], [-85.31597529999999, 41.153426299999985], [-85.315699, 41.1535212], [-85.31537979999999, 41.15352929999999], [-85.3151599, 41.153648499999996], [-85.3150928, 41.1537091], [-85.31500969999998, 41.15383829999998], [-85.3148943, 41.1539353], [-85.31482189999997, 41.15409079999999], [-85.3146824, 41.1542362], [-85.3144732, 41.154321], [-85.3142694, 41.154351299999995], [-85.3137597, 41.1545189], [-85.3136203, 41.154581500000006], [-85.3134137, 41.1547431], [-85.3129873, 41.15500969999999], [-85.31263859999999, 41.1551551], [-85.31224699999999, 41.15524799999999], [-85.31198950000001, 41.1552278], [-85.3118286, 41.1551753], [-85.3114504, 41.1547653], [-85.31136189999998, 41.1546926], [-85.3111419, 41.154582500000004], [-85.31088169999997, 41.1545391], [-85.31055989999999, 41.154559299999995], [-85.3104982, 41.15460169999999], [-85.31046329999998, 41.15474909999999], [-85.31051430000001, 41.1548865], [-85.3105947, 41.155437799999994], [-85.3106403, 41.1555691], [-85.3108925, 41.1557569], [-85.3111902, 41.155872], [-85.31138329999997, 41.15598709999999], [-85.31172659999997, 41.15638289999999], [-85.3122081, 41.1567868], [-85.31233150000001, 41.1568716], [-85.31261579999999, 41.156913], [-85.3126775, 41.15697259999999], [-85.312719, 41.15712609999999], [-85.31288, 41.1572048], [-85.31296039999997, 41.15721699999999], [-85.3132635, 41.15717049999999], [-85.3138456, 41.1571887], [-85.31419959999997, 41.1569625], [-85.31440879999997, 41.1568898], [-85.3145564, 41.156808999999996], [-85.31484339999999, 41.15673829999998], [-85.315015, 41.15665549999999], [-85.3152967, 41.1566091], [-85.31540930000001, 41.1566131], [-85.3155971, 41.15666559999999], [-85.31597259999998, 41.156930199999984], [-85.31618979999998, 41.1570433], [-85.31658679999998, 41.15719269999999], [-85.3168711, 41.15722099999999], [-85.3172117, 41.1571947], [-85.317488, 41.1571523], [-85.31755509999999, 41.1571241], [-85.31766499999998, 41.15701899999999], [-85.3177267, 41.1568817], [-85.31768109999999, 41.1566313], [-85.31754969999999, 41.15639699999999], [-85.31732709999999, 41.156191099999994], [-85.3171876, 41.15599919999999], [-85.3170991, 41.1556842], [-85.31702399999999, 41.155554899999984], [-85.3169489, 41.15547209999998], [-85.3166887, 41.15534089999999], [-85.31661359999998, 41.15525], [-85.31661359999998, 41.1551692], [-85.31668339999997, 41.155147], [-85.3170803, 41.155203499999985], [-85.31754699999998, 41.1552278], [-85.3177133, 41.15518939999998], [-85.31787430000001, 41.1551167], [-85.3179923, 41.1550157], [-85.3184107, 41.1544543], [-85.3191456, 41.1538949], [-85.3192046, 41.1538222], [-85.31922339999998, 41.15375149999999]]]}, "properties": {"id": "lake-everett-allen", "name": "Lake Everett", "county": "Allen", "county2": null, "acres": 77.9, "max_depth_ft": 42, "survey_date": "2012-08-29", "contour_interval_ft": 3, "has_contours": true, "pdf_url": "https://www.in.gov/dnr/fish-and-wildlife/files/depth/fw-Lake_Everett_Bathymetry_Allen_County_c_August_2012.pdf", "bbox": [-85.319223, 41.15321, -85.310463, 41.157221], "source": "Indiana DNR Fish & Wildlife bathymetry PDF (raster digitized)", "source_url": "https://www.in.gov/dnr/fish-and-wildlife/fishing/lake-depth-maps/", "precision_note": "Georef shoreline IoU=0.990; shore acres 77.9 within 10% of map/PDF acres 77.9; Intervals from map header/legend: [3, 6, 9, 12, 15, 18, 21, 24, 27, 30, 33, 36, 39] (interval=3', max=42'); White/print labels assigned by nested ring order onto confirmed survey intervals (OCR sparse on this render)", "note": null, "needs_review": false, "review_notes": null, "min_contour_ft": 0, "max_contour_ft": 42, "data_quality": "ok", "contour_method": "traced_from_pdf", "georef_method": "osm", "depth_assignment": "hand_visual_confirmed_intervals", "review_priority": null, "line_style": "solid", "shore_iou": 0.99}}, {"type": "Feature", "geometry": {"type": "Polygon", "coordinates": [[[-84.97929152557359, 41.23223628717057], [-84.97890153995928, 41.23180586008752], [-84.97864471880608, 41.23160890132673], [-84.97836168571119, 41.231560671704464], [-84.9721594744445, 41.231690947675894], [-84.97027326387615, 41.23169816217753], [-84.96203648257696, 41.231871409963055], [-84.96188754908938, 41.231963559892364], [-84.96188674869046, 41.23203800490436], [-84.96220390788467, 41.23350105799606], [-84.96248896668051, 41.234507892966974], [-84.9624608242593, 41.2348334380209], [-84.96238404794693, 41.235093553094615], [-84.96243999771778, 41.23562436513911], [-84.96231492528075, 41.235791111293985], [-84.96206704236461, 41.23820926001227], [-84.96398983502631, 41.2382582392746], [-84.96453287470038, 41.23820570412193], [-84.96759084413208, 41.23816847872111], [-84.96967519879765, 41.23809735678015], [-84.97166021686074, 41.238090742164175], [-84.97963838666436, 41.2379618009268], [-84.98008201158258, 41.23798306001253], [-84.980157044265, 41.23788113914655], [-84.9801963653216, 41.23765801769228], [-84.98010595887142, 41.235693823221034], [-84.98004898861441, 41.23289225492685], [-84.97929152557359, 41.23223628717057]]]}, "properties": {"id": "hurshtown-lake-allen", "name": "Hurshtown Lake", "county": "Allen", "county2": null, "acres": 466.0, "max_depth_ft": 29, "survey_date": "2015-06-22", "contour_interval_ft": 5, "has_contours": true, "pdf_url": "https://www.in.gov/dnr/fish-and-wildlife/files/depth/fw-Hurshtown_Lake_Bathymetric_Allen_County_c_June_2015.pdf", "bbox": [-84.980196, 41.231561, -84.961887, 41.238258], "source": "Indiana DNR Fish & Wildlife bathymetry PDF (raster digitized)", "source_url": "https://www.in.gov/dnr/fish-and-wildlife/fishing/lake-depth-maps/", "precision_note": "Georef shoreline IoU=0.987; shore acres 462.0 within 10% of map/PDF acres 466.0; Intervals from map header/legend: [5, 10, 15, 20, 25] (interval=5', max=29'); White/print labels assigned by nested ring order onto confirmed survey intervals (OCR sparse on this render)", "note": null, "needs_review": false, "review_notes": null, "min_contour_ft": 0, "max_contour_ft": 25, "data_quality": "ok", "contour_method": "traced_from_pdf", "georef_method": "nhd", "depth_assignment": "hand_visual_confirmed_intervals", "review_priority": null, "line_style": "solid", "shore_iou": 0.987}}]}