{"type":"FeatureCollection","features":[{"type":"Feature","geometry":{"type":"Point","coordinates":[-85.694002,38.291201]},"properties":{"name":"Duffy's Landing","access":"public","lake":"Ohio River","county":"Clark","lat":38.291201,"lng":-85.694002,"source":"Indiana DNR Fish & Wildlife \u2014 Fishing Access Sites","source_url":"https://gisdata.in.gov/server/rest/services/Hosted/Fish_Access_RO/FeatureServer/0","notes":"Launch: Boat Ramp; Ramp: Concrete; Fee: No; Motor: None; ADA: Yes","launch_type":"Boat Ramp","land_type":"Public Access Site","dnr_accessid":24,"id":"launch-0001"}},{"type":"Feature","geometry":{"type":"Point","coordinates":[-85.936768,40.714046]},"properties":{"name":"Frances Slocum","access":"public","lake":"Mississinewa Lake","county":"Wabash","lat":40.714046,"lng":-85.936768,"source":"Indiana DNR Fish & Wildlife \u2014 Fishing Access Sites","source_url":"https://gisdata.in.gov/server/rest/services/Hosted/Fish_Access_RO/FeatureServer/0","notes":"Launch: Boat Ramp; Fee: Yes; Parking: PARKING_LOT; Motor: None; ADA: No","launch_type":"Boat Ramp","land_type":"Public Access Site","dnr_accessid":383,"id":"launch-0002"}},{"type":"Feature","geometry":{"type":"Point","coordinates":[-87.258814,39.033976]},"properties":{"name":"Narrow Pit (Greene-Sullivan)","access":"public","lake":"Narrow Pit","county":"Sullivan","lat":39.033976,"lng":-87.258814,"source":"Indiana DNR Fish & Wildlife \u2014 Fishing Access Sites","source_url":"https://gisdata.in.gov/server/rest/services/Hosted/Fish_Access_RO/FeatureServer/0","notes":"Launch: Boat Ramp; Ramp:  ; Fee: Yes; Parking: PULL_OFF; Motor: Electric only; ADA: No","launch_type":"Boat Ramp","land_type":"Public Access Site","dnr_accessid":621,"id":"launch-0003"}},{"type":"Feature","geometry":{"type":"Point","coordinates":[-85.541573,41.607426]},"properties":{"name":"Emma Lake","access":"public","lake":"Emma Lake","county":"LaGrange","lat":41.607426,"lng":-85.541573,"source":"Indiana DNR Fish & Wildlife \u2014 Fishing Access Sites","source_url":"https://gisdata.in.gov/server/rest/services/Hosted/Fish_Access_RO/FeatureServer/0","notes":"Launch: Boat Ramp; Ramp: Concrete; Fee: No; Parking: PARKING_LOT; Motor: None; ADA: Yes","launch_type":"Boat Ramp","land_type":"Public Access Site","dnr_accessid":145,"id":"launch-0004"}},{"type":"Feature","geometry":{"type":"Point","coordinates":[-85.700227,40.116249]},"properties":{"name":"River Bend Park","access":"public","lake":"White River","county":"Madison","lat":40.116249,"lng":-85.700227,"source":"Indiana DNR Fish & Wildlife \u2014 Fishing Access Sites","source_url":"https://gisdata.in.gov/server/rest/services/Hosted/Fish_Access_RO/FeatureServer/0","notes":"Launch: Carry Down; Fee: No; Parking: PARKING_LOT; Motor: None; ADA: No","launch_type":"Carry Down","land_type":"Public Access Site","dnr_accessid":978,"id":"launch-0005"}},{"type":"Feature","geometry":{"type":"Point","coordinates":[-85.972561,39.239078]},"properties":{"name":"Lowell Bridge","access":"public","lake":"Driftwood River","county":"Bartholomew","lat":39.239078,"lng":-85.972561,"source":"Indiana DNR Fish & Wildlife \u2014 Fishing Access Sites","source_url":"https://gisdata.in.gov/server/rest/services/Hosted/Fish_Access_RO/FeatureServer/0","notes":"Launch: Boat Ramp; Ramp: Concrete; Fee: No; Motor: None; ADA: No","launch_type":"Boat Ramp","land_type":"Public Access Site","dnr_accessid":11,"id":"launch-0006"}},{"type":"Feature","geometry":{"type":"Point","coordinates":[-85.789485,39.52603]},"properties":{"name":"Shelbyville","access":"public","lake":"Big Blue River","county":"Shelby","lat":39.52603,"lng":-85.789485,"source":"Indiana DNR Fish & Wildlife \u2014 Fishing Access Sites","source_url":"https://gisdata.in.gov/server/rest/services/Hosted/Fish_Access_RO/FeatureServer/0","notes":"Launch: Boat Ramp; Ramp: Concrete; Fee: No; Parking: PARKING_LOT; Motor: None; ADA: No","launch_type":"Boat Ramp","land_type":"Public Access Site","dnr_accessid":300,"id":"launch-0007"}},{"type":"Feature","geometry":{"type":"Point","coordinates":[-85.379205,38.732494]},"properties":{"name":"Madison Ramp","access":"public","lake":"Ohio River","county":"Jefferson","lat":38.732494,"lng":-85.379205,"source":"Indiana DNR Fish & Wildlife \u2014 Fishing Access Sites","source_url":"https://gisdata.in.gov/server/rest/services/Hosted/Fish_Access_RO/FeatureServer/0","notes":"Launch: Boat Ramp; Ramp: Concrete; Fee: No; Motor: None; ADA: No","launch_type":"Boat Ramp","land_type":"Public Access Site","dnr_accessid":876,"id":"launch-0008"}},{"type":"Feature","geometry":{"type":"Point","coordinates":[-84.915343,41.130243]},"properties":{"name":"Maumee River Public Fishing Site","access":"public","lake":"Maumee River","county":"Allen","lat":41.130243,"lng":-84.915343,"source":"Indiana DNR Fish & Wildlife \u2014 Fishing Access Sites","source_url":"https://gisdata.in.gov/server/rest/services/Hosted/Fish_Access_RO/FeatureServer/0","notes":"Launch: Carry Down; Ramp: Gravel; Fee: No; Motor: None; ADA: No","launch_type":"Carry Down","land_type":"Public Fishing Area","dnr_accessid":7,"id":"launch-0009"}},{"type":"Feature","geometry":{"type":"Point","coordinates":[-84.910232,40.820933]},"properties":{"name":"Kekionga Park Pond","access":"public","lake":"Kekionga Park Pond","county":"Adams","lat":40.820933,"lng":-84.910232,"source":"Indiana DNR Fish & Wildlife \u2014 Fishing Access Sites","source_url":"https://gisdata.in.gov/server/rest/services/Hosted/Fish_Access_RO/FeatureServer/0","notes":"Launch: Boat Ramp; Ramp:  ; Fee: No; Motor: None; ADA: No","launch_type":"Boat Ramp","land_type":"Public Access Site","dnr_accessid":965,"id":"launch-0010"}},{"type":"Feature","geometry":{"type":"Point","coordinates":[-85.392616,41.531628]},"properties":{"name":"Witmer Lake","access":"public","lake":"Witmer Lake","county":"LaGrange","lat":41.531628,"lng":-85.392616,"source":"Indiana DNR Fish & Wildlife \u2014 Fishing Access Sites","source_url":"https://gisdata.in.gov/server/rest/services/Hosted/Fish_Access_RO/FeatureServer/0","notes":"Launch: Boat Ramp; Ramp: Concrete; Fee: No; Parking: PARKING_LOT; Motor: None; ADA: Yes","launch_type":"Boat Ramp","land_type":"Public Access Site","dnr_accessid":162,"id":"launch-0011"}},{"type":"Feature","geometry":{"type":"Point","coordinates":[-85.100342,41.145793]},"properties":{"name":"Shoaff Park Ramp","access":"public","lake":"St. Joseph River","county":"Allen","lat":41.145793,"lng":-85.100342,"source":"Indiana DNR Fish & Wildlife \u2014 Fishing Access Sites","source_url":"https://gisdata.in.gov/server/rest/services/Hosted/Fish_Access_RO/FeatureServer/0","notes":"Launch: Boat Ramp; Ramp:  ; Fee: No; Parking: PARKING_LOT; Motor: None; ADA: No","launch_type":"Boat Ramp","land_type":"Public Access Site","dnr_accessid":958,"id":"launch-0012"}},{"type":"Feature","geometry":{"type":"Point","coordinates":[-85.068067,41.714592]},"properties":{"name":"Jimmerson Lake","access":"public","lake":"Jimmerson Lake","county":"Steuben","lat":41.714592,"lng":-85.068067,"source":"Indiana DNR Fish & Wildlife \u2014 Fishing Access Sites","source_url":"https://gisdata.in.gov/server/rest/services/Hosted/Fish_Access_RO/FeatureServer/0","notes":"Launch: Boat Ramp; Ramp: Concrete; Fee: No; Parking: PARKING_LOT; Motor: None; ADA: Yes","launch_type":"Boat Ramp","land_type":"Public Access Site","dnr_accessid":332,"id":"launch-0013"}},{"type":"Feature","geometry":{"type":"Point","coordinates":[-85.626113,41.083501]},"properties":{"name":"South Whitley","access":"public","lake":"Eel River","county":"Whitley","lat":41.083501,"lng":-85.626113,"source":"Indiana DNR Fish & Wildlife \u2014 Fishing Access Sites","source_url":"https://gisdata.in.gov/server/rest/services/Hosted/Fish_Access_RO/FeatureServer/0","notes":"Launch: Boat Ramp; Ramp: Concrete; Fee: No; Parking: PARKING_LOT; Motor: None; ADA: Yes","launch_type":"Boat Ramp","land_type":"Public Access Site","dnr_accessid":417,"id":"launch-0014"}},{"type":"Feature","geometry":{"type":"Point","coordinates":[-85.954061,40.705187]},"properties":{"name":"Miami SRA","access":"public","lake":"Mississinewa Lake","county":"Miami","lat":40.705187,"lng":-85.954061,"source":"Indiana DNR Fish & Wildlife \u2014 Fishing Access Sites","source_url":"https://gisdata.in.gov/server/rest/services/Hosted/Fish_Access_RO/FeatureServer/0","notes":"Launch: Boat Ramp; Ramp: Concrete; Fee: Yes; Parking: PARKING_LOT; Motor: None; ADA: Yes","launch_type":"Boat Ramp","land_type":"Public Access Site","dnr_accessid":388,"id":"launch-0015"}},{"type":"Feature","geometry":{"type":"Point","coordinates":[-85.848576,41.233675]},"properties":{"name":"Winona Lake","access":"public","lake":"Winona Lake","county":"Kosciusko","lat":41.233675,"lng":-85.848576,"source":"Indiana DNR Fish & Wildlife \u2014 Fishing Access Sites","source_url":"https://gisdata.in.gov/server/rest/services/Hosted/Fish_Access_RO/FeatureServer/0","notes":"Launch: Boat Ramp; Ramp: Concrete; Fee: No; Parking: PARKING_LOT; Motor: None; ADA: Yes","launch_type":"Boat Ramp","land_type":"Public Access Site","dnr_accessid":135,"id":"launch-0016"}},{"type":"Feature","geometry":{"type":"Point","coordinates":[-84.951644,41.639425]},"properties":{"name":"Pigeon Lake","access":"public","lake":"Pigeon Lake","county":"Steuben","lat":41.639425,"lng":-84.951644,"source":"Indiana DNR Fish & Wildlife \u2014 Fishing Access Sites","source_url":"https://gisdata.in.gov/server/rest/services/Hosted/Fish_Access_RO/FeatureServer/0","notes":"Launch: Boat Ramp; Ramp: Concrete; Fee: No; Parking: PARKING_LOT; Motor: None; ADA: Yes","launch_type":"Boat Ramp","land_type":"Public Access Site","dnr_accessid":338,"id":"launch-0017"}},{"type":"Feature","geometry":{"type":"Point","coordinates":[-87.23385,39.11932]},"properties":{"name":"Crystal Lake","access":"public","lake":"Crystal Lake","county":"Greene","lat":39.11932,"lng":-87.23385,"source":"Indiana DNR Fish & Wildlife \u2014 Fishing Access Sites","source_url":"https://gisdata.in.gov/server/rest/services/Hosted/Fish_Access_RO/FeatureServer/0","notes":"Launch: Boat Ramp; Ramp: Gravel; Fee: No; Parking: PARKING_LOT; Motor: Electric only; ADA: No","launch_type":"Boat Ramp","land_type":"Public Access Site","dnr_accessid":559,"id":"launch-0018"}},{"type":"Feature","geometry":{"type":"Point","coordinates":[-85.372992,41.711219]},"properties":{"name":"Aldrich Lake","access":"public","lake":"Aldrich Lake","county":"LaGrange","lat":41.711219,"lng":-85.372992,"source":"Indiana DNR Fish & Wildlife \u2014 Fishing Access Sites","source_url":"https://gisdata.in.gov/server/rest/services/Hosted/Fish_Access_RO/FeatureServer/0","notes":"Launch: Boat Ramp; Ramp:  ; Fee: No; Parking: PARKING_LOT; Motor: Electric only; ADA: No","launch_type":"Boat Ramp","land_type":"Public Access Site","dnr_accessid":139,"id":"launch-0019"}},{"type":"Feature","geometry":{"type":"Point","coordinates":[-87.370369,41.400201]},"properties":{"name":"Fancher Lake","access":"public","lake":"Fancher Lake","county":"Lake","lat":41.400201,"lng":-87.370369,"source":"Indiana DNR Fish & Wildlife \u2014 Fishing Access Sites","source_url":"https://gisdata.in.gov/server/rest/services/Hosted/Fish_Access_RO/FeatureServer/0","notes":"Launch: Boat Ramp; Ramp: Concrete; Fee: No; Parking: PARKING_LOT; Motor: Electric only; ADA: No","launch_type":"Boat Ramp","land_type":"Public Access Site","dnr_accessid":164,"id":"launch-0020"}},{"type":"Feature","geometry":{"type":"Point","coordinates":[-85.193917,39.276043]},"properties":{"name":"Bischoff Reservoir","access":"public","lake":"Bischoff Reservoir","county":"Ripley","lat":39.276043,"lng":-85.193917,"source":"Indiana DNR Fish & Wildlife \u2014 Fishing Access Sites","source_url":"https://gisdata.in.gov/server/rest/services/Hosted/Fish_Access_RO/FeatureServer/0","notes":"Launch: Boat Ramp; Ramp: Concrete; Fee: No; Parking: PARKING_LOT; Motor: <6hp; ADA: No","launch_type":"Boat Ramp","land_type":"Public Access Site","dnr_accessid":297,"id":"launch-0021"}},{"type":"Feature","geometry":{"type":"Point","coordinates":[-88.011259,37.979671]},"properties":{"name":"Dogtown Ferry","access":"public","lake":"Wabash River","county":"Posey","lat":37.979671,"lng":-88.011259,"source":"Indiana DNR Fish & Wildlife \u2014 Fishing Access Sites","source_url":"https://gisdata.in.gov/server/rest/services/Hosted/Fish_Access_RO/FeatureServer/0","notes":"Launch: Boat Ramp; Ramp: Concrete; Fee: No; Parking: PARKING_LOT; Motor: None; ADA: Yes","launch_type":"Boat Ramp","land_type":"Public Access Site","dnr_accessid":287,"id":"launch-0022"}},{"type":"Feature","geometry":{"type":"Point","coordinates":[-86.621618,41.302649]},"properties":{"name":"Knox","access":"public","lake":"Yellow River","county":"Starke","lat":41.302649,"lng":-86.621618,"source":"Indiana DNR Fish & Wildlife \u2014 Fishing Access Sites","source_url":"https://gisdata.in.gov/server/rest/services/Hosted/Fish_Access_RO/FeatureServer/0","notes":"Launch: Boat Ramp; Ramp: Concrete; Fee: No; Parking: PARKING_LOT; Motor: None; ADA: No","launch_type":"Boat Ramp","land_type":"Public Access Site","dnr_accessid":322,"id":"launch-0023"}},{"type":"Feature","geometry":{"type":"Point","coordinates":[-84.873039,38.79894]},"properties":{"name":"Bryant Creek","access":"public","lake":"Ohio River","county":"Switzerland","lat":38.79894,"lng":-84.873039,"source":"Indiana DNR Fish & Wildlife \u2014 Fishing Access Sites","source_url":"https://gisdata.in.gov/server/rest/services/Hosted/Fish_Access_RO/FeatureServer/0","notes":"Launch: Boat Ramp; Ramp:  ; Fee: No; Motor: None; ADA: No","launch_type":"Boat Ramp","land_type":"Public Access Site","dnr_accessid":438,"id":"launch-0024"}},{"type":"Feature","geometry":{"type":"Point","coordinates":[-86.464199,40.74714]},"properties":{"name":"France Park Public Access Site","access":"public","lake":"Wabash River","county":"Cass","lat":40.74714,"lng":-86.464199,"source":"Indiana DNR Fish & Wildlife \u2014 Fishing Access Sites","source_url":"https://gisdata.in.gov/server/rest/services/Hosted/Fish_Access_RO/FeatureServer/0","notes":"Launch: Boat Ramp; Ramp: Concrete; Fee: No; Parking: PULL_OFF; Motor: None; ADA: No","launch_type":"Boat Ramp","land_type":"Public Access Site","dnr_accessid":451,"id":"launch-0025"}},{"type":"Feature","geometry":{"type":"Point","coordinates":[-87.027614,38.572908]},"properties":{"name":"Redwing Ponds","access":"public","lake":"Redwing Ponds","county":"Daviess","lat":38.572908,"lng":-87.027614,"source":"Indiana DNR Fish & Wildlife \u2014 Fishing Access Sites","source_url":"https://gisdata.in.gov/server/rest/services/Hosted/Fish_Access_RO/FeatureServer/0","notes":"Launch: Boat Ramp; Ramp: Concrete; Fee: No; Parking: PARKING_LOT; Motor: Electric only; ADA: No","launch_type":"Boat Ramp","land_type":"Public Access Site","dnr_accessid":909,"id":"launch-0026"}},{"type":"Feature","geometry":{"type":"Point","coordinates":[-86.760619,40.392226]},"properties":{"name":"Fairfield Park Lake 3","access":"public","lake":"Fairfield Park Lake 3","county":"Tippecanoe","lat":40.392226,"lng":-86.760619,"source":"Indiana DNR Fish & Wildlife \u2014 Fishing Access Sites","source_url":"https://gisdata.in.gov/server/rest/services/Hosted/Fish_Access_RO/FeatureServer/0","notes":"Launch: Carry Down; Ramp:  ; Fee: No; Parking: PARKING_LOT; Motor: Electric only; ADA: No","launch_type":"Carry Down","land_type":"Public Fishing Area","dnr_accessid":975,"id":"launch-0027"}},{"type":"Feature","geometry":{"type":"Point","coordinates":[-85.592266,38.943536]},"properties":{"name":"Whip-poor-will Lake","access":"public","lake":"Whip-poor-will Lake","county":"Jennings","lat":38.943536,"lng":-85.592266,"source":"Indiana DNR Fish & Wildlife \u2014 Fishing Access Sites","source_url":"https://gisdata.in.gov/server/rest/services/Hosted/Fish_Access_RO/FeatureServer/0","notes":"Launch: Boat Ramp; Ramp: Gravel; Fee: No; Parking: PARKING_LOT; Motor: Electric only; ADA: No","launch_type":"Boat Ramp","land_type":"Public Access Site","dnr_accessid":105,"id":"launch-0028"}},{"type":"Feature","geometry":{"type":"Point","coordinates":[-85.948514,41.179783]},"properties":{"name":"Palestine Lake","access":"public","lake":"Palestine Lake","county":"Kosciusko","lat":41.179783,"lng":-85.948514,"source":"Indiana DNR Fish & Wildlife \u2014 Fishing Access Sites","source_url":"https://gisdata.in.gov/server/rest/services/Hosted/Fish_Access_RO/FeatureServer/0","notes":"Launch: Boat Ramp; Ramp: Concrete; Fee: No; Parking: PARKING_LOT; Motor: None; ADA: Yes","launch_type":"Boat Ramp","land_type":"Public Access Site","dnr_accessid":128,"id":"launch-0029"}},{"type":"Feature","geometry":{"type":"Point","coordinates":[-85.835556,41.394896]},"properties":{"name":"Waubee Lake","access":"public","lake":"Waubee Lake","county":"Kosciusko","lat":41.394896,"lng":-85.835556,"source":"Indiana DNR Fish & Wildlife \u2014 Fishing Access Sites","source_url":"https://gisdata.in.gov/server/rest/services/Hosted/Fish_Access_RO/FeatureServer/0","notes":"Launch: Boat Ramp; Ramp:  ; Fee: Yes; Motor: None; ADA: No","launch_type":"Boat Ramp","land_type":"Public Access Site","dnr_accessid":550,"id":"launch-0030"}},{"type":"Feature","geometry":{"type":"Point","coordinates":[-85.001312,39.579646]},"properties":{"name":"Quakertown","access":"public","lake":"Brookville Lake","county":"Union","lat":39.579646,"lng":-85.001312,"source":"Indiana DNR Fish & Wildlife \u2014 Fishing Access Sites","source_url":"https://gisdata.in.gov/server/rest/services/Hosted/Fish_Access_RO/FeatureServer/0","notes":"Launch: Boat Ramp; Ramp: Concrete; Fee: Yes; Parking: PARKING_LOT; Motor: None; ADA: No","launch_type":"Boat Ramp","land_type":"Public Access Site","dnr_accessid":368,"id":"launch-0031"}},{"type":"Feature","geometry":{"type":"Point","coordinates":[-85.371909,41.397384]},"properties":{"name":"Skinner Lake","access":"public","lake":"Skinner Lake","county":"Noble","lat":41.397384,"lng":-85.371909,"source":"Indiana DNR Fish & Wildlife \u2014 Fishing Access Sites","source_url":"https://gisdata.in.gov/server/rest/services/Hosted/Fish_Access_RO/FeatureServer/0","notes":"Launch: Boat Ramp; Ramp: Concrete; Fee: No; Parking: PARKING_LOT; Motor: None; ADA: Yes","launch_type":"Boat Ramp","land_type":"Public Access Site","dnr_accessid":238,"id":"launch-0032"}},{"type":"Feature","geometry":{"type":"Point","coordinates":[-84.825279,41.730012]},"properties":{"name":"Clear Lake","access":"public","lake":"Clear Lake","county":"Steuben","lat":41.730012,"lng":-84.825279,"source":"Indiana DNR Fish & Wildlife \u2014 Fishing Access Sites","source_url":"https://gisdata.in.gov/server/rest/services/Hosted/Fish_Access_RO/FeatureServer/0","notes":"Launch: Boat Ramp; Ramp: Concrete; Fee: No; Parking: PARKING_LOT; Motor: None; ADA: Yes","launch_type":"Boat Ramp","land_type":"Public Access Site","dnr_accessid":328,"id":"launch-0033"}},{"type":"Feature","geometry":{"type":"Point","coordinates":[-85.610118,38.934018]},"properties":{"name":"Goose Pond","access":"public","lake":"Goose Pond","county":"Jennings","lat":38.934018,"lng":-85.610118,"source":"Indiana DNR Fish & Wildlife \u2014 Fishing Access Sites","source_url":"https://gisdata.in.gov/server/rest/services/Hosted/Fish_Access_RO/FeatureServer/0","notes":"Launch: Boat Ramp; Ramp:  ; Fee: No; Parking: PARKING_LOT; Motor: Electric only; ADA: No","launch_type":"Boat Ramp","land_type":"Public Access Site","dnr_accessid":102,"id":"launch-0034"}},{"type":"Feature","geometry":{"type":"Point","coordinates":[-85.486107,40.389035]},"properties":{"name":"Matthews","access":"public","lake":"Mississinewa River","county":"Grant","lat":40.389035,"lng":-85.486107,"source":"Indiana DNR Fish & Wildlife \u2014 Fishing Access Sites","source_url":"https://gisdata.in.gov/server/rest/services/Hosted/Fish_Access_RO/FeatureServer/0","notes":"Launch: Boat Ramp; Ramp:  ; Fee: No; Motor: None; ADA: Yes","launch_type":"Boat Ramp","land_type":"Public Access Site","dnr_accessid":481,"id":"launch-0035"}},{"type":"Feature","geometry":{"type":"Point","coordinates":[-86.959244,38.180039]},"properties":{"name":"Dale City Reservoir","access":"public","lake":"Dale City Reservoir","county":"Spencer","lat":38.180039,"lng":-86.959244,"source":"Indiana DNR Fish & Wildlife \u2014 Fishing Access Sites","source_url":"https://gisdata.in.gov/server/rest/services/Hosted/Fish_Access_RO/FeatureServer/0","notes":"Launch: Boat Ramp; Ramp: Concrete; Fee: Yes; Parking: PARKING_LOT; Motor: Electric only; ADA: No","launch_type":"Boat Ramp","land_type":"Public Access Site","dnr_accessid":301,"id":"launch-0036"}},{"type":"Feature","geometry":{"type":"Point","coordinates":[-86.853891,38.623927]},"properties":{"name":"Hindostan Falls PFA Ramp 1","access":"public","lake":"East Fork White River","county":"Martin","lat":38.623927,"lng":-86.853891,"source":"Indiana DNR Fish & Wildlife \u2014 Fishing Access Sites","source_url":"https://gisdata.in.gov/server/rest/services/Hosted/Fish_Access_RO/FeatureServer/0","notes":"Launch: Boat Ramp; Ramp: Concrete; Fee: No; Parking: PULL_OFF; Motor: None; ADA: No","launch_type":"Boat Ramp","land_type":"Public Fishing Area","dnr_accessid":200,"id":"launch-0037"}},{"type":"Feature","geometry":{"type":"Point","coordinates":[-85.680059,41.342559]},"properties":{"name":"Wyland Lake","access":"public","lake":"Wyland Lake","county":"Kosciusko","lat":41.342559,"lng":-85.680059,"source":"Indiana DNR Fish & Wildlife \u2014 Fishing Access Sites","source_url":"https://gisdata.in.gov/server/rest/services/Hosted/Fish_Access_RO/FeatureServer/0","notes":"Launch: Boat Ramp; Ramp: Concrete; Fee: No; Parking: PARKING_LOT; Motor: Electric only; ADA: No","launch_type":"Boat Ramp","land_type":"Public Access Site","dnr_accessid":136,"id":"launch-0038"}},{"type":"Feature","geometry":{"type":"Point","coordinates":[-86.132134,41.665076]},"properties":{"name":"Twin Branch Dam","access":"public","lake":"St. Joseph River","county":"St. Joseph","lat":41.665076,"lng":-86.132134,"source":"Indiana DNR Fish & Wildlife \u2014 Fishing Access Sites","source_url":"https://gisdata.in.gov/server/rest/services/Hosted/Fish_Access_RO/FeatureServer/0","notes":"Launch: Carry Down; Ramp:  ; Fee: No; Parking: PARKING_LOT; Motor: NA; ADA: Yes","launch_type":"Carry Down","land_type":"Public Access Site","dnr_accessid":317,"id":"launch-0039"}},{"type":"Feature","geometry":{"type":"Point","coordinates":[-87.218911,39.117502]},"properties":{"name":"Moss Lake","access":"public","lake":"Moss Lake","county":"Greene","lat":39.117502,"lng":-87.218911,"source":"Indiana DNR Fish & Wildlife \u2014 Fishing Access Sites","source_url":"https://gisdata.in.gov/server/rest/services/Hosted/Fish_Access_RO/FeatureServer/0","notes":"Launch: Boat Ramp; Ramp: Concrete; Fee: No; Parking: PARKING_LOT; Motor: Electric only; ADA: No","launch_type":"Boat Ramp","land_type":"Public Access Site","dnr_accessid":557,"id":"launch-0040"}},{"type":"Feature","geometry":{"type":"Point","coordinates":[-87.236237,39.023463]},"properties":{"name":"Morris Chapel Pit","access":"public","lake":"Morris Chapel Pit","county":"Greene","lat":39.023463,"lng":-87.236237,"source":"Indiana DNR Fish & Wildlife \u2014 Fishing Access Sites","source_url":"https://gisdata.in.gov/server/rest/services/Hosted/Fish_Access_RO/FeatureServer/0","notes":"Launch: Boat Ramp; Ramp:  ; Fee: Yes; Parking: PULL_OFF; Motor: Electric only; ADA: No","launch_type":"Boat Ramp","land_type":"Public Access Site","dnr_accessid":606,"id":"launch-0041"}},{"type":"Feature","geometry":{"type":"Point","coordinates":[-86.970794,38.504371]},"properties":{"name":"Portersville","access":"public","lake":"East Fork White River","county":"Daviess","lat":38.504371,"lng":-86.970794,"source":"Indiana DNR Fish & Wildlife \u2014 Fishing Access Sites","source_url":"https://gisdata.in.gov/server/rest/services/Hosted/Fish_Access_RO/FeatureServer/0","notes":"Launch: Boat Ramp; Ramp: Concrete; Fee: No; Parking: PARKING_LOT; Motor: None; ADA: No","launch_type":"Boat Ramp","land_type":"Public Access Site","dnr_accessid":37,"id":"launch-0042"}},{"type":"Feature","geometry":{"type":"Point","coordinates":[-86.51358,38.825086]},"properties":{"name":"Bedford","access":"public","lake":"East Fork White River","county":"Lawrence","lat":38.825086,"lng":-86.51358,"source":"Indiana DNR Fish & Wildlife \u2014 Fishing Access Sites","source_url":"https://gisdata.in.gov/server/rest/services/Hosted/Fish_Access_RO/FeatureServer/0","notes":"Launch: Boat Ramp; Ramp: Concrete; Fee: No; Parking: PULL_OFF; Motor: None; ADA: No","launch_type":"Boat Ramp","land_type":"Public Access Site","dnr_accessid":184,"id":"launch-0043"}},{"type":"Feature","geometry":{"type":"Point","coordinates":[-86.599221,41.052297]},"properties":{"name":"Winamac City Park","access":"public","lake":"Tippecanoe River","county":"Pulaski","lat":41.052297,"lng":-86.599221,"source":"Indiana DNR Fish & Wildlife \u2014 Fishing Access Sites","source_url":"https://gisdata.in.gov/server/rest/services/Hosted/Fish_Access_RO/FeatureServer/0","notes":"Launch: Boat Ramp; Ramp: Concrete; Fee: No; Parking: PARKING_LOT; Motor: None; ADA: Yes","launch_type":"Boat Ramp","land_type":"Public Access Site","dnr_accessid":293,"id":"launch-0044"}},{"type":"Feature","geometry":{"type":"Point","coordinates":[-85.195196,41.670735]},"properties":{"name":"Pigeon River","access":"public","lake":"Pigeon River","county":"LaGrange","lat":41.670735,"lng":-85.195196,"source":"Indiana DNR Fish & Wildlife \u2014 Fishing Access Sites","source_url":"https://gisdata.in.gov/server/rest/services/Hosted/Fish_Access_RO/FeatureServer/0","notes":"Launch: Boat Ramp; Ramp:  ; Fee: No; Parking: PARKING_LOT; Motor: None; ADA: No","launch_type":"Boat Ramp","land_type":"Public Access Site","dnr_accessid":934,"id":"launch-0045"}},{"type":"Feature","geometry":{"type":"Point","coordinates":[-85.375047,41.707402]},"properties":{"name":"Pigeon River (Ontario Millpond)","access":"public","lake":"Ontario Millpond","county":"LaGrange","lat":41.707402,"lng":-85.375047,"source":"Indiana DNR Fish & Wildlife \u2014 Fishing Access Sites","source_url":"https://gisdata.in.gov/server/rest/services/Hosted/Fish_Access_RO/FeatureServer/0","notes":"Launch: Boat Ramp; Ramp:  ; Fee: No; Parking: PARKING_LOT; Motor: Electric only; ADA: No","launch_type":"Boat Ramp","land_type":"Public Access Site","dnr_accessid":155,"id":"launch-0046"}},{"type":"Feature","geometry":{"type":"Point","coordinates":[-85.375275,41.335237]},"properties":{"name":"Dock Lake","access":"public","lake":"Dock Lake","county":"Noble","lat":41.335237,"lng":-85.375275,"source":"Indiana DNR Fish & Wildlife \u2014 Fishing Access Sites","source_url":"https://gisdata.in.gov/server/rest/services/Hosted/Fish_Access_RO/FeatureServer/0","notes":"Launch: Boat Ramp; Ramp:  ; Fee: Yes; Parking: PARKING_LOT; Motor: Electric only; ADA: Yes","launch_type":"Boat Ramp","land_type":"Public Access Site","dnr_accessid":225,"id":"launch-0047"}},{"type":"Feature","geometry":{"type":"Point","coordinates":[-85.66426,41.334901]},"properties":{"name":"Goldeneye Pond","access":"public","lake":"Goldeneye Pond","county":"Kosciusko","lat":41.334901,"lng":-85.66426,"source":"Indiana DNR Fish & Wildlife \u2014 Fishing Access Sites","source_url":"https://gisdata.in.gov/server/rest/services/Hosted/Fish_Access_RO/FeatureServer/0","notes":"Launch: Boat Ramp; Ramp: Concrete; Fee: No; Parking: PARKING_LOT; Motor: Electric only; ADA: No","launch_type":"Boat Ramp","land_type":"Public Access Site","dnr_accessid":124,"id":"launch-0048"}},{"type":"Feature","geometry":{"type":"Point","coordinates":[-85.942026,40.913962]},"properties":{"name":"Old Mill Site","access":"public","lake":"Eel River","county":"Wabash","lat":40.913962,"lng":-85.942026,"source":"Indiana DNR Fish & Wildlife \u2014 Fishing Access Sites","source_url":"https://gisdata.in.gov/server/rest/services/Hosted/Fish_Access_RO/FeatureServer/0","notes":"Launch: Boat Ramp; Ramp: Concrete; Fee: No; Motor: None; ADA: Yes","launch_type":"Boat Ramp","land_type":"Public Access Site","dnr_accessid":390,"id":"launch-0049"}},{"type":"Feature","geometry":{"type":"Point","coordinates":[-87.237187,39.013711]},"properties":{"name":"Tulip Pit (Greene-Sullivan)","access":"public","lake":"Tulip Pit","county":"Greene","lat":39.013711,"lng":-87.237187,"source":"Indiana DNR Fish & Wildlife \u2014 Fishing Access Sites","source_url":"https://gisdata.in.gov/server/rest/services/Hosted/Fish_Access_RO/FeatureServer/0","notes":"Launch: Boat Ramp; Ramp:  ; Fee: Yes; Parking: PARKING_LOT; Motor: Electric only; ADA: No","launch_type":"Boat Ramp","land_type":"Public Access Site","dnr_accessid":628,"id":"launch-0050"}},{"type":"Feature","geometry":{"type":"Point","coordinates":[-86.133804,39.870191]},"properties":{"name":"White River-Broad Ripple","access":"public","lake":"White River","county":"Marion","lat":39.870191,"lng":-86.133804,"source":"Indiana DNR Fish & Wildlife \u2014 Fishing Access Sites","source_url":"https://gisdata.in.gov/server/rest/services/Hosted/Fish_Access_RO/FeatureServer/0","notes":"Launch: Boat Ramp; Ramp: Concrete; Fee: No; Parking: PARKING_LOT; Motor: None; ADA: No","launch_type":"Boat Ramp","land_type":"Public Access Site","dnr_accessid":191,"id":"launch-0051"}},{"type":"Feature","geometry":{"type":"Point","coordinates":[-86.323816,40.764168]},"properties":{"name":"Spencer Park","access":"public","lake":"Eel River","county":"Cass","lat":40.764168,"lng":-86.323816,"source":"Indiana DNR Fish & Wildlife \u2014 Fishing Access Sites","source_url":"https://gisdata.in.gov/server/rest/services/Hosted/Fish_Access_RO/FeatureServer/0","notes":"Launch: Carry Down; Ramp:  ; Fee: No; Parking: PARKING_LOT; Motor: None; ADA: No","launch_type":"Carry Down","land_type":"Public Access Site","dnr_accessid":947,"id":"launch-0052"}},{"type":"Feature","geometry":{"type":"Point","coordinates":[-85.10467,41.53633]},"properties":{"name":"Little Turkey Lake","access":"public","lake":"Little Turkey Lake","county":"Steuben","lat":41.53633,"lng":-85.10467,"source":"Indiana DNR Fish & Wildlife \u2014 Fishing Access Sites","source_url":"https://gisdata.in.gov/server/rest/services/Hosted/Fish_Access_RO/FeatureServer/0","notes":"Launch: Boat Ramp; Ramp: Concrete; Fee: No; Parking: PARKING_LOT; Motor: None; ADA: Yes","launch_type":"Boat Ramp","land_type":"Public Access Site","dnr_accessid":334,"id":"launch-0053"}},{"type":"Feature","geometry":{"type":"Point","coordinates":[-85.950896,41.676463]},"properties":{"name":"Studebaker Park","access":"public","lake":"Elkhart River","county":"Elkhart","lat":41.676463,"lng":-85.950896,"source":"Indiana DNR Fish & Wildlife \u2014 Fishing Access Sites","source_url":"https://gisdata.in.gov/server/rest/services/Hosted/Fish_Access_RO/FeatureServer/0","notes":"Launch: Boat Ramp; Ramp: Concrete; Fee: No; Parking: PARKING_LOT; Motor: None; ADA: Yes","launch_type":"Boat Ramp","land_type":"Public Access Site","dnr_accessid":898,"id":"launch-0054"}},{"type":"Feature","geometry":{"type":"Point","coordinates":[-84.984327,39.589615]},"properties":{"name":"Dunlapsville Ramp","access":"public","lake":"Brookville Lake","county":"Union","lat":39.589615,"lng":-84.984327,"source":"Indiana DNR Fish & Wildlife \u2014 Fishing Access Sites","source_url":"https://gisdata.in.gov/server/rest/services/Hosted/Fish_Access_RO/FeatureServer/0","notes":"Launch: Boat Ramp; Ramp: Concrete; Fee: Yes; Parking: PARKING_LOT; ADA: No","launch_type":"Boat Ramp","land_type":"Public Access Site","dnr_accessid":364,"id":"launch-0055"}},{"type":"Feature","geometry":{"type":"Point","coordinates":[-85.436465,39.896807]},"properties":{"name":"Westwood Run Lake","access":"public","lake":"Westwood Run Lake","county":"Henry","lat":39.896807,"lng":-85.436465,"source":"Indiana DNR Fish & Wildlife \u2014 Fishing Access Sites","source_url":"https://gisdata.in.gov/server/rest/services/Hosted/Fish_Access_RO/FeatureServer/0","notes":"Launch: Boat Ramp; Ramp: Concrete; Fee: Yes; Parking: PARKING_LOT; Motor: Electric only; ADA: Yes","launch_type":"Boat Ramp","land_type":"Public Access Site","dnr_accessid":82,"id":"launch-0056"}},{"type":"Feature","geometry":{"type":"Point","coordinates":[-87.034374,38.569031]},"properties":{"name":"Dove Hollow Lake","access":"public","lake":"Dove Hollow Lake","county":"Daviess","lat":38.569031,"lng":-87.034374,"source":"Indiana DNR Fish & Wildlife \u2014 Fishing Access Sites","source_url":"https://gisdata.in.gov/server/rest/services/Hosted/Fish_Access_RO/FeatureServer/0","notes":"Launch: Boat Ramp; Ramp: Concrete; Fee: No; Parking: PARKING_LOT; Motor: Electric only; ADA: No","launch_type":"Boat Ramp","land_type":"Public Access Site","dnr_accessid":34,"id":"launch-0057"}},{"type":"Feature","geometry":{"type":"Point","coordinates":[-87.490323,41.684402]},"properties":{"name":"Wilhala Beach Co. Pk.","access":"public","lake":"Lake Michigan","county":"Lake","lat":41.684402,"lng":-87.490323,"source":"Indiana DNR Fish & Wildlife \u2014 Fishing Access Sites","source_url":"https://gisdata.in.gov/server/rest/services/Hosted/Fish_Access_RO/FeatureServer/0","notes":"Launch: Boat Ramp; Ramp: Concrete; Fee: Yes; Parking: PARKING_LOT; Motor: None; ADA: Yes","launch_type":"Boat Ramp","land_type":"Public Access Site","dnr_accessid":170,"id":"launch-0058"}},{"type":"Feature","geometry":{"type":"Point","coordinates":[-85.675871,41.362255]},"properties":{"name":"Allen Lake","access":"public","lake":"Allen Lake","county":"Kosciusko","lat":41.362255,"lng":-85.675871,"source":"Indiana DNR Fish & Wildlife \u2014 Fishing Access Sites","source_url":"https://gisdata.in.gov/server/rest/services/Hosted/Fish_Access_RO/FeatureServer/0","notes":"Launch: Boat Ramp; Ramp: Gravel; Fee: No; Parking: PULL_OFF; Motor: Electric only; ADA: No","launch_type":"Boat Ramp","land_type":"Public Access Site","dnr_accessid":838,"id":"launch-0059"}},{"type":"Feature","geometry":{"type":"Point","coordinates":[-86.210304,41.105876]},"properties":{"name":"Menominee PFA","access":"public","lake":"Tippecanoe River","county":"Fulton","lat":41.105876,"lng":-86.210304,"source":"Indiana DNR Fish & Wildlife \u2014 Fishing Access Sites","source_url":"https://gisdata.in.gov/server/rest/services/Hosted/Fish_Access_RO/FeatureServer/0","notes":"Launch: Boat Ramp; Ramp: Gravel; Fee: No; Parking: PARKING_LOT; Motor: None; ADA: No","launch_type":"Boat Ramp","land_type":"Public Fishing Area","dnr_accessid":64,"id":"launch-0060"}},{"type":"Feature","geometry":{"type":"Point","coordinates":[-85.276082,41.509539]},"properties":{"name":"Cree Lake","access":"public","lake":"Cree Lake","county":"Noble","lat":41.509539,"lng":-85.276082,"source":"Indiana DNR Fish & Wildlife \u2014 Fishing Access Sites","source_url":"https://gisdata.in.gov/server/rest/services/Hosted/Fish_Access_RO/FeatureServer/0","notes":"Launch: Boat Ramp; Ramp: Concrete; Fee: No; Parking: PARKING_LOT; Motor: None; ADA: Yes","launch_type":"Boat Ramp","land_type":"Public Access Site","dnr_accessid":226,"id":"launch-0061"}},{"type":"Feature","geometry":{"type":"Point","coordinates":[-86.523488,37.920846]},"properties":{"name":"Rome","access":"public","lake":"Ohio River","county":"Perry","lat":37.920846,"lng":-86.523488,"source":"Indiana DNR Fish & Wildlife \u2014 Fishing Access Sites","source_url":"https://gisdata.in.gov/server/rest/services/Hosted/Fish_Access_RO/FeatureServer/0","notes":"Launch: Boat Ramp; Ramp:  ; Fee: No; Parking: PARKING_LOT; Motor: None; ADA: No","launch_type":"Boat Ramp","land_type":"Public Access Site","dnr_accessid":432,"id":"launch-0062"}},{"type":"Feature","geometry":{"type":"Point","coordinates":[-87.436848,41.655075]},"properties":{"name":"Pastrick Marina","access":"public","lake":"Lake Michigan","county":"Lake","lat":41.655075,"lng":-87.436848,"source":"Indiana DNR Fish & Wildlife \u2014 Fishing Access Sites","source_url":"https://gisdata.in.gov/server/rest/services/Hosted/Fish_Access_RO/FeatureServer/0","notes":"Launch: Boat Ramp; Ramp: Concrete; Fee: Yes; Parking: PARKING_LOT; Motor: None; ADA: Yes","launch_type":"Boat Ramp","land_type":"Public Access Site","dnr_accessid":165,"id":"launch-0063"}},{"type":"Feature","geometry":{"type":"Point","coordinates":[-86.656034,40.976145]},"properties":{"name":"Pulaski","access":"public","lake":"Tippecanoe River","county":"Pulaski","lat":40.976145,"lng":-86.656034,"source":"Indiana DNR Fish & Wildlife \u2014 Fishing Access Sites","source_url":"https://gisdata.in.gov/server/rest/services/Hosted/Fish_Access_RO/FeatureServer/0","notes":"Launch: Boat Ramp; Ramp: Concrete; Fee: No; Parking: PARKING_LOT; Motor: None; ADA: No","launch_type":"Boat Ramp","land_type":"Public Access Site","dnr_accessid":291,"id":"launch-0064"}},{"type":"Feature","geometry":{"type":"Point","coordinates":[-86.079675,38.878398]},"properties":{"name":"Brownstown PFA","access":"public","lake":"Gravel pit","county":"Jackson","lat":38.878398,"lng":-86.079675,"source":"Indiana DNR Fish & Wildlife \u2014 Fishing Access Sites","source_url":"https://gisdata.in.gov/server/rest/services/Hosted/Fish_Access_RO/FeatureServer/0","notes":"Launch: Boat Ramp; Ramp:  ; Fee: No; Parking: PARKING_LOT; Motor: None; ADA: No","launch_type":"Boat Ramp","land_type":"Public Fishing Area","dnr_accessid":845,"id":"launch-0065"}},{"type":"Feature","geometry":{"type":"Point","coordinates":[-85.574943,41.435567]},"properties":{"name":"Engle Lake","access":"public","lake":"Engle Lake","county":"Noble","lat":41.435567,"lng":-85.574943,"source":"Indiana DNR Fish & Wildlife \u2014 Fishing Access Sites","source_url":"https://gisdata.in.gov/server/rest/services/Hosted/Fish_Access_RO/FeatureServer/0","notes":"Launch: Boat Ramp; Ramp: Concrete; Fee: No; Parking: PARKING_LOT; Motor: None; ADA: Yes","launch_type":"Boat Ramp","land_type":"Public Access Site","dnr_accessid":230,"id":"launch-0066"}},{"type":"Feature","geometry":{"type":"Point","coordinates":[-87.243879,38.981418]},"properties":{"name":"Spencer Pit","access":"public","lake":"Spencer Pit","county":"Sullivan","lat":38.981418,"lng":-87.243879,"source":"Indiana DNR Fish & Wildlife \u2014 Fishing Access Sites","source_url":"https://gisdata.in.gov/server/rest/services/Hosted/Fish_Access_RO/FeatureServer/0","notes":"Launch: Boat Ramp; Ramp:  ; Fee: Yes; Parking: PARKING_LOT; Motor: Electric only; ADA: No","launch_type":"Boat Ramp","land_type":"Public Access Site","dnr_accessid":600,"id":"launch-0067"}},{"type":"Feature","geometry":{"type":"Point","coordinates":[-86.989114,40.000167]},"properties":{"name":"Sugar Creek Public Fishing Area","access":"public","lake":"Sugar Creek","county":"Montgomery","lat":40.000167,"lng":-86.989114,"source":"Indiana DNR Fish & Wildlife \u2014 Fishing Access Sites","source_url":"https://gisdata.in.gov/server/rest/services/Hosted/Fish_Access_RO/FeatureServer/0","notes":"Launch: Carry Down; Fee: No; Parking: PARKING_LOT; Motor: None; ADA: No","launch_type":"Carry Down","land_type":"Public Fishing Area","dnr_accessid":979,"id":"launch-0068"}},{"type":"Feature","geometry":{"type":"Point","coordinates":[-85.318179,40.82057]},"properties":{"name":"Roush Lake (Cartop 11)","access":"public","lake":"Wabash River","county":"Wells","lat":40.82057,"lng":-85.318179,"source":"Indiana DNR Fish & Wildlife \u2014 Fishing Access Sites","source_url":"https://gisdata.in.gov/server/rest/services/Hosted/Fish_Access_RO/FeatureServer/0","notes":"Launch: Carry Down; Ramp:  ; Fee: No; Motor: None; ADA: No","launch_type":"Carry Down","land_type":"Public Access Site","dnr_accessid":963,"id":"launch-0069"}},{"type":"Feature","geometry":{"type":"Point","coordinates":[-87.24272,38.360477]},"properties":{"name":"Arm Pit","access":"public","lake":"Arm Pit","county":"Pike","lat":38.360477,"lng":-87.24272,"source":"Indiana DNR Fish & Wildlife \u2014 Fishing Access Sites","source_url":"https://gisdata.in.gov/server/rest/services/Hosted/Fish_Access_RO/FeatureServer/0","notes":"Launch: Canoe Ramp; Ramp: Concrete & Gravel; Fee: No; Motor: Electric only; ADA: No","launch_type":"Canoe Ramp","land_type":"Public Access Site","dnr_accessid":522,"id":"launch-0070"}},{"type":"Feature","geometry":{"type":"Point","coordinates":[-85.005652,41.222645]},"properties":{"name":"Cedarville Reservoir","access":"public","lake":"Cedarville Reservoir","county":"Allen","lat":41.222645,"lng":-85.005652,"source":"Indiana DNR Fish & Wildlife \u2014 Fishing Access Sites","source_url":"https://gisdata.in.gov/server/rest/services/Hosted/Fish_Access_RO/FeatureServer/0","notes":"Launch: Boat Ramp; Ramp: Concrete; Fee: No; Parking: PARKING_LOT; Motor: None; ADA: Yes","launch_type":"Boat Ramp","land_type":"Public Access Site","dnr_accessid":2,"id":"launch-0071"}},{"type":"Feature","geometry":{"type":"Point","coordinates":[-86.561473,38.485205]},"properties":{"name":"Springs Valley Lake (Tucker Lake)","access":"public","lake":"Springs Valley Lake","county":"Orange","lat":38.485205,"lng":-86.561473,"source":"Indiana DNR Fish & Wildlife \u2014 Fishing Access Sites","source_url":"https://gisdata.in.gov/server/rest/services/Hosted/Fish_Access_RO/FeatureServer/0","notes":"Launch: Boat Ramp; Ramp: Concrete; Fee: No; Parking: PARKING_LOT; Motor: Electric only; ADA: No","launch_type":"Boat Ramp","land_type":"Public Access Site","dnr_accessid":248,"id":"launch-0072"}},{"type":"Feature","geometry":{"type":"Point","coordinates":[-85.759818,39.12264]},"properties":{"name":"Eco Lake Park","access":"public","lake":"Eco Lake","county":"Jennings","lat":39.12264,"lng":-85.759818,"source":"Indiana DNR Fish & Wildlife \u2014 Fishing Access Sites","source_url":"https://gisdata.in.gov/server/rest/services/Hosted/Fish_Access_RO/FeatureServer/0","notes":"Launch: Boat Ramp; Ramp: Concrete; Fee: No; Parking: PULL_OFF; Motor: Electric only; ADA: Yes","launch_type":"Boat Ramp","land_type":"Public Fishing Area","dnr_accessid":981,"id":"launch-0073"}},{"type":"Feature","geometry":{"type":"Point","coordinates":[-86.074206,39.858018]},"properties":{"name":"Fall Creek","access":"public","lake":"Fall Creek","county":"Marion","lat":39.858018,"lng":-86.074206,"source":"Indiana DNR Fish & Wildlife \u2014 Fishing Access Sites","source_url":"https://gisdata.in.gov/server/rest/services/Hosted/Fish_Access_RO/FeatureServer/0","notes":"Launch: Carry Down; Ramp:  ; Fee: No; Parking: PARKING_LOT; Motor: NA; ADA: Yes","launch_type":"Carry Down","land_type":"Public Access Site","dnr_accessid":190,"id":"launch-0074"}},{"type":"Feature","geometry":{"type":"Point","coordinates":[-86.530896,40.764735]},"properties":{"name":"Lake Cicott","access":"public","lake":"Lake Cicott","county":"Cass","lat":40.764735,"lng":-86.530896,"source":"Indiana DNR Fish & Wildlife \u2014 Fishing Access Sites","source_url":"https://gisdata.in.gov/server/rest/services/Hosted/Fish_Access_RO/FeatureServer/0","notes":"Launch: Boat Ramp; Fee: No; Parking: PARKING_LOT; Motor: None; ADA: Yes","launch_type":"Boat Ramp","land_type":"Public Access Site","dnr_accessid":989,"id":"launch-0075"}},{"type":"Feature","geometry":{"type":"Point","coordinates":[-85.833625,40.972577]},"properties":{"name":"Laketon","access":"public","lake":"Eel River","county":"Wabash","lat":40.972577,"lng":-85.833625,"source":"Indiana DNR Fish & Wildlife \u2014 Fishing Access Sites","source_url":"https://gisdata.in.gov/server/rest/services/Hosted/Fish_Access_RO/FeatureServer/0","notes":"Launch: Boat Ramp; Ramp: Concrete; Fee: No; Parking: PARKING_LOT; Motor: None; ADA: Yes","launch_type":"Boat Ramp","land_type":"Public Access Site","dnr_accessid":385,"id":"launch-0076"}},{"type":"Feature","geometry":{"type":"Point","coordinates":[-86.156362,41.671712]},"properties":{"name":"Miami Island (Mishawaka)","access":"public","lake":"St. Joseph River","county":"St. Joseph","lat":41.671712,"lng":-86.156362,"source":"Indiana DNR Fish & Wildlife \u2014 Fishing Access Sites","source_url":"https://gisdata.in.gov/server/rest/services/Hosted/Fish_Access_RO/FeatureServer/0","notes":"Launch: Boat Ramp; Ramp: Concrete; Fee: No; Parking: PARKING_LOT; Motor: None; ADA: No","launch_type":"Boat Ramp","land_type":"Public Access Site","dnr_accessid":312,"id":"launch-0077"}},{"type":"Feature","geometry":{"type":"Point","coordinates":[-87.231778,38.970278]},"properties":{"name":"Sycamore Pit (Greene-Sullivan)","access":"public","lake":"Sycamore Pit","county":"Greene","lat":38.970278,"lng":-87.231778,"source":"Indiana DNR Fish & Wildlife \u2014 Fishing Access Sites","source_url":"https://gisdata.in.gov/server/rest/services/Hosted/Fish_Access_RO/FeatureServer/0","notes":"Launch: Boat Ramp; Ramp:  ; Fee: Yes; Parking: PARKING_LOT; Motor: Electric only; ADA: No","launch_type":"Boat Ramp","land_type":"Public Access Site","dnr_accessid":829,"id":"launch-0078"}},{"type":"Feature","geometry":{"type":"Point","coordinates":[-85.480962,41.28034]},"properties":{"name":"Crane Lake","access":"public","lake":"Crane Lake","county":"Noble","lat":41.28034,"lng":-85.480962,"source":"Indiana DNR Fish & Wildlife \u2014 Fishing Access Sites","source_url":"https://gisdata.in.gov/server/rest/services/Hosted/Fish_Access_RO/FeatureServer/0","notes":"Launch: Boat Ramp; Ramp: Concrete; Fee: No; Parking: PARKING_LOT; Motor: None; ADA: Yes","launch_type":"Boat Ramp","land_type":"Public Access Site","dnr_accessid":244,"id":"launch-0079"}},{"type":"Feature","geometry":{"type":"Point","coordinates":[-87.117219,38.328514]},"properties":{"name":"Pikeville","access":"public","lake":"Patoka River","county":"Pike","lat":38.328514,"lng":-87.117219,"source":"Indiana DNR Fish & Wildlife \u2014 Fishing Access Sites","source_url":"https://gisdata.in.gov/server/rest/services/Hosted/Fish_Access_RO/FeatureServer/0","notes":"Launch: Boat Ramp; Ramp: Concrete; Fee: No; Parking: PARKING_LOT; Motor: None; ADA: Yes","launch_type":"Boat Ramp","land_type":"Public Access Site","dnr_accessid":273,"id":"launch-0080"}},{"type":"Feature","geometry":{"type":"Point","coordinates":[-87.251687,38.97257]},"properties":{"name":"Benefiel Pit","access":"public","lake":"Benefiel Pit","county":"Sullivan","lat":38.97257,"lng":-87.251687,"source":"Indiana DNR Fish & Wildlife \u2014 Fishing Access Sites","source_url":"https://gisdata.in.gov/server/rest/services/Hosted/Fish_Access_RO/FeatureServer/0","notes":"Launch: Boat Ramp; Ramp: Gravel; Fee: Yes; Parking: PARKING_LOT; Motor: Electric only; ADA: No","launch_type":"Boat Ramp","land_type":"Public Access Site","dnr_accessid":824,"id":"launch-0081"}},{"type":"Feature","geometry":{"type":"Point","coordinates":[-86.047372,40.491588]},"properties":{"name":"Kokomo Parks & Recreation Dept.","access":"public","lake":"Kokomo Reservoir","county":"Howard","lat":40.491588,"lng":-86.047372,"source":"Indiana DNR Fish & Wildlife \u2014 Fishing Access Sites","source_url":"https://gisdata.in.gov/server/rest/services/Hosted/Fish_Access_RO/FeatureServer/0","notes":"Launch: Boat Ramp; Ramp: Concrete; Fee: No; Motor: None; ADA: Yes","launch_type":"Boat Ramp","land_type":"Public Access Site","dnr_accessid":84,"id":"launch-0082"}},{"type":"Feature","geometry":{"type":"Point","coordinates":[-85.777956,38.287059]},"properties":{"name":"George Rogers Clark Homesite","access":"public","lake":"Ohio River","county":"Clark","lat":38.287059,"lng":-85.777956,"source":"Indiana DNR Fish & Wildlife \u2014 Fishing Access Sites","source_url":"https://gisdata.in.gov/server/rest/services/Hosted/Fish_Access_RO/FeatureServer/0","notes":"Launch: Boat Ramp; Ramp: Concrete; Fee: No; Motor: None; ADA: Yes","launch_type":"Boat Ramp","land_type":"Public Access Site","dnr_accessid":25,"id":"launch-0083"}},{"type":"Feature","geometry":{"type":"Point","coordinates":[-86.760054,40.391223]},"properties":{"name":"Fairfield Park Lake 4","access":"public","lake":"Fairfield Park Lake 4","county":"Tippecanoe","lat":40.391223,"lng":-86.760054,"source":"Indiana DNR Fish & Wildlife \u2014 Fishing Access Sites","source_url":"https://gisdata.in.gov/server/rest/services/Hosted/Fish_Access_RO/FeatureServer/0","notes":"Launch: Carry Down; Ramp:  ; Fee: No; Parking: PARKING_LOT; Motor: Electric only; ADA: No","launch_type":"Carry Down","land_type":"Public Fishing Area","dnr_accessid":976,"id":"launch-0084"}},{"type":"Feature","geometry":{"type":"Point","coordinates":[-86.197756,39.803572]},"properties":{"name":"White River-Riverside Park","access":"public","lake":"White River","county":"Marion","lat":39.803572,"lng":-86.197756,"source":"Indiana DNR Fish & Wildlife \u2014 Fishing Access Sites","source_url":"https://gisdata.in.gov/server/rest/services/Hosted/Fish_Access_RO/FeatureServer/0","notes":"Launch: Boat Ramp; Ramp: Concrete; Fee: No; Parking: PARKING_LOT; Motor: None; ADA: No","launch_type":"Boat Ramp","land_type":"Public Access Site","dnr_accessid":192,"id":"launch-0085"}},{"type":"Feature","geometry":{"type":"Point","coordinates":[-87.234875,38.992322]},"properties":{"name":"Mayfield Pit","access":"public","lake":"Mayfield Pit","county":"Greene","lat":38.992322,"lng":-87.234875,"source":"Indiana DNR Fish & Wildlife \u2014 Fishing Access Sites","source_url":"https://gisdata.in.gov/server/rest/services/Hosted/Fish_Access_RO/FeatureServer/0","notes":"Launch: Boat Ramp; Ramp: Gravel; Fee: Yes; Parking: PARKING_LOT; Motor: Electric only; ADA: No","launch_type":"Boat Ramp","land_type":"Public Access Site","dnr_accessid":591,"id":"launch-0086"}},{"type":"Feature","geometry":{"type":"Point","coordinates":[-87.831449,38.292766]},"properties":{"name":"Crawleyville","access":"public","lake":"Wabash River","county":"Gibson","lat":38.292766,"lng":-87.831449,"source":"Indiana DNR Fish & Wildlife \u2014 Fishing Access Sites","source_url":"https://gisdata.in.gov/server/rest/services/Hosted/Fish_Access_RO/FeatureServer/0","notes":"Launch: Boat Ramp; Ramp: Concrete; Fee: No; Parking: PARKING_LOT; Motor: None; ADA: Yes","launch_type":"Boat Ramp","land_type":"Public Access Site","dnr_accessid":68,"id":"launch-0087"}},{"type":"Feature","geometry":{"type":"Point","coordinates":[-85.683766,40.807854]},"properties":{"name":"Hominy Ridge Lake","access":"public","lake":"Hominy Ridge Lake","county":"Wabash","lat":40.807854,"lng":-85.683766,"source":"Indiana DNR Fish & Wildlife \u2014 Fishing Access Sites","source_url":"https://gisdata.in.gov/server/rest/services/Hosted/Fish_Access_RO/FeatureServer/0","notes":"Launch: Boat Ramp; Ramp:  ; Fee: No; Parking: PARKING_LOT; Motor: Electric only; ADA: No","launch_type":"Boat Ramp","land_type":"Public Access Site","dnr_accessid":384,"id":"launch-0088"}},{"type":"Feature","geometry":{"type":"Point","coordinates":[-86.069186,39.941372]},"properties":{"name":"Hazel Dell Landing","access":"public","lake":"White River","county":"Hamilton","lat":39.941372,"lng":-86.069186,"source":"Indiana DNR Fish & Wildlife \u2014 Fishing Access Sites","source_url":"https://gisdata.in.gov/server/rest/services/Hosted/Fish_Access_RO/FeatureServer/0","notes":"Launch: Carry Down; Ramp:  ; Fee: No; Parking: PARKING_LOT; Motor: NA; ADA: No","launch_type":"Carry Down","land_type":"Public Access Site","dnr_accessid":455,"id":"launch-0089"}},{"type":"Feature","geometry":{"type":"Point","coordinates":[-85.996962,41.678522]},"properties":{"name":"McNaughton Park","access":"public","lake":"St. Joseph River","county":"Elkhart","lat":41.678522,"lng":-85.996962,"source":"Indiana DNR Fish & Wildlife \u2014 Fishing Access Sites","source_url":"https://gisdata.in.gov/server/rest/services/Hosted/Fish_Access_RO/FeatureServer/0","notes":"Launch: Boat Ramp; Ramp: Concrete; Fee: No; Parking: PARKING_LOT; Motor: None; ADA: Yes","launch_type":"Boat Ramp","land_type":"Public Access Site","dnr_accessid":896,"id":"launch-0090"}},{"type":"Feature","geometry":{"type":"Point","coordinates":[-86.268508,41.728399]},"properties":{"name":"South Bend","access":"public","lake":"St. Joseph River","county":"St. Joseph","lat":41.728399,"lng":-86.268508,"source":"Indiana DNR Fish & Wildlife \u2014 Fishing Access Sites","source_url":"https://gisdata.in.gov/server/rest/services/Hosted/Fish_Access_RO/FeatureServer/0","notes":"Launch: Boat Ramp; Ramp: Concrete; Fee: No; Parking: PARKING_LOT; Motor: None; ADA: No","launch_type":"Boat Ramp","land_type":"Public Access Site","dnr_accessid":315,"id":"launch-0091"}},{"type":"Feature","geometry":{"type":"Point","coordinates":[-85.744867,41.42263]},"properties":{"name":"Syracuse Lake","access":"public","lake":"Syracuse Lake","county":"Kosciusko","lat":41.42263,"lng":-85.744867,"source":"Indiana DNR Fish & Wildlife \u2014 Fishing Access Sites","source_url":"https://gisdata.in.gov/server/rest/services/Hosted/Fish_Access_RO/FeatureServer/0","notes":"Launch: Boat Ramp; Ramp: Concrete; Fee: No; Parking: PARKING_LOT; Motor: None; ADA: No","launch_type":"Boat Ramp","land_type":"Public Access Site","dnr_accessid":133,"id":"launch-0092"}},{"type":"Feature","geometry":{"type":"Point","coordinates":[-87.18613,40.91278]},"properties":{"name":"St. Joseph College Public Access Site","access":"public","lake":"Iroquois River","county":"Jasper","lat":40.91278,"lng":-87.18613,"source":"Indiana DNR Fish & Wildlife \u2014 Fishing Access Sites","source_url":"https://gisdata.in.gov/server/rest/services/Hosted/Fish_Access_RO/FeatureServer/0","notes":"Launch: Canoe Ramp; Ramp:  ; Fee: no; Parking: PARKING_LOT; Motor: NA; ADA: No","launch_type":"Canoe Ramp","land_type":"Public Access Site","dnr_accessid":990,"id":"launch-0093"}},{"type":"Feature","geometry":{"type":"Point","coordinates":[-86.76113,40.389414]},"properties":{"name":"Wildcat Creek at Fairfield Park","access":"public","lake":"Wildcat Creek","county":"Tippecanoe","lat":40.389414,"lng":-86.76113,"source":"Indiana DNR Fish & Wildlife \u2014 Fishing Access Sites","source_url":"https://gisdata.in.gov/server/rest/services/Hosted/Fish_Access_RO/FeatureServer/0","notes":"Launch: Carry Down; Ramp:  ; Fee: No; Parking: PARKING_LOT; Motor: None; ADA: No","launch_type":"Carry Down","land_type":"Public Access Site","dnr_accessid":977,"id":"launch-0094"}},{"type":"Feature","geometry":{"type":"Point","coordinates":[-86.73925,41.629533]},"properties":{"name":"Teledyne Park","access":"public","lake":"Pine Lake","county":"LaPorte","lat":41.629533,"lng":-86.73925,"source":"Indiana DNR Fish & Wildlife \u2014 Fishing Access Sites","source_url":"https://gisdata.in.gov/server/rest/services/Hosted/Fish_Access_RO/FeatureServer/0","notes":"Launch: Boat Ramp; Ramp:  ; Fee: No; Parking: PARKING_LOT; Motor: None; ADA: Yes","launch_type":"Boat Ramp","land_type":"Public Access Site","dnr_accessid":180,"id":"launch-0095"}},{"type":"Feature","geometry":{"type":"Point","coordinates":[-85.269976,41.680046]},"properties":{"name":"Pigeon River (Mongo Millpond)","access":"public","lake":"Mongo Millpond","county":"LaGrange","lat":41.680046,"lng":-85.269976,"source":"Indiana DNR Fish & Wildlife \u2014 Fishing Access Sites","source_url":"https://gisdata.in.gov/server/rest/services/Hosted/Fish_Access_RO/FeatureServer/0","notes":"Launch: Boat Ramp; Ramp:  ; Fee: No; Parking: PARKING_LOT; Motor: Electric only; ADA: No","launch_type":"Boat Ramp","land_type":"Public Access Site","dnr_accessid":153,"id":"launch-0096"}},{"type":"Feature","geometry":{"type":"Point","coordinates":[-85.243546,41.569006]},"properties":{"name":"Big Long Lake","access":"public","lake":"Big Long Lake","county":"LaGrange","lat":41.569006,"lng":-85.243546,"source":"Indiana DNR Fish & Wildlife \u2014 Fishing Access Sites","source_url":"https://gisdata.in.gov/server/rest/services/Hosted/Fish_Access_RO/FeatureServer/0","notes":"Launch: Boat Ramp; Ramp: Concrete; Fee: No; Parking: PARKING_LOT; Motor: None; ADA: Yes","launch_type":"Boat Ramp","land_type":"Public Access Site","dnr_accessid":142,"id":"launch-0097"}},{"type":"Feature","geometry":{"type":"Point","coordinates":[-85.063202,38.744796]},"properties":{"name":"Paul W. Ogle Riverfront Park","access":"public","lake":"Ohio River","county":"Switzerland","lat":38.744796,"lng":-85.063202,"source":"Indiana DNR Fish & Wildlife \u2014 Fishing Access Sites","source_url":"https://gisdata.in.gov/server/rest/services/Hosted/Fish_Access_RO/FeatureServer/0","notes":"Launch: Boat Ramp; Ramp: Concrete; Fee: No; Motor: None; ADA: No","launch_type":"Boat Ramp","land_type":"Public Access Site","dnr_accessid":359,"id":"launch-0098"}},{"type":"Feature","geometry":{"type":"Point","coordinates":[-85.03485,41.670563]},"properties":{"name":"Crooked Lake","access":"public","lake":"Crooked Lake","county":"Steuben","lat":41.670563,"lng":-85.03485,"source":"Indiana DNR Fish & Wildlife \u2014 Fishing Access Sites","source_url":"https://gisdata.in.gov/server/rest/services/Hosted/Fish_Access_RO/FeatureServer/0","notes":"Launch: Boat Ramp; Ramp:  ; Fee: No; Parking: PARKING_LOT; Motor: None; ADA: No","launch_type":"Boat Ramp","land_type":"Public Access Site","dnr_accessid":458,"id":"launch-0099"}},{"type":"Feature","geometry":{"type":"Point","coordinates":[-84.967071,38.779674]},"properties":{"name":"Markland Dam Park","access":"public","lake":"Ohio River","county":"Switzerland","lat":38.779674,"lng":-84.967071,"source":"Indiana DNR Fish & Wildlife \u2014 Fishing Access Sites","source_url":"https://gisdata.in.gov/server/rest/services/Hosted/Fish_Access_RO/FeatureServer/0","notes":"Launch: Carry Down; Ramp:  ; Fee: No; Motor: None; ADA: No","launch_type":"Carry Down","land_type":"Public Fishing Area","dnr_accessid":358,"id":"launch-0100"}},{"type":"Feature","geometry":{"type":"Point","coordinates":[-85.891337,39.947538]},"properties":{"name":"Geist Park","access":"public","lake":"Fall Creek","county":"Hamilton","lat":39.947538,"lng":-85.891337,"source":"Indiana DNR Fish & Wildlife \u2014 Fishing Access Sites","source_url":"https://gisdata.in.gov/server/rest/services/Hosted/Fish_Access_RO/FeatureServer/0","notes":"Launch: Carry Down; Ramp:  ; Fee: No; Parking: PARKING_LOT; Motor: NA; ADA: No","launch_type":"Carry Down","land_type":"Public Fishing Area","dnr_accessid":467,"id":"launch-0101"}},{"type":"Feature","geometry":{"type":"Point","coordinates":[-86.252044,39.200956]},"properties":{"name":"Deer Run Park","access":"public","lake":"Salt Creek","county":"Brown","lat":39.200956,"lng":-86.252044,"source":"Indiana DNR Fish & Wildlife \u2014 Fishing Access Sites","source_url":"https://gisdata.in.gov/server/rest/services/Hosted/Fish_Access_RO/FeatureServer/0","notes":"Launch: Carry Down; Parking: PARKING_LOT; Motor: NA","launch_type":"Carry Down","land_type":"Public Access Site","dnr_accessid":992,"id":"launch-0102"}},{"type":"Feature","geometry":{"type":"Point","coordinates":[-87.941538,38.129785]},"properties":{"name":"New Harmony","access":"public","lake":"Wabash River","county":"Posey","lat":38.129785,"lng":-87.941538,"source":"Indiana DNR Fish & Wildlife \u2014 Fishing Access Sites","source_url":"https://gisdata.in.gov/server/rest/services/Hosted/Fish_Access_RO/FeatureServer/0","notes":"Launch: Boat Ramp; Ramp: Concrete; Fee: No; Parking: PARKING_LOT; Motor: None; ADA: No","launch_type":"Boat Ramp","land_type":"Public Access Site","dnr_accessid":289,"id":"launch-0103"}},{"type":"Feature","geometry":{"type":"Point","coordinates":[-86.556327,41.097585]},"properties":{"name":"Haschell Bridge","access":"public","lake":"Tippecanoe River","county":"Pulaski","lat":41.097585,"lng":-86.556327,"source":"Indiana DNR Fish & Wildlife \u2014 Fishing Access Sites","source_url":"https://gisdata.in.gov/server/rest/services/Hosted/Fish_Access_RO/FeatureServer/0","notes":"Launch: Boat Ramp; Ramp: Concrete; Fee: No; Parking: PARKING_LOT; Motor: None; ADA: No","launch_type":"Boat Ramp","land_type":"Public Access Site","dnr_accessid":290,"id":"launch-0104"}},{"type":"Feature","geometry":{"type":"Point","coordinates":[-87.180636,38.28174]},"properties":{"name":"Bethel  Pit","access":"public","lake":"Bethel Pit","county":"Pike","lat":38.28174,"lng":-87.180636,"source":"Indiana DNR Fish & Wildlife \u2014 Fishing Access Sites","source_url":"https://gisdata.in.gov/server/rest/services/Hosted/Fish_Access_RO/FeatureServer/0","notes":"Launch: Boat Ramp; Ramp: Concrete; Fee: No; Parking: PARKING_LOT; Motor: Electric only; ADA: No","launch_type":"Boat Ramp","land_type":"Public Access Site","dnr_accessid":267,"id":"launch-0105"}},{"type":"Feature","geometry":{"type":"Point","coordinates":[-87.146771,39.098709]},"properties":{"name":"Beaver Dam Lake","access":"public","lake":"Beaver Dam Lake","county":"Greene","lat":39.098709,"lng":-87.146771,"source":"Indiana DNR Fish & Wildlife \u2014 Fishing Access Sites","source_url":"https://gisdata.in.gov/server/rest/services/Hosted/Fish_Access_RO/FeatureServer/0","notes":"Launch: Boat Ramp; Ramp: Gravel; Fee: No; Parking: PARKING_LOT; Motor: Electric only; ADA: No","launch_type":"Boat Ramp","land_type":"Public Access Site","dnr_accessid":564,"id":"launch-0106"}},{"type":"Feature","geometry":{"type":"Point","coordinates":[-86.962622,39.110862]},"properties":{"name":"Worthington","access":"public","lake":"White River","county":"Greene","lat":39.110862,"lng":-86.962622,"source":"Indiana DNR Fish & Wildlife \u2014 Fishing Access Sites","source_url":"https://gisdata.in.gov/server/rest/services/Hosted/Fish_Access_RO/FeatureServer/0","notes":"Launch: Boat Ramp; Ramp: Concrete; Fee: No; Parking: PARKING_LOT; Motor: None; ADA: Yes","launch_type":"Boat Ramp","land_type":"Public Access Site","dnr_accessid":75,"id":"launch-0107"}},{"type":"Feature","geometry":{"type":"Point","coordinates":[-85.865945,41.160038]},"properties":{"name":"Carr Lake","access":"public","lake":"Carr Lake","county":"Kosciusko","lat":41.160038,"lng":-85.865945,"source":"Indiana DNR Fish & Wildlife \u2014 Fishing Access Sites","source_url":"https://gisdata.in.gov/server/rest/services/Hosted/Fish_Access_RO/FeatureServer/0","notes":"Launch: Boat Ramp; Ramp: Concrete; Fee: No; Parking: PARKING_LOT; Motor: None; ADA: Yes","launch_type":"Boat Ramp","land_type":"Public Access Site","dnr_accessid":120,"id":"launch-0108"}},{"type":"Feature","geometry":{"type":"Point","coordinates":[-85.6886,41.289765]},"properties":{"name":"Kuhn Lake","access":"public","lake":"Kuhn Lake","county":"Kosciusko","lat":41.289765,"lng":-85.6886,"source":"Indiana DNR Fish & Wildlife \u2014 Fishing Access Sites","source_url":"https://gisdata.in.gov/server/rest/services/Hosted/Fish_Access_RO/FeatureServer/0","notes":"Launch: Boat Ramp; Ramp: Concrete; Fee: No; Parking: PULL_OFF; Motor: None; ADA: No","launch_type":"Boat Ramp","land_type":"Public Access Site","dnr_accessid":126,"id":"launch-0109"}},{"type":"Feature","geometry":{"type":"Point","coordinates":[-85.814668,41.723136]},"properties":{"name":"Bristol","access":"public","lake":"St. Joseph River","county":"Elkhart","lat":41.723136,"lng":-85.814668,"source":"Indiana DNR Fish & Wildlife \u2014 Fishing Access Sites","source_url":"https://gisdata.in.gov/server/rest/services/Hosted/Fish_Access_RO/FeatureServer/0","notes":"Launch: Boat Ramp; Ramp: Concrete; Fee: No; Parking: PARKING_LOT; Motor: None; ADA: Yes","launch_type":"Boat Ramp","land_type":"Public Access Site","dnr_accessid":50,"id":"launch-0110"}},{"type":"Feature","geometry":{"type":"Point","coordinates":[-87.638609,38.591022]},"properties":{"name":"Clark's Landing","access":"public","lake":"Wabash River","county":"Knox","lat":38.591022,"lng":-87.638609,"source":"Indiana DNR Fish & Wildlife \u2014 Fishing Access Sites","source_url":"https://gisdata.in.gov/server/rest/services/Hosted/Fish_Access_RO/FeatureServer/0","notes":"Launch: Boat Ramp; Ramp: Concrete; Fee: No; Parking: PARKING_LOT; Motor: None; ADA: No","launch_type":"Boat Ramp","land_type":"Public Access Site","dnr_accessid":113,"id":"launch-0111"}},{"type":"Feature","geometry":{"type":"Point","coordinates":[-85.005152,39.537891]},"properties":{"name":"Egypt Hollow Ramp","access":"public","lake":"Brookville Lake","county":"Union","lat":39.537891,"lng":-85.005152,"source":"Indiana DNR Fish & Wildlife \u2014 Fishing Access Sites","source_url":"https://gisdata.in.gov/server/rest/services/Hosted/Fish_Access_RO/FeatureServer/0","notes":"Launch: Boat Ramp; Ramp: Concrete; Fee: Yes; Parking: PARKING_LOT; ADA: No","launch_type":"Boat Ramp","land_type":"Public Access Site","dnr_accessid":365,"id":"launch-0112"}},{"type":"Feature","geometry":{"type":"Point","coordinates":[-85.417707,41.534489]},"properties":{"name":"Atwood Lake","access":"public","lake":"Atwood Lake","county":"LaGrange","lat":41.534489,"lng":-85.417707,"source":"Indiana DNR Fish & Wildlife \u2014 Fishing Access Sites","source_url":"https://gisdata.in.gov/server/rest/services/Hosted/Fish_Access_RO/FeatureServer/0","notes":"Launch: Boat Ramp; Ramp: Concrete; Fee: No; Parking: PARKING_LOT; Motor: None; ADA: No","launch_type":"Boat Ramp","land_type":"Public Access Site","dnr_accessid":141,"id":"launch-0113"}},{"type":"Feature","geometry":{"type":"Point","coordinates":[-86.191965,41.663152]},"properties":{"name":"Lincoln Park (Mishawaka)","access":"public","lake":"St. Joseph River","county":"St. Joseph","lat":41.663152,"lng":-86.191965,"source":"Indiana DNR Fish & Wildlife \u2014 Fishing Access Sites","source_url":"https://gisdata.in.gov/server/rest/services/Hosted/Fish_Access_RO/FeatureServer/0","notes":"Launch: Boat Ramp; Ramp: Concrete; Fee: No; Parking: PARKING_LOT; Motor: None; ADA: No","launch_type":"Boat Ramp","land_type":"Public Access Site","dnr_accessid":310,"id":"launch-0114"}},{"type":"Feature","geometry":{"type":"Point","coordinates":[-87.218451,38.378288]},"properties":{"name":"Winslow","access":"public","lake":"Patoka River","county":"Pike","lat":38.378288,"lng":-87.218451,"source":"Indiana DNR Fish & Wildlife \u2014 Fishing Access Sites","source_url":"https://gisdata.in.gov/server/rest/services/Hosted/Fish_Access_RO/FeatureServer/0","notes":"Launch: Boat Ramp; Ramp: Concrete; Fee: No; Parking: PARKING_LOT; Motor: None; ADA: No","launch_type":"Boat Ramp","land_type":"Public Access Site","dnr_accessid":279,"id":"launch-0115"}},{"type":"Feature","geometry":{"type":"Point","coordinates":[-85.665711,40.803099]},"properties":{"name":"Mt. Hope","access":"public","lake":"Salamonie Lake","county":"Wabash","lat":40.803099,"lng":-85.665711,"source":"Indiana DNR Fish & Wildlife \u2014 Fishing Access Sites","source_url":"https://gisdata.in.gov/server/rest/services/Hosted/Fish_Access_RO/FeatureServer/0","notes":"Launch: Boat Ramp; Ramp: Concrete; Fee: Yes; Parking: PARKING_LOT; Motor: None; ADA: No","launch_type":"Boat Ramp","land_type":"Public Access Site","dnr_accessid":389,"id":"launch-0116"}},{"type":"Feature","geometry":{"type":"Point","coordinates":[-85.923039,39.197272]},"properties":{"name":"Columbus","access":"public","lake":"Flatrock River","county":"Bartholomew","lat":39.197272,"lng":-85.923039,"source":"Indiana DNR Fish & Wildlife \u2014 Fishing Access Sites","source_url":"https://gisdata.in.gov/server/rest/services/Hosted/Fish_Access_RO/FeatureServer/0","notes":"Launch: Boat Ramp; Ramp: Concrete; Fee: No; Parking: PARKING_LOT; Motor: None; ADA: No","launch_type":"Boat Ramp","land_type":"Public Access Site","dnr_accessid":9,"id":"launch-0117"}},{"type":"Feature","geometry":{"type":"Point","coordinates":[-85.601065,41.681599]},"properties":{"name":"Shipshewana Lake","access":"public","lake":"Shipshewana Lake","county":"LaGrange","lat":41.681599,"lng":-85.601065,"source":"Indiana DNR Fish & Wildlife \u2014 Fishing Access Sites","source_url":"https://gisdata.in.gov/server/rest/services/Hosted/Fish_Access_RO/FeatureServer/0","notes":"Launch: Boat Ramp; Ramp: Concrete; Fee: No; Parking: PARKING_LOT; Motor: None; ADA: Yes","launch_type":"Boat Ramp","land_type":"Public Access Site","dnr_accessid":158,"id":"launch-0118"}},{"type":"Feature","geometry":{"type":"Point","coordinates":[-87.240966,39.028103]},"properties":{"name":"White Pine Pit","access":"public","lake":"White Pine Pit","county":"Sullivan","lat":39.028103,"lng":-87.240966,"source":"Indiana DNR Fish & Wildlife \u2014 Fishing Access Sites","source_url":"https://gisdata.in.gov/server/rest/services/Hosted/Fish_Access_RO/FeatureServer/0","notes":"Launch: Boat Ramp; Ramp:  ; Fee: Yes; Parking: PULL_OFF; Motor: Electric only; ADA: No","launch_type":"Boat Ramp","land_type":"Public Access Site","dnr_accessid":1082,"id":"launch-0119"}},{"type":"Feature","geometry":{"type":"Point","coordinates":[-87.238367,39.048762]},"properties":{"name":"Clear Pit (Greene-Sullivan)","access":"public","lake":"Clear Pit","county":"Greene","lat":39.048762,"lng":-87.238367,"source":"Indiana DNR Fish & Wildlife \u2014 Fishing Access Sites","source_url":"https://gisdata.in.gov/server/rest/services/Hosted/Fish_Access_RO/FeatureServer/0","notes":"Launch: Boat Ramp; Ramp:  ; Fee: Yes; Parking: PARKING_LOT; Motor: Electric only; ADA: No","launch_type":"Boat Ramp","land_type":"Public Fishing Area","dnr_accessid":615,"id":"launch-0120"}},{"type":"Feature","geometry":{"type":"Point","coordinates":[-85.770346,41.500494]},"properties":{"name":"Benton Spillway","access":"public","lake":"Elkhart River","county":"Elkhart","lat":41.500494,"lng":-85.770346,"source":"Indiana DNR Fish & Wildlife \u2014 Fishing Access Sites","source_url":"https://gisdata.in.gov/server/rest/services/Hosted/Fish_Access_RO/FeatureServer/0","notes":"Launch: Carry Down; Ramp:  ; Fee: No; Parking: PARKING_LOT; Motor: None; ADA: No","launch_type":"Carry Down","land_type":"Public Access Site","dnr_accessid":539,"id":"launch-0121"}},{"type":"Feature","geometry":{"type":"Point","coordinates":[-87.57693,37.970364]},"properties":{"name":"Dress Plaza Ramp","access":"public","lake":"Ohio River","county":"Vanderburg","lat":37.970364,"lng":-87.57693,"source":"Indiana DNR Fish & Wildlife \u2014 Fishing Access Sites","source_url":"https://gisdata.in.gov/server/rest/services/Hosted/Fish_Access_RO/FeatureServer/0","notes":"Launch: Boat Ramp; Ramp: Concrete; Fee: No; Parking: PARKING_LOT; Motor: None; ADA: No","launch_type":"Boat Ramp","land_type":"Public Access Site","dnr_accessid":878,"id":"launch-0122"}},{"type":"Feature","geometry":{"type":"Point","coordinates":[-87.246161,38.97351]},"properties":{"name":"Hale Pit (Greene-Sullivan)","access":"public","lake":"Hale Pit","county":"Sullivan","lat":38.97351,"lng":-87.246161,"source":"Indiana DNR Fish & Wildlife \u2014 Fishing Access Sites","source_url":"https://gisdata.in.gov/server/rest/services/Hosted/Fish_Access_RO/FeatureServer/0","notes":"Launch: Boat Ramp; Ramp: Gravel; Fee: Yes; Parking: PARKING_LOT; Motor: Electric only; ADA: No","launch_type":"Boat Ramp","land_type":"Public Fishing Area","dnr_accessid":825,"id":"launch-0123"}},{"type":"Feature","geometry":{"type":"Point","coordinates":[-86.001994,38.864522]},"properties":{"name":"Knob Lake","access":"public","lake":"Knob Lake","county":"Jackson","lat":38.864522,"lng":-86.001994,"source":"Indiana DNR Fish & Wildlife \u2014 Fishing Access Sites","source_url":"https://gisdata.in.gov/server/rest/services/Hosted/Fish_Access_RO/FeatureServer/0","notes":"Launch: Boat Ramp; Ramp:  ; Fee: Yes; Parking: PARKING_LOT; Motor: Electric only; ADA: No","launch_type":"Boat Ramp","land_type":"Public Access Site","dnr_accessid":881,"id":"launch-0124"}},{"type":"Feature","geometry":{"type":"Point","coordinates":[-86.166936,41.665703]},"properties":{"name":"Merrifield Park","access":"public","lake":"St. Joseph River","county":"St. Joseph","lat":41.665703,"lng":-86.166936,"source":"Indiana DNR Fish & Wildlife \u2014 Fishing Access Sites","source_url":"https://gisdata.in.gov/server/rest/services/Hosted/Fish_Access_RO/FeatureServer/0","notes":"Launch: Boat Ramp; Ramp: Concrete; Fee: No; Parking: PARKING_LOT; Motor: None; ADA: No","launch_type":"Boat Ramp","land_type":"Public Access Site","dnr_accessid":311,"id":"launch-0125"}},{"type":"Feature","geometry":{"type":"Point","coordinates":[-85.443447,41.244565]},"properties":{"name":"Shriner Lake","access":"public","lake":"Shriner Lake","county":"Whitley","lat":41.244565,"lng":-85.443447,"source":"Indiana DNR Fish & Wildlife \u2014 Fishing Access Sites","source_url":"https://gisdata.in.gov/server/rest/services/Hosted/Fish_Access_RO/FeatureServer/0","notes":"Launch: Boat Ramp; Ramp: Concrete; Fee: No; Parking: PULL_OFF; Motor: None; ADA: Yes","launch_type":"Boat Ramp","land_type":"Public Access Site","dnr_accessid":614,"id":"launch-0126"}},{"type":"Feature","geometry":{"type":"Point","coordinates":[-85.486732,41.360239]},"properties":{"name":"Upper Long Lake","access":"public","lake":"Upper Long Lake","county":"Noble","lat":41.360239,"lng":-85.486732,"source":"Indiana DNR Fish & Wildlife \u2014 Fishing Access Sites","source_url":"https://gisdata.in.gov/server/rest/services/Hosted/Fish_Access_RO/FeatureServer/0","notes":"Launch: Boat Ramp; Ramp: Concrete; Fee: No; Parking: PARKING_LOT; Motor: None; ADA: No","launch_type":"Boat Ramp","land_type":"Public Access Site","dnr_accessid":242,"id":"launch-0127"}},{"type":"Feature","geometry":{"type":"Point","coordinates":[-85.06317,41.596154]},"properties":{"name":"Golden Lake","access":"public","lake":"Golden Lake","county":"Steuben","lat":41.596154,"lng":-85.06317,"source":"Indiana DNR Fish & Wildlife \u2014 Fishing Access Sites","source_url":"https://gisdata.in.gov/server/rest/services/Hosted/Fish_Access_RO/FeatureServer/0","notes":"Launch: Boat Ramp; Ramp: Concrete; Fee: No; Parking: PARKING_LOT; Motor: None; ADA: Yes","launch_type":"Boat Ramp","land_type":"Public Access Site","dnr_accessid":330,"id":"launch-0128"}},{"type":"Feature","geometry":{"type":"Point","coordinates":[-87.252364,38.395172]},"properties":{"name":"Lotor","access":"public","lake":"Lotor Pit","county":"Pike","lat":38.395172,"lng":-87.252364,"source":"Indiana DNR Fish & Wildlife \u2014 Fishing Access Sites","source_url":"https://gisdata.in.gov/server/rest/services/Hosted/Fish_Access_RO/FeatureServer/0","notes":"Launch: Boat Ramp; Ramp: Concrete; Fee: No; Parking: PULL_OFF; Motor: Electric only; ADA: No","launch_type":"Boat Ramp","land_type":"Public Access Site","dnr_accessid":271,"id":"launch-0129"}},{"type":"Feature","geometry":{"type":"Point","coordinates":[-86.709812,38.437212]},"properties":{"name":"Patoka Tail Waters","access":"public","lake":"Patoka River","county":"Dubois","lat":38.437212,"lng":-86.709812,"source":"Indiana DNR Fish & Wildlife \u2014 Fishing Access Sites","source_url":"https://gisdata.in.gov/server/rest/services/Hosted/Fish_Access_RO/FeatureServer/0","notes":"Launch: Canoe Ramp; Ramp: Concrete; Fee: No; Parking: PARKING_LOT","launch_type":"Canoe Ramp","land_type":"Public Access Site","dnr_accessid":993,"id":"launch-0130"}},{"type":"Feature","geometry":{"type":"Point","coordinates":[-87.235312,39.026691]},"properties":{"name":"Airline Pit","access":"public","lake":"Airline Pit","county":"Greene","lat":39.026691,"lng":-87.235312,"source":"Indiana DNR Fish & Wildlife \u2014 Fishing Access Sites","source_url":"https://gisdata.in.gov/server/rest/services/Hosted/Fish_Access_RO/FeatureServer/0","notes":"Launch: Boat Ramp; Ramp: Gravel; Fee: Yes; Parking: PULL_OFF; Motor: Electric only; ADA: Yes","launch_type":"Boat Ramp","land_type":"Public Access Site","dnr_accessid":582,"id":"launch-0131"}},{"type":"Feature","geometry":{"type":"Point","coordinates":[-85.677483,41.34643]},"properties":{"name":"Price Lake","access":"public","lake":"Price Lake","county":"Kosciusko","lat":41.34643,"lng":-85.677483,"source":"Indiana DNR Fish & Wildlife \u2014 Fishing Access Sites","source_url":"https://gisdata.in.gov/server/rest/services/Hosted/Fish_Access_RO/FeatureServer/0","notes":"Launch: Boat Ramp; Ramp: Gravel; Fee: No; Parking: PARKING_LOT; Motor: Electric only; ADA: No","launch_type":"Boat Ramp","land_type":"Public Access Site","dnr_accessid":130,"id":"launch-0132"}},{"type":"Feature","geometry":{"type":"Point","coordinates":[-86.256557,38.226414]},"properties":{"name":"Blue River Chapel","access":"public","lake":"Blue River","county":"Harrison","lat":38.226414,"lng":-86.256557,"source":"Indiana DNR Fish & Wildlife \u2014 Fishing Access Sites","source_url":"https://gisdata.in.gov/server/rest/services/Hosted/Fish_Access_RO/FeatureServer/0","notes":"Launch: Carry Down; Ramp: Gravel; Fee: No; Parking: PARKING_LOT; Motor: None; ADA: No","launch_type":"Carry Down","land_type":"Public Access Site","dnr_accessid":77,"id":"launch-0133"}},{"type":"Feature","geometry":{"type":"Point","coordinates":[-85.662573,41.582084]},"properties":{"name":"Fish Lake","access":"public","lake":"Fish Lake","county":"Elkhart","lat":41.582084,"lng":-85.662573,"source":"Indiana DNR Fish & Wildlife \u2014 Fishing Access Sites","source_url":"https://gisdata.in.gov/server/rest/services/Hosted/Fish_Access_RO/FeatureServer/0","notes":"Launch: Boat Ramp; Ramp: Concrete; Fee: No; Motor: None; ADA: Yes","launch_type":"Boat Ramp","land_type":"Public Access Site","dnr_accessid":51,"id":"launch-0134"}},{"type":"Feature","geometry":{"type":"Point","coordinates":[-85.997163,39.363234]},"properties":{"name":"Atterbury FWA","access":"public","lake":"Sugar Creek","county":"Johnson","lat":39.363234,"lng":-85.997163,"source":"Indiana DNR Fish & Wildlife \u2014 Fishing Access Sites","source_url":"https://gisdata.in.gov/server/rest/services/Hosted/Fish_Access_RO/FeatureServer/0","notes":"Launch: Boat Ramp; Ramp: Concrete; Fee: No; Parking: PULL_OFF; Motor: None; ADA: No","launch_type":"Boat Ramp","land_type":"Public Access Site","dnr_accessid":106,"id":"launch-0135"}},{"type":"Feature","geometry":{"type":"Point","coordinates":[-87.038889,38.512425]},"properties":{"name":"Flat Rock (Glendale F&W Area)","access":"public","lake":"East Fork White River","county":"Daviess","lat":38.512425,"lng":-87.038889,"source":"Indiana DNR Fish & Wildlife \u2014 Fishing Access Sites","source_url":"https://gisdata.in.gov/server/rest/services/Hosted/Fish_Access_RO/FeatureServer/0","notes":"Launch: Boat Ramp; Ramp: Concrete; Fee: No; Parking: PARKING_LOT; Motor: NA; ADA: Yes","launch_type":"Boat Ramp","land_type":"Public Access Site","dnr_accessid":36,"id":"launch-0136"}},{"type":"Feature","geometry":{"type":"Point","coordinates":[-85.609863,41.683697]},"properties":{"name":"Shipshewana Lake West","access":"public","lake":"Shipshewana Lake","county":"LaGrange","lat":41.683697,"lng":-85.609863,"source":"Indiana DNR Fish & Wildlife \u2014 Fishing Access Sites","source_url":"https://gisdata.in.gov/server/rest/services/Hosted/Fish_Access_RO/FeatureServer/0","notes":"Launch: Boat Ramp; Ramp: Concrete; Fee: No; Parking: PARKING_LOT; Motor: None; ADA: No","launch_type":"Boat Ramp","land_type":"Public Access Site","dnr_accessid":836,"id":"launch-0137"}},{"type":"Feature","geometry":{"type":"Point","coordinates":[-85.365476,39.960699]},"properties":{"name":"Wilbur Wright F&W Area","access":"public","lake":"Big Blue River","county":"Henry","lat":39.960699,"lng":-85.365476,"source":"Indiana DNR Fish & Wildlife \u2014 Fishing Access Sites","source_url":"https://gisdata.in.gov/server/rest/services/Hosted/Fish_Access_RO/FeatureServer/0","notes":"Launch: Carry Down; Ramp: N/A; Fee: No; Parking: PULL_OFF; Motor: None; ADA: No","launch_type":"Carry Down","land_type":"Public Fishing Area","dnr_accessid":83,"id":"launch-0138"}},{"type":"Feature","geometry":{"type":"Point","coordinates":[-87.323681,39.490731]},"properties":{"name":"Hawthorn County Park","access":"public","lake":"Burns Lake","county":"Vigo","lat":39.490731,"lng":-87.323681,"source":"Indiana DNR Fish & Wildlife \u2014 Fishing Access Sites","source_url":"https://gisdata.in.gov/server/rest/services/Hosted/Fish_Access_RO/FeatureServer/0","notes":"Launch: Boat Ramp; Ramp:  ; Fee: No; Parking: PARKING_LOT; Motor: Electric only; ADA:  ","launch_type":"Boat Ramp","land_type":"Public Access Site","dnr_accessid":378,"id":"launch-0139"}},{"type":"Feature","geometry":{"type":"Point","coordinates":[-86.761969,40.393342]},"properties":{"name":"Fairfield Park Lake 1","access":"public","lake":"Fairfield Park Lake 1","county":"Tippecanoe","lat":40.393342,"lng":-86.761969,"source":"Indiana DNR Fish & Wildlife \u2014 Fishing Access Sites","source_url":"https://gisdata.in.gov/server/rest/services/Hosted/Fish_Access_RO/FeatureServer/0","notes":"Launch: Carry Down; Ramp:  ; Fee: No; Parking: PARKING_LOT; Motor: Electric only; ADA: Yes","launch_type":"Carry Down","land_type":"Public Fishing Area","dnr_accessid":973,"id":"launch-0140"}},{"type":"Feature","geometry":{"type":"Point","coordinates":[-87.216417,38.99416]},"properties":{"name":"Jackson Pit (Greene-Sullivan)","access":"public","lake":"Jackson Pit","county":"Greene","lat":38.99416,"lng":-87.216417,"source":"Indiana DNR Fish & Wildlife \u2014 Fishing Access Sites","source_url":"https://gisdata.in.gov/server/rest/services/Hosted/Fish_Access_RO/FeatureServer/0","notes":"Launch: Boat Ramp; Ramp:  ; Fee: Yes; Parking: PARKING_LOT; Motor: Electric only; ADA: No","launch_type":"Boat Ramp","land_type":"Public Access Site","dnr_accessid":820,"id":"launch-0141"}},{"type":"Feature","geometry":{"type":"Point","coordinates":[-85.58658,41.465879]},"properties":{"name":"Ligonier Public Access Site","access":"public","lake":"Elkhart River","county":"Noble","lat":41.465879,"lng":-85.58658,"source":"Indiana DNR Fish & Wildlife \u2014 Fishing Access Sites","source_url":"https://gisdata.in.gov/server/rest/services/Hosted/Fish_Access_RO/FeatureServer/0","notes":"Launch: Canoe Ramp; Ramp:  ; Fee: no; Parking: PARKING_LOT; Motor: NA; ADA: Yes","launch_type":"Canoe Ramp","land_type":"Public Access Site","dnr_accessid":994,"id":"launch-0142"}},{"type":"Feature","geometry":{"type":"Point","coordinates":[-87.254992,39.034678]},"properties":{"name":"Downing Pit","access":"public","lake":"Downing Pit","county":"Sullivan","lat":39.034678,"lng":-87.254992,"source":"Indiana DNR Fish & Wildlife \u2014 Fishing Access Sites","source_url":"https://gisdata.in.gov/server/rest/services/Hosted/Fish_Access_RO/FeatureServer/0","notes":"Launch: Boat Ramp; Ramp: Gravel; Fee: Yes; Parking: PARKING_LOT; Motor: Electric only; ADA: No","launch_type":"Boat Ramp","land_type":"Public Access Site","dnr_accessid":344,"id":"launch-0143"}},{"type":"Feature","geometry":{"type":"Point","coordinates":[-87.248663,39.012362]},"properties":{"name":"Fry Pit (Greene-Sullivan)","access":"public","lake":"Fry Pit","county":"Sullivan","lat":39.012362,"lng":-87.248663,"source":"Indiana DNR Fish & Wildlife \u2014 Fishing Access Sites","source_url":"https://gisdata.in.gov/server/rest/services/Hosted/Fish_Access_RO/FeatureServer/0","notes":"Launch: Boat Ramp; Ramp:  ; Fee: Yes; Parking: PARKING_LOT; Motor: Electric only; ADA: No","launch_type":"Boat Ramp","land_type":"Public Access Site","dnr_accessid":627,"id":"launch-0144"}},{"type":"Feature","geometry":{"type":"Point","coordinates":[-85.191398,41.667379]},"properties":{"name":"Pigeon River (175 North)","access":"public","lake":"Pigeon River","county":"Steuben","lat":41.667379,"lng":-85.191398,"source":"Indiana DNR Fish & Wildlife \u2014 Fishing Access Sites","source_url":"https://gisdata.in.gov/server/rest/services/Hosted/Fish_Access_RO/FeatureServer/0","notes":"Launch: Boat Ramp; Ramp:  ; Fee: No; Parking: PARKING_LOT; Motor: None; ADA: No","launch_type":"Boat Ramp","land_type":"Public Access Site","dnr_accessid":339,"id":"launch-0145"}},{"type":"Feature","geometry":{"type":"Point","coordinates":[-86.266014,41.704568]},"properties":{"name":"Woodlawn Park","access":"public","lake":"St. Joseph River","county":"St. Joseph","lat":41.704568,"lng":-86.266014,"source":"Indiana DNR Fish & Wildlife \u2014 Fishing Access Sites","source_url":"https://gisdata.in.gov/server/rest/services/Hosted/Fish_Access_RO/FeatureServer/0","notes":"Launch: Carry Down; Fee: No; Parking: PARKING_LOT; Motor: None; ADA: No","launch_type":"Carry Down","land_type":"Public Access Site","dnr_accessid":319,"id":"launch-0146"}},{"type":"Feature","geometry":{"type":"Point","coordinates":[-86.300067,39.830787]},"properties":{"name":"Eagle Creek Reservoir","access":"public","lake":"Eagle Creek Reservoir","county":"Marion","lat":39.830787,"lng":-86.300067,"source":"Indiana DNR Fish & Wildlife \u2014 Fishing Access Sites","source_url":"https://gisdata.in.gov/server/rest/services/Hosted/Fish_Access_RO/FeatureServer/0","notes":"Launch: Boat Ramp; Ramp: Concrete; Fee: Yes; Parking: PARKING_LOT; Motor: <10hp; ADA: Yes","launch_type":"Boat Ramp","land_type":"Public Access Site","dnr_accessid":189,"id":"launch-0147"}},{"type":"Feature","geometry":{"type":"Point","coordinates":[-87.043955,37.87872]},"properties":{"name":"Rockport","access":"public","lake":"Ohio River","county":"Spencer","lat":37.87872,"lng":-87.043955,"source":"Indiana DNR Fish & Wildlife \u2014 Fishing Access Sites","source_url":"https://gisdata.in.gov/server/rest/services/Hosted/Fish_Access_RO/FeatureServer/0","notes":"Launch: Boat Ramp; Ramp:  ; Fee: Yes; Parking: PULL_OFF; Motor: None; ADA: No","launch_type":"Boat Ramp","land_type":"Public Access Site","dnr_accessid":304,"id":"launch-0148"}},{"type":"Feature","geometry":{"type":"Point","coordinates":[-87.167175,38.280507]},"properties":{"name":"Barrett Pit","access":"public","lake":"Barrett Pit","county":"Pike","lat":38.280507,"lng":-87.167175,"source":"Indiana DNR Fish & Wildlife \u2014 Fishing Access Sites","source_url":"https://gisdata.in.gov/server/rest/services/Hosted/Fish_Access_RO/FeatureServer/0","notes":"Launch: Boat Ramp; Ramp: Concrete; Fee: No; Parking: PARKING_LOT; Motor: Electric only; ADA: No","launch_type":"Boat Ramp","land_type":"Public Access Site","dnr_accessid":265,"id":"launch-0149"}},{"type":"Feature","geometry":{"type":"Point","coordinates":[-87.254589,39.031642]},"properties":{"name":"Edds Pit","access":"public","lake":"Edds Pit","county":"Sullivan","lat":39.031642,"lng":-87.254589,"source":"Indiana DNR Fish & Wildlife \u2014 Fishing Access Sites","source_url":"https://gisdata.in.gov/server/rest/services/Hosted/Fish_Access_RO/FeatureServer/0","notes":"Launch: Boat Ramp; Ramp:  ; Fee: Yes; Parking: PARKING_LOT; Motor: Electric only; ADA: No","launch_type":"Boat Ramp","land_type":"Public Access Site","dnr_accessid":589,"id":"launch-0150"}},{"type":"Feature","geometry":{"type":"Point","coordinates":[-84.992474,39.626847]},"properties":{"name":"Treaty Line Ramp","access":"public","lake":"Brookville Lake","county":"Union","lat":39.626847,"lng":-84.992474,"source":"Indiana DNR Fish & Wildlife \u2014 Fishing Access Sites","source_url":"https://gisdata.in.gov/server/rest/services/Hosted/Fish_Access_RO/FeatureServer/0","notes":"Launch: Boat Ramp; Ramp: Concrete; Fee: Yes; Parking: PARKING_LOT; Motor: None; ADA: No","launch_type":"Boat Ramp","land_type":"Public Access Site","dnr_accessid":369,"id":"launch-0151"}},{"type":"Feature","geometry":{"type":"Point","coordinates":[-86.341108,41.326597]},"properties":{"name":"Dixon Lake","access":"public","lake":"Dixon Lake","county":"Marshall","lat":41.326597,"lng":-86.341108,"source":"Indiana DNR Fish & Wildlife \u2014 Fishing Access Sites","source_url":"https://gisdata.in.gov/server/rest/services/Hosted/Fish_Access_RO/FeatureServer/0","notes":"Launch: Boat Ramp; Ramp: Concrete; Fee: No; Parking: PARKING_LOT; Motor: None; ADA: Yes","launch_type":"Boat Ramp","land_type":"Public Access Site","dnr_accessid":193,"id":"launch-0152"}},{"type":"Feature","geometry":{"type":"Point","coordinates":[-85.8596,39.084844]},"properties":{"name":"Azalia Bridge","access":"public","lake":"East Fork White River","county":"Bartholomew","lat":39.084844,"lng":-85.8596,"source":"Indiana DNR Fish & Wildlife \u2014 Fishing Access Sites","source_url":"https://gisdata.in.gov/server/rest/services/Hosted/Fish_Access_RO/FeatureServer/0","notes":"Launch: Boat Ramp; Ramp: Concrete; Fee: No; Parking: PARKING_LOT; Motor: None; ADA: No","launch_type":"Boat Ramp","land_type":"Public Access Site","dnr_accessid":8,"id":"launch-0153"}},{"type":"Feature","geometry":{"type":"Point","coordinates":[-86.015454,40.048674]},"properties":{"name":"Noblesville","access":"public","lake":"White River","county":"Hamilton","lat":40.048674,"lng":-86.015454,"source":"Indiana DNR Fish & Wildlife \u2014 Fishing Access Sites","source_url":"https://gisdata.in.gov/server/rest/services/Hosted/Fish_Access_RO/FeatureServer/0","notes":"Launch: Boat Ramp; Ramp: Concrete; Fee: No; Parking: PARKING_LOT; Motor: None; ADA: Yes","launch_type":"Boat Ramp","land_type":"Public Access Site","dnr_accessid":76,"id":"launch-0154"}},{"type":"Feature","geometry":{"type":"Point","coordinates":[-87.17524,39.125577]},"properties":{"name":"Midland Lake","access":"public","lake":"Midland Lake","county":"Greene","lat":39.125577,"lng":-87.17524,"source":"Indiana DNR Fish & Wildlife \u2014 Fishing Access Sites","source_url":"https://gisdata.in.gov/server/rest/services/Hosted/Fish_Access_RO/FeatureServer/0","notes":"Launch: Boat Ramp; Ramp: Concrete ; Fee: No; Parking: PARKING_LOT; Motor: Electric only; ADA: No","launch_type":"Boat Ramp","land_type":"Public Access Site","dnr_accessid":74,"id":"launch-0155"}},{"type":"Feature","geometry":{"type":"Point","coordinates":[-86.646888,38.800044]},"properties":{"name":"Williams Dam","access":"public","lake":"East Fork White River","county":"Lawrence","lat":38.800044,"lng":-86.646888,"source":"Indiana DNR Fish & Wildlife \u2014 Fishing Access Sites","source_url":"https://gisdata.in.gov/server/rest/services/Hosted/Fish_Access_RO/FeatureServer/0","notes":"Launch: Boat Ramp; Ramp: Concrete; Fee: No; Parking: PARKING_LOT; Motor: None; ADA: Yes","launch_type":"Boat Ramp","land_type":"Public Fishing Area","dnr_accessid":188,"id":"launch-0156"}},{"type":"Feature","geometry":{"type":"Point","coordinates":[-86.964143,40.405112]},"properties":{"name":"Fort Ouiatenon","access":"public","lake":"Wabash River","county":"Tippecanoe","lat":40.405112,"lng":-86.964143,"source":"Indiana DNR Fish & Wildlife \u2014 Fishing Access Sites","source_url":"https://gisdata.in.gov/server/rest/services/Hosted/Fish_Access_RO/FeatureServer/0","notes":"Launch: Boat Ramp; Ramp:  ; Fee: No; Parking: PARKING_LOT; Motor: None; ADA: No","launch_type":"Boat Ramp","land_type":"Public Access Site","dnr_accessid":446,"id":"launch-0157"}},{"type":"Feature","geometry":{"type":"Point","coordinates":[-85.641925,41.694285]},"properties":{"name":"Cass Lake","access":"public","lake":"Cass Lake","county":"LaGrange","lat":41.694285,"lng":-85.641925,"source":"Indiana DNR Fish & Wildlife \u2014 Fishing Access Sites","source_url":"https://gisdata.in.gov/server/rest/services/Hosted/Fish_Access_RO/FeatureServer/0","notes":"Launch: Boat Ramp; Ramp: Concrete; Fee: No; Parking: PARKING_LOT; Motor: None; ADA: No","launch_type":"Boat Ramp","land_type":"Public Access Site","dnr_accessid":143,"id":"launch-0158"}},{"type":"Feature","geometry":{"type":"Point","coordinates":[-85.969713,39.360678]},"properties":{"name":"Irwin Park Public Access Site","access":"public","lake":"Big Blue River","county":"Johnson","lat":39.360678,"lng":-85.969713,"source":"Indiana DNR Fish & Wildlife \u2014 Fishing Access Sites","source_url":"https://gisdata.in.gov/server/rest/services/Hosted/Fish_Access_RO/FeatureServer/0","notes":"Launch: Boat Ramp; Ramp: Concrete; Fee: No; Parking: PARKING_LOT; Motor: None; ADA: Yes","launch_type":"Boat Ramp","land_type":"Public Access Site","dnr_accessid":969,"id":"launch-0159"}},{"type":"Feature","geometry":{"type":"Point","coordinates":[-87.247359,38.992567]},"properties":{"name":"Tree Pit (Greene-Sullivan)","access":"public","lake":"Tree Pit","county":"Sullivan","lat":38.992567,"lng":-87.247359,"source":"Indiana DNR Fish & Wildlife \u2014 Fishing Access Sites","source_url":"https://gisdata.in.gov/server/rest/services/Hosted/Fish_Access_RO/FeatureServer/0","notes":"Launch: Boat Ramp; Ramp:  ; Fee: Yes; Parking: PULL_OFF; Motor: Electric only; ADA: No","launch_type":"Boat Ramp","land_type":"Public Access Site","dnr_accessid":817,"id":"launch-0160"}},{"type":"Feature","geometry":{"type":"Point","coordinates":[-86.980001,37.930723]},"properties":{"name":"Grandview","access":"public","lake":"Ohio River","county":"Spencer","lat":37.930723,"lng":-86.980001,"source":"Indiana DNR Fish & Wildlife \u2014 Fishing Access Sites","source_url":"https://gisdata.in.gov/server/rest/services/Hosted/Fish_Access_RO/FeatureServer/0","notes":"Launch: Boat Ramp; Ramp: Concrete; Fee: No; Parking: PARKING_LOT; Motor: None; ADA: Yes","launch_type":"Boat Ramp","land_type":"Public Access Site","dnr_accessid":302,"id":"launch-0161"}},{"type":"Feature","geometry":{"type":"Point","coordinates":[-85.898361,38.986989]},"properties":{"name":"Rockford","access":"public","lake":"East Fork White River","county":"Jackson","lat":38.986989,"lng":-85.898361,"source":"Indiana DNR Fish & Wildlife \u2014 Fishing Access Sites","source_url":"https://gisdata.in.gov/server/rest/services/Hosted/Fish_Access_RO/FeatureServer/0","notes":"Launch: Boat Ramp; Ramp: Concrete; Fee: No; Parking: PARKING_LOT; Motor: None; ADA: No","launch_type":"Boat Ramp","land_type":"Public Access Site","dnr_accessid":95,"id":"launch-0162"}},{"type":"Feature","geometry":{"type":"Point","coordinates":[-85.736472,41.028825]},"properties":{"name":"Liberty Mills","access":"public","lake":"Eel River","county":"Wabash","lat":41.028825,"lng":-85.736472,"source":"Indiana DNR Fish & Wildlife \u2014 Fishing Access Sites","source_url":"https://gisdata.in.gov/server/rest/services/Hosted/Fish_Access_RO/FeatureServer/0","notes":"Launch: Boat Ramp; Ramp: Concrete; Fee: No; Parking: PARKING_LOT; Motor: None; ADA: Yes","launch_type":"Boat Ramp","land_type":"Public Access Site","dnr_accessid":386,"id":"launch-0163"}},{"type":"Feature","geometry":{"type":"Point","coordinates":[-87.894554,37.928496]},"properties":{"name":"Sherburn Park Ramp","access":"public","lake":"Ohio River","county":"Posey","lat":37.928496,"lng":-87.894554,"source":"Indiana DNR Fish & Wildlife \u2014 Fishing Access Sites","source_url":"https://gisdata.in.gov/server/rest/services/Hosted/Fish_Access_RO/FeatureServer/0","notes":"Launch: Boat Ramp; Ramp:  ; Fee: No; Parking: PULL_OFF; Motor: None; ADA: No","launch_type":"Boat Ramp","land_type":"Public Access Site","dnr_accessid":457,"id":"launch-0164"}},{"type":"Feature","geometry":{"type":"Point","coordinates":[-87.571639,39.057238]},"properties":{"name":"Merom","access":"public","lake":"Wabash River","county":"Sullivan","lat":39.057238,"lng":-87.571639,"source":"Indiana DNR Fish & Wildlife \u2014 Fishing Access Sites","source_url":"https://gisdata.in.gov/server/rest/services/Hosted/Fish_Access_RO/FeatureServer/0","notes":"Launch: Boat Ramp; Ramp: Concrete; Fee: No; Parking: PARKING_LOT; Motor: Electric only; ADA: No","launch_type":"Boat Ramp","land_type":"Public Access Site","dnr_accessid":349,"id":"launch-0165"}},{"type":"Feature","geometry":{"type":"Point","coordinates":[-84.90935,41.550497]},"properties":{"name":"Hamilton Lake","access":"public","lake":"Hamilton Lake","county":"Steuben","lat":41.550497,"lng":-84.90935,"source":"Indiana DNR Fish & Wildlife \u2014 Fishing Access Sites","source_url":"https://gisdata.in.gov/server/rest/services/Hosted/Fish_Access_RO/FeatureServer/0","notes":"Launch: Boat Ramp; Ramp: Concrete; Fee: No; Parking: PARKING_LOT; Motor: None; ADA: Yes","launch_type":"Boat Ramp","land_type":"Public Access Site","dnr_accessid":331,"id":"launch-0166"}},{"type":"Feature","geometry":{"type":"Point","coordinates":[-85.251553,41.438284]},"properties":{"name":"Bixler Lake","access":"public","lake":"Bixler Lake","county":"Noble","lat":41.438284,"lng":-85.251553,"source":"Indiana DNR Fish & Wildlife \u2014 Fishing Access Sites","source_url":"https://gisdata.in.gov/server/rest/services/Hosted/Fish_Access_RO/FeatureServer/0","notes":"Launch: Boat Ramp; Ramp: Concrete; Fee: No; Parking: PARKING_LOT; Motor: None; ADA: Yes","launch_type":"Boat Ramp","land_type":"Public Access Site","dnr_accessid":223,"id":"launch-0167"}},{"type":"Feature","geometry":{"type":"Point","coordinates":[-87.051113,41.524477]},"properties":{"name":"Long Lake","access":"public","lake":"Long Lake","county":"Porter","lat":41.524477,"lng":-87.051113,"source":"Indiana DNR Fish & Wildlife \u2014 Fishing Access Sites","source_url":"https://gisdata.in.gov/server/rest/services/Hosted/Fish_Access_RO/FeatureServer/0","notes":"Launch: Boat Ramp; Ramp: Concrete; Fee: No; Parking: PARKING_LOT; Motor: None; ADA: No","launch_type":"Boat Ramp","land_type":"Public Access Site","dnr_accessid":282,"id":"launch-0168"}},{"type":"Feature","geometry":{"type":"Point","coordinates":[-85.048722,41.086733]},"properties":{"name":"North River Road Trailhead and Boat Ramp","access":"public","lake":"Maumee River","county":"Allen","lat":41.086733,"lng":-85.048722,"source":"Indiana DNR Fish & Wildlife \u2014 Fishing Access Sites","source_url":"https://gisdata.in.gov/server/rest/services/Hosted/Fish_Access_RO/FeatureServer/0","notes":"Launch: Boat Ramp; Fee: No; Parking: PARKING_LOT; Motor: None; ADA: No","launch_type":"Boat Ramp","land_type":"Public Access Site","dnr_accessid":478,"id":"launch-0169"}},{"type":"Feature","geometry":{"type":"Point","coordinates":[-85.855484,39.363729]},"properties":{"name":"Flat Rock River","access":"public","lake":"Flatrock River","county":"Shelby","lat":39.363729,"lng":-85.855484,"source":"Indiana DNR Fish & Wildlife \u2014 Fishing Access Sites","source_url":"https://gisdata.in.gov/server/rest/services/Hosted/Fish_Access_RO/FeatureServer/0","notes":"Launch: Boat Ramp; Ramp: Concrete; Fee: No; Parking: PARKING_LOT; Motor: None; ADA: No","launch_type":"Boat Ramp","land_type":"Public Access Site","dnr_accessid":299,"id":"launch-0170"}},{"type":"Feature","geometry":{"type":"Point","coordinates":[-86.664167,40.459558]},"properties":{"name":"Wildcat Creek Access","access":"public","lake":"Wildcat Creek","county":"Carroll","lat":40.459558,"lng":-86.664167,"source":"Indiana DNR Fish & Wildlife \u2014 Fishing Access Sites","source_url":"https://gisdata.in.gov/server/rest/services/Hosted/Fish_Access_RO/FeatureServer/0","notes":"Launch: Carry Down; Ramp:  ; Fee: No; Parking: PARKING_LOT; Motor: None; ADA: No","launch_type":"Carry Down","land_type":"Public Access Site","dnr_accessid":20,"id":"launch-0171"}},{"type":"Feature","geometry":{"type":"Point","coordinates":[-87.194834,39.45485]},"properties":{"name":"Daredevil Pit","access":"public","lake":"Daredevil Pit","county":"Clay","lat":39.45485,"lng":-87.194834,"source":"Indiana DNR Fish & Wildlife \u2014 Fishing Access Sites","source_url":"https://gisdata.in.gov/server/rest/services/Hosted/Fish_Access_RO/FeatureServer/0","notes":"Launch: Boat Ramp; Ramp: Gravel; Fee: No; Parking: PULL_OFF; Motor: Electric only; ADA: No","launch_type":"Boat Ramp","land_type":"Public Access Site","dnr_accessid":645,"id":"launch-0172"}},{"type":"Feature","geometry":{"type":"Point","coordinates":[-87.22786,38.994075]},"properties":{"name":"Ellis Pit","access":"public","lake":"Ellis Pit","county":"Greene","lat":38.994075,"lng":-87.22786,"source":"Indiana DNR Fish & Wildlife \u2014 Fishing Access Sites","source_url":"https://gisdata.in.gov/server/rest/services/Hosted/Fish_Access_RO/FeatureServer/0","notes":"Launch: Boat Ramp; Ramp:  ; Fee: Yes; Parking: PARKING_LOT; Motor: Electric only; ADA: No","launch_type":"Boat Ramp","land_type":"Public Access Site","dnr_accessid":592,"id":"launch-0173"}},{"type":"Feature","geometry":{"type":"Point","coordinates":[-85.319279,41.554439]},"properties":{"name":"Adams Lake","access":"public","lake":"Adams Lake","county":"LaGrange","lat":41.554439,"lng":-85.319279,"source":"Indiana DNR Fish & Wildlife \u2014 Fishing Access Sites","source_url":"https://gisdata.in.gov/server/rest/services/Hosted/Fish_Access_RO/FeatureServer/0","notes":"Launch: Boat Ramp; Ramp: Concrete; Fee: No; Parking: PARKING_LOT; Motor: None; ADA: Yes","launch_type":"Boat Ramp","land_type":"Public Access Site","dnr_accessid":138,"id":"launch-0174"}},{"type":"Feature","geometry":{"type":"Point","coordinates":[-84.879557,38.923427]},"properties":{"name":"Rising Sun","access":"public","lake":"Ohio River","county":"Ohio","lat":38.923427,"lng":-84.879557,"source":"Indiana DNR Fish & Wildlife \u2014 Fishing Access Sites","source_url":"https://gisdata.in.gov/server/rest/services/Hosted/Fish_Access_RO/FeatureServer/0","notes":"Launch: Boat Ramp; Ramp: Concrete; Fee:  ; Motor: None; ADA: Yes","launch_type":"Boat Ramp","land_type":"Public Access Site","dnr_accessid":246,"id":"launch-0175"}},{"type":"Feature","geometry":{"type":"Point","coordinates":[-86.391458,41.12518]},"properties":{"name":"Aubbeenaubbee Public Access Site","access":"public","lake":"Tippecanoe River","county":"Fulton","lat":41.12518,"lng":-86.391458,"source":"Indiana DNR Fish & Wildlife \u2014 Fishing Access Sites","source_url":"https://gisdata.in.gov/server/rest/services/Hosted/Fish_Access_RO/FeatureServer/0","notes":"Launch: Boat Ramp; Ramp:  ; Fee: no; Parking: PULL_OFF; Motor: NA; ADA: Yes","launch_type":"Boat Ramp","land_type":"Public Access Site","dnr_accessid":995,"id":"launch-0176"}},{"type":"Feature","geometry":{"type":"Point","coordinates":[-86.355066,41.547792]},"properties":{"name":"Worster Lake East Boat Launch","access":"public","lake":"Worster Lake","county":"St. Joseph","lat":41.547792,"lng":-86.355066,"source":"Indiana DNR Fish & Wildlife \u2014 Fishing Access Sites","source_url":"https://gisdata.in.gov/server/rest/services/Hosted/Fish_Access_RO/FeatureServer/0","notes":"Launch: Boat Ramp; Ramp: Concrete; Fee: Yes; Parking: PARKING_LOT; Motor: Electric only; ADA: No","launch_type":"Boat Ramp","land_type":"Public Access Site","dnr_accessid":482,"id":"launch-0177"}},{"type":"Feature","geometry":{"type":"Point","coordinates":[-86.640443,38.803737]},"properties":{"name":"Spice Valley","access":"public","lake":"East Fork White River","county":"Lawrence","lat":38.803737,"lng":-86.640443,"source":"Indiana DNR Fish & Wildlife \u2014 Fishing Access Sites","source_url":"https://gisdata.in.gov/server/rest/services/Hosted/Fish_Access_RO/FeatureServer/0","notes":"Launch: Boat Ramp; Ramp: Concrete; Fee: No; Parking: PARKING_LOT; Motor: None; ADA: No","launch_type":"Boat Ramp","land_type":"Public Access Site","dnr_accessid":186,"id":"launch-0178"}},{"type":"Feature","geometry":{"type":"Point","coordinates":[-86.043946,38.713094]},"properties":{"name":"Spurgeon Hollow Lake","access":"public","lake":"Spurgeon Hollow Lake","county":"Washington","lat":38.713094,"lng":-86.043946,"source":"Indiana DNR Fish & Wildlife \u2014 Fishing Access Sites","source_url":"https://gisdata.in.gov/server/rest/services/Hosted/Fish_Access_RO/FeatureServer/0","notes":"Launch: Boat Ramp; Ramp: Concrete & Gravel; Fee: Yes; Parking: PULL_OFF; Motor: Electric only; ADA: No","launch_type":"Boat Ramp","land_type":"Public Access Site","dnr_accessid":891,"id":"launch-0179"}},{"type":"Feature","geometry":{"type":"Point","coordinates":[-85.351682,41.711644]},"properties":{"name":"Troxel Lake/on Pigeon River F&W","access":"public","lake":"Troxel Lake","county":"LaGrange","lat":41.711644,"lng":-85.351682,"source":"Indiana DNR Fish & Wildlife \u2014 Fishing Access Sites","source_url":"https://gisdata.in.gov/server/rest/services/Hosted/Fish_Access_RO/FeatureServer/0","notes":"Launch: Boat Ramp; Ramp:  ; Fee: No; Parking: PARKING_LOT; Motor: Electric only; ADA: No","launch_type":"Boat Ramp","land_type":"Public Access Site","dnr_accessid":159,"id":"launch-0180"}},{"type":"Feature","geometry":{"type":"Point","coordinates":[-87.216175,38.336673]},"properties":{"name":"Island Pit","access":"public","lake":"Island Pit","county":"Pike","lat":38.336673,"lng":-87.216175,"source":"Indiana DNR Fish & Wildlife \u2014 Fishing Access Sites","source_url":"https://gisdata.in.gov/server/rest/services/Hosted/Fish_Access_RO/FeatureServer/0","notes":"Launch: Boat Ramp; Ramp: Concrete; Fee: No; Parking: PARKING_LOT; Motor: Electric only; ADA: No","launch_type":"Boat Ramp","land_type":"Public Access Site","dnr_accessid":526,"id":"launch-0181"}},{"type":"Feature","geometry":{"type":"Point","coordinates":[-85.661066,40.571826]},"properties":{"name":"Charles Mill Park","access":"public","lake":"Mississinewa River","county":"Grant","lat":40.571826,"lng":-85.661066,"source":"Indiana DNR Fish & Wildlife \u2014 Fishing Access Sites","source_url":"https://gisdata.in.gov/server/rest/services/Hosted/Fish_Access_RO/FeatureServer/0","notes":"Launch: Boat Ramp; Ramp: Concrete; Fee: No; Motor: None; ADA: Yes","launch_type":"Boat Ramp","land_type":"Public Access Site","dnr_accessid":73,"id":"launch-0182"}},{"type":"Feature","geometry":{"type":"Point","coordinates":[-85.395463,40.828121]},"properties":{"name":"JE Roush Lake (Cartop 22)","access":"public","lake":"J. Edward Roush Lake","county":"Huntington","lat":40.828121,"lng":-85.395463,"source":"Indiana DNR Fish & Wildlife \u2014 Fishing Access Sites","source_url":"https://gisdata.in.gov/server/rest/services/Hosted/Fish_Access_RO/FeatureServer/0","notes":"Launch: Carry Down; Ramp:  ; Fee: No; Motor: None; ADA: No","launch_type":"Carry Down","land_type":"Public Access Site","dnr_accessid":962,"id":"launch-0183"}},{"type":"Feature","geometry":{"type":"Point","coordinates":[-87.324641,39.06509]},"properties":{"name":"Goose Lake","access":"public","lake":"Goose Lake","county":"Sullivan","lat":39.06509,"lng":-87.324641,"source":"Indiana DNR Fish & Wildlife \u2014 Fishing Access Sites","source_url":"https://gisdata.in.gov/server/rest/services/Hosted/Fish_Access_RO/FeatureServer/0","notes":"Launch: Boat Ramp; Ramp:  ; Fee: Yes; Parking: PARKING_LOT; Motor: Electric only; ADA: No","launch_type":"Boat Ramp","land_type":"Public Access Site","dnr_accessid":568,"id":"launch-0184"}},{"type":"Feature","geometry":{"type":"Point","coordinates":[-86.772296,37.945718]},"properties":{"name":"Tell City","access":"public","lake":"Ohio River","county":"Perry","lat":37.945718,"lng":-86.772296,"source":"Indiana DNR Fish & Wildlife \u2014 Fishing Access Sites","source_url":"https://gisdata.in.gov/server/rest/services/Hosted/Fish_Access_RO/FeatureServer/0","notes":"Launch: Boat Ramp; Ramp: Concrete; Fee: No; Parking: PARKING_LOT; Motor: None; ADA: No","launch_type":"Boat Ramp","land_type":"Public Access Site","dnr_accessid":261,"id":"launch-0185"}},{"type":"Feature","geometry":{"type":"Point","coordinates":[-85.381876,41.333141]},"properties":{"name":"Sand-River Lakes","access":"public","lake":"Sand Lake","county":"Noble","lat":41.333141,"lng":-85.381876,"source":"Indiana DNR Fish & Wildlife \u2014 Fishing Access Sites","source_url":"https://gisdata.in.gov/server/rest/services/Hosted/Fish_Access_RO/FeatureServer/0","notes":"Launch: Boat Ramp; Ramp: Concrete; Fee: Yes; Parking: PARKING_LOT; Motor: Electric only; ADA: No","launch_type":"Boat Ramp","land_type":"Public Access Site","dnr_accessid":237,"id":"launch-0186"}},{"type":"Feature","geometry":{"type":"Point","coordinates":[-85.759999,41.507156]},"properties":{"name":"Benton","access":"public","lake":"Elkhart River","county":"Elkhart","lat":41.507156,"lng":-85.759999,"source":"Indiana DNR Fish & Wildlife \u2014 Fishing Access Sites","source_url":"https://gisdata.in.gov/server/rest/services/Hosted/Fish_Access_RO/FeatureServer/0","notes":"Launch: Boat Ramp; Ramp: Concrete; Fee: No; Parking: PARKING_LOT; Motor: None; ADA: Yes","launch_type":"Boat Ramp","land_type":"Public Access Site","dnr_accessid":49,"id":"launch-0187"}},{"type":"Feature","geometry":{"type":"Point","coordinates":[-86.558244,39.373537]},"properties":{"name":"Burnett Landing","access":"public","lake":"White River","county":"Morgan","lat":39.373537,"lng":-86.558244,"source":"Indiana DNR Fish & Wildlife \u2014 Fishing Access Sites","source_url":"https://gisdata.in.gov/server/rest/services/Hosted/Fish_Access_RO/FeatureServer/0","notes":"Launch: Boat Ramp; Ramp: Concrete; Fee: No; Parking: PARKING_LOT; Motor: None; ADA: Yes","launch_type":"Boat Ramp","land_type":"Public Access Site","dnr_accessid":835,"id":"launch-0188"}},{"type":"Feature","geometry":{"type":"Point","coordinates":[-86.941626,41.158526]},"properties":{"name":"Jasper-Pulaski Pond (South)","access":"public","lake":"Jasper-Pulaski Pond (South)","county":"Jasper","lat":41.158526,"lng":-86.941626,"source":"Indiana DNR Fish & Wildlife \u2014 Fishing Access Sites","source_url":"https://gisdata.in.gov/server/rest/services/Hosted/Fish_Access_RO/FeatureServer/0","notes":"Launch: Boat Ramp; Ramp:  ; Fee: No; Motor: Electric only; ADA: No","launch_type":"Boat Ramp","land_type":"Public Access Site","dnr_accessid":579,"id":"launch-0189"}},{"type":"Feature","geometry":{"type":"Point","coordinates":[-87.333328,38.34314]},"properties":{"name":"Oakland City Old Lake","access":"public","lake":"Old Oakland City Lake","county":"Gibson","lat":38.34314,"lng":-87.333328,"source":"Indiana DNR Fish & Wildlife \u2014 Fishing Access Sites","source_url":"https://gisdata.in.gov/server/rest/services/Hosted/Fish_Access_RO/FeatureServer/0","notes":"Launch: Carry Down; Ramp:  ; Fee: No; Parking: PARKING_LOT; Motor: Electric only; ADA: No","launch_type":"Carry Down","land_type":"Public Fishing Area","dnr_accessid":71,"id":"launch-0190"}},{"type":"Feature","geometry":{"type":"Point","coordinates":[-85.057154,41.601096]},"properties":{"name":"Big Bower Lake","access":"public","lake":"Big Bower Lake","county":"Steuben","lat":41.601096,"lng":-85.057154,"source":"Indiana DNR Fish & Wildlife \u2014 Fishing Access Sites","source_url":"https://gisdata.in.gov/server/rest/services/Hosted/Fish_Access_RO/FeatureServer/0","notes":"Launch: Boat Ramp; Ramp: Concrete; Fee: No; Parking: PARKING_LOT; Motor: None; ADA: Yes","launch_type":"Boat Ramp","land_type":"Public Access Site","dnr_accessid":325,"id":"launch-0191"}},{"type":"Feature","geometry":{"type":"Point","coordinates":[-87.583866,39.200373]},"properties":{"name":"Riverview Public Access Site","access":"public","lake":"Wabash River","county":"Sullivan","lat":39.200373,"lng":-87.583866,"source":"Indiana DNR Fish & Wildlife \u2014 Fishing Access Sites","source_url":"https://gisdata.in.gov/server/rest/services/Hosted/Fish_Access_RO/FeatureServer/0","notes":"Launch: Boat Ramp; Ramp: Concrete; Fee: no; Parking: PARKING_LOT; Motor: NA; ADA: Yes","launch_type":"Boat Ramp","land_type":"Public Access Site","dnr_accessid":996,"id":"launch-0192"}},{"type":"Feature","geometry":{"type":"Point","coordinates":[-85.5918,38.955433]},"properties":{"name":"Crosley Lake","access":"public","lake":"Crosley Lake","county":"Jennings","lat":38.955433,"lng":-85.5918,"source":"Indiana DNR Fish & Wildlife \u2014 Fishing Access Sites","source_url":"https://gisdata.in.gov/server/rest/services/Hosted/Fish_Access_RO/FeatureServer/0","notes":"Launch: Boat Ramp; Ramp: Concrete; Fee: No; Parking: PARKING_LOT; Motor: Electric only; ADA: No","launch_type":"Boat Ramp","land_type":"Public Access Site","dnr_accessid":100,"id":"launch-0193"}},{"type":"Feature","geometry":{"type":"Point","coordinates":[-86.471063,41.080209]},"properties":{"name":"Bruce Lake","access":"public","lake":"Bruce Lake","county":"Pulaski","lat":41.080209,"lng":-86.471063,"source":"Indiana DNR Fish & Wildlife \u2014 Fishing Access Sites","source_url":"https://gisdata.in.gov/server/rest/services/Hosted/Fish_Access_RO/FeatureServer/0","notes":"Launch: Boat Ramp; Ramp: Concrete; Fee: No; Parking: PARKING_LOT; Motor: None; ADA: Yes","launch_type":"Boat Ramp","land_type":"Public Access Site","dnr_accessid":294,"id":"launch-0194"}},{"type":"Feature","geometry":{"type":"Point","coordinates":[-86.155145,38.691592]},"properties":{"name":"John Hay Lake","access":"public","lake":"John Hay Lake","county":"Washington","lat":38.691592,"lng":-86.155145,"source":"Indiana DNR Fish & Wildlife \u2014 Fishing Access Sites","source_url":"https://gisdata.in.gov/server/rest/services/Hosted/Fish_Access_RO/FeatureServer/0","notes":"Launch: Boat Ramp; Ramp:  ; Fee: Yes; Parking: PARKING_LOT; Motor: Electric only; ADA: No","launch_type":"Boat Ramp","land_type":"Public Access Site","dnr_accessid":548,"id":"launch-0195"}},{"type":"Feature","geometry":{"type":"Point","coordinates":[-86.89665,40.436324]},"properties":{"name":"Mascouten Park","access":"public","lake":"Wabash River","county":"Tippecanoe","lat":40.436324,"lng":-86.89665,"source":"Indiana DNR Fish & Wildlife \u2014 Fishing Access Sites","source_url":"https://gisdata.in.gov/server/rest/services/Hosted/Fish_Access_RO/FeatureServer/0","notes":"Launch: Boat Ramp; Ramp: Concrete; Fee: No; Parking: PARKING_LOT; Motor: None; ADA: No","launch_type":"Boat Ramp","land_type":"Public Access Site","dnr_accessid":926,"id":"launch-0196"}},{"type":"Feature","geometry":{"type":"Point","coordinates":[-86.658505,39.35074]},"properties":{"name":"Gosport","access":"public","lake":"White River","county":"Owen","lat":39.35074,"lng":-86.658505,"source":"Indiana DNR Fish & Wildlife \u2014 Fishing Access Sites","source_url":"https://gisdata.in.gov/server/rest/services/Hosted/Fish_Access_RO/FeatureServer/0","notes":"Launch: Boat Ramp; Fee: No","launch_type":"Boat Ramp","land_type":"Public Access Site","dnr_accessid":998,"id":"launch-0197"}},{"type":"Feature","geometry":{"type":"Point","coordinates":[-85.934887,38.754892]},"properties":{"name":"Sages Ferry","access":"public","lake":"Muscatatuck River","county":"Washington","lat":38.754892,"lng":-85.934887,"source":"Indiana DNR Fish & Wildlife \u2014 Fishing Access Sites","source_url":"https://gisdata.in.gov/server/rest/services/Hosted/Fish_Access_RO/FeatureServer/0","notes":"Launch: Boat Ramp; Ramp:  ; Fee: No; Parking: PARKING_LOT; Motor: None; ADA: Yes","launch_type":"Boat Ramp","land_type":"Public Access Site","dnr_accessid":904,"id":"launch-0198"}},{"type":"Feature","geometry":{"type":"Point","coordinates":[-85.103146,39.852301]},"properties":{"name":"Martindale PFA","access":"public","lake":"Martindale Pond","county":"Wayne","lat":39.852301,"lng":-85.103146,"source":"Indiana DNR Fish & Wildlife \u2014 Fishing Access Sites","source_url":"https://gisdata.in.gov/server/rest/services/Hosted/Fish_Access_RO/FeatureServer/0","notes":"Launch: Boat Ramp; Ramp: Concrete; Fee: No; Parking: PARKING_LOT; Motor: Electric only; ADA: No","launch_type":"Boat Ramp","land_type":"Public Fishing Area","dnr_accessid":406,"id":"launch-0199"}},{"type":"Feature","geometry":{"type":"Point","coordinates":[-85.494796,40.178792]},"properties":{"name":"Morrows Meadows Park","access":"public","lake":"White River","county":"Delaware","lat":40.178792,"lng":-85.494796,"source":"Indiana DNR Fish & Wildlife \u2014 Fishing Access Sites","source_url":"https://gisdata.in.gov/server/rest/services/Hosted/Fish_Access_RO/FeatureServer/0","notes":"Launch: Carry Down; Ramp:  ; Fee: No; Parking: PARKING_LOT; Motor: None; ADA: No","launch_type":"Carry Down","land_type":"Public Access Site","dnr_accessid":936,"id":"launch-0200"}},{"type":"Feature","geometry":{"type":"Point","coordinates":[-86.264136,40.782441]},"properties":{"name":"Adamsboro Bridge","access":"public","lake":"Eel River","county":"Cass","lat":40.782441,"lng":-86.264136,"source":"Indiana DNR Fish & Wildlife \u2014 Fishing Access Sites","source_url":"https://gisdata.in.gov/server/rest/services/Hosted/Fish_Access_RO/FeatureServer/0","notes":"Launch: Boat Ramp; Ramp: Concrete; Fee: No; Parking: PARKING_LOT; Motor: None; ADA: Yes","launch_type":"Boat Ramp","land_type":"Public Access Site","dnr_accessid":23,"id":"launch-0201"}},{"type":"Feature","geometry":{"type":"Point","coordinates":[-85.855621,40.142572]},"properties":{"name":"Perkinsville Public Access Site","access":"public","lake":"White River","county":"Madison","lat":40.142572,"lng":-85.855621,"source":"Indiana DNR Fish & Wildlife \u2014 Fishing Access Sites","source_url":"https://gisdata.in.gov/server/rest/services/Hosted/Fish_Access_RO/FeatureServer/0","notes":"Launch: Boat Ramp; Ramp: Concrete; Fee: No; Parking: PARKING_LOT; Motor: None; ADA: Yes","launch_type":"Boat Ramp","land_type":"Public Access Site","dnr_accessid":968,"id":"launch-0202"}},{"type":"Feature","geometry":{"type":"Point","coordinates":[-87.235264,38.970172]},"properties":{"name":"Mulberry Pit (Greene-Sullivan)","access":"public","lake":"Mulberry Pit","county":"Greene","lat":38.970172,"lng":-87.235264,"source":"Indiana DNR Fish & Wildlife \u2014 Fishing Access Sites","source_url":"https://gisdata.in.gov/server/rest/services/Hosted/Fish_Access_RO/FeatureServer/0","notes":"Launch: Boat Ramp; Ramp:  ; Fee: Yes; Parking: PARKING_LOT; Motor: Electric only; ADA: No","launch_type":"Boat Ramp","land_type":"Public Fishing Area","dnr_accessid":828,"id":"launch-0203"}},{"type":"Feature","geometry":{"type":"Point","coordinates":[-85.943204,41.525199]},"properties":{"name":"Yellow Creek Lake","access":"public","lake":"Yellow Creek Lake","county":"Elkhart","lat":41.525199,"lng":-85.943204,"source":"Indiana DNR Fish & Wildlife \u2014 Fishing Access Sites","source_url":"https://gisdata.in.gov/server/rest/services/Hosted/Fish_Access_RO/FeatureServer/0","notes":"Launch: Boat Ramp; Ramp: Concrete; Fee: No; Parking: PARKING_LOT; Motor: None; ADA: No","launch_type":"Boat Ramp","land_type":"Public Access Site","dnr_accessid":57,"id":"launch-0204"}},{"type":"Feature","geometry":{"type":"Point","coordinates":[-87.510708,41.670055]},"properties":{"name":"Wolf Lake","access":"public","lake":"Wolf Lake","county":"Lake","lat":41.670055,"lng":-87.510708,"source":"Indiana DNR Fish & Wildlife \u2014 Fishing Access Sites","source_url":"https://gisdata.in.gov/server/rest/services/Hosted/Fish_Access_RO/FeatureServer/0","notes":"Launch: Boat Ramp; Fee: Yes; Parking: PARKING_LOT; Motor: None; ADA: No","launch_type":"Boat Ramp","land_type":"Public Access Site","dnr_accessid":171,"id":"launch-0205"}},{"type":"Feature","geometry":{"type":"Point","coordinates":[-85.543738,41.425466]},"properties":{"name":"Eagle Lake","access":"public","lake":"Eagle Lake","county":"Noble","lat":41.425466,"lng":-85.543738,"source":"Indiana DNR Fish & Wildlife \u2014 Fishing Access Sites","source_url":"https://gisdata.in.gov/server/rest/services/Hosted/Fish_Access_RO/FeatureServer/0","notes":"Launch: Boat Ramp; Ramp: Concrete; Fee: No; Motor: Electric only; ADA: Yes","launch_type":"Boat Ramp","land_type":"Public Access Site","dnr_accessid":229,"id":"launch-0206"}},{"type":"Feature","geometry":{"type":"Point","coordinates":[-87.348321,39.054866]},"properties":{"name":"Skunk Lake","access":"public","lake":"Skunk Lake","county":"Sullivan","lat":39.054866,"lng":-87.348321,"source":"Indiana DNR Fish & Wildlife \u2014 Fishing Access Sites","source_url":"https://gisdata.in.gov/server/rest/services/Hosted/Fish_Access_RO/FeatureServer/0","notes":"Launch: Boat Ramp; Ramp:  ; Fee: Yes; Parking: PARKING_LOT; Motor: Electric only; ADA: No","launch_type":"Boat Ramp","land_type":"Public Access Site","dnr_accessid":577,"id":"launch-0207"}},{"type":"Feature","geometry":{"type":"Point","coordinates":[-86.572328,40.692539]},"properties":{"name":"French Post Park","access":"public","lake":"Wabash River","county":"Carroll","lat":40.692539,"lng":-86.572328,"source":"Indiana DNR Fish & Wildlife \u2014 Fishing Access Sites","source_url":"https://gisdata.in.gov/server/rest/services/Hosted/Fish_Access_RO/FeatureServer/0","notes":"Launch: Boat Ramp; Ramp: Concrete; Fee: No; Parking: PARKING_LOT; Motor: None; ADA: Yes","launch_type":"Boat Ramp","land_type":"Public Access Site","dnr_accessid":19,"id":"launch-0208"}},{"type":"Feature","geometry":{"type":"Point","coordinates":[-87.329133,39.066717]},"properties":{"name":"Long Lake","access":"public","lake":"Long Lake","county":"Sullivan","lat":39.066717,"lng":-87.329133,"source":"Indiana DNR Fish & Wildlife \u2014 Fishing Access Sites","source_url":"https://gisdata.in.gov/server/rest/services/Hosted/Fish_Access_RO/FeatureServer/0","notes":"Launch: Boat Ramp; Ramp:  ; Fee: Yes; Parking: PULL_OFF; Motor: Electric only; ADA: No","launch_type":"Boat Ramp","land_type":"Public Access Site","dnr_accessid":572,"id":"launch-0209"}},{"type":"Feature","geometry":{"type":"Point","coordinates":[-86.894249,41.718375]},"properties":{"name":"Trail Creek Marina","access":"public","lake":"Lake Michigan","county":"LaPorte","lat":41.718375,"lng":-86.894249,"source":"Indiana DNR Fish & Wildlife \u2014 Fishing Access Sites","source_url":"https://gisdata.in.gov/server/rest/services/Hosted/Fish_Access_RO/FeatureServer/0","notes":"Launch: Boat Ramp; Ramp: Concrete; Fee:  ; Parking: PARKING_LOT; Motor: None; ADA: No","launch_type":"Boat Ramp","land_type":"Public Access Site","dnr_accessid":487,"id":"launch-0210"}},{"type":"Feature","geometry":{"type":"Point","coordinates":[-85.848815,40.668719]},"properties":{"name":"Pearson Mill","access":"public","lake":"Mississinewa Lake","county":"Wabash","lat":40.668719,"lng":-85.848815,"source":"Indiana DNR Fish & Wildlife \u2014 Fishing Access Sites","source_url":"https://gisdata.in.gov/server/rest/services/Hosted/Fish_Access_RO/FeatureServer/0","notes":"Launch: Boat Ramp; Ramp: Concrete; Fee: Yes; Parking: PARKING_LOT; Motor: None; ADA: No","launch_type":"Boat Ramp","land_type":"Public Access Site","dnr_accessid":391,"id":"launch-0211"}},{"type":"Feature","geometry":{"type":"Point","coordinates":[-85.373128,41.71821]},"properties":{"name":"Pine Knob Park","access":"public","lake":"Meteer Lake","county":"LaGrange","lat":41.71821,"lng":-85.373128,"source":"Indiana DNR Fish & Wildlife \u2014 Fishing Access Sites","source_url":"https://gisdata.in.gov/server/rest/services/Hosted/Fish_Access_RO/FeatureServer/0","notes":"Launch: Boat Ramp; Ramp: Concrete; Fee: No; Parking: PARKING_LOT; Motor: None; ADA: Yes","launch_type":"Boat Ramp","land_type":"Public Fishing Area","dnr_accessid":531,"id":"launch-0212"}},{"type":"Feature","geometry":{"type":"Point","coordinates":[-87.236075,39.012785]},"properties":{"name":"Goodman Pit","access":"public","lake":"Goodman Pit","county":"Greene","lat":39.012785,"lng":-87.236075,"source":"Indiana DNR Fish & Wildlife \u2014 Fishing Access Sites","source_url":"https://gisdata.in.gov/server/rest/services/Hosted/Fish_Access_RO/FeatureServer/0","notes":"Launch: Boat Ramp; Ramp:  ; Fee: Yes; Parking: PARKING_LOT; Motor: Electric only; ADA: No","launch_type":"Boat Ramp","land_type":"Public Access Site","dnr_accessid":585,"id":"launch-0213"}},{"type":"Feature","geometry":{"type":"Point","coordinates":[-85.532649,41.266652]},"properties":{"name":"Loon Lake","access":"public","lake":"Loon Lake","county":"Noble","lat":41.266652,"lng":-85.532649,"source":"Indiana DNR Fish & Wildlife \u2014 Fishing Access Sites","source_url":"https://gisdata.in.gov/server/rest/services/Hosted/Fish_Access_RO/FeatureServer/0","notes":"Launch: Boat Ramp; Ramp: Concrete; Fee: No; Parking: PARKING_LOT; Motor: None; ADA: Yes; https://www.in.gov/dnr/fish-and-wildlife/files/fmp/fw-LoonLake_Noble_MUE-WAE_2021.pdf","launch_type":"Boat Ramp","land_type":"Public Access Site","dnr_accessid":245,"id":"launch-0214"}},{"type":"Feature","geometry":{"type":"Point","coordinates":[-85.137004,40.72831]},"properties":{"name":"White Bridge","access":"public","lake":"Wabash River","county":"Wells","lat":40.72831,"lng":-85.137004,"source":"Indiana DNR Fish & Wildlife \u2014 Fishing Access Sites","source_url":"https://gisdata.in.gov/server/rest/services/Hosted/Fish_Access_RO/FeatureServer/0","notes":"Launch: Canoe Ramp; Ramp: Concrete; Fee: No; Motor: None; ADA: No","launch_type":"Canoe Ramp","land_type":"Public Access Site","dnr_accessid":409,"id":"launch-0215"}},{"type":"Feature","geometry":{"type":"Point","coordinates":[-85.389915,38.82831]},"properties":{"name":"Kruger Lake","access":"public","lake":"Kruger Lake","county":"Jefferson","lat":38.82831,"lng":-85.389915,"source":"Indiana DNR Fish & Wildlife \u2014 Fishing Access Sites","source_url":"https://gisdata.in.gov/server/rest/services/Hosted/Fish_Access_RO/FeatureServer/0","notes":"Launch: Boat Ramp; Ramp: Concrete; Fee: No; Parking: PARKING_LOT; Motor: Electric only; ADA: Yes","launch_type":"Boat Ramp","land_type":"Public Access Site","dnr_accessid":999,"id":"launch-0216"}},{"type":"Feature","geometry":{"type":"Point","coordinates":[-87.231904,38.966421]},"properties":{"name":"Shake 1 Pit (Greene-Sullivan)","access":"public","lake":"Shake 1 Pit","county":"Greene","lat":38.966421,"lng":-87.231904,"source":"Indiana DNR Fish & Wildlife \u2014 Fishing Access Sites","source_url":"https://gisdata.in.gov/server/rest/services/Hosted/Fish_Access_RO/FeatureServer/0","notes":"Launch: Boat Ramp; Ramp:  ; Fee: Yes; Parking: PULL_OFF; Motor: Electric only; ADA: No","launch_type":"Boat Ramp","land_type":"Public Fishing Area","dnr_accessid":830,"id":"launch-0217"}},{"type":"Feature","geometry":{"type":"Point","coordinates":[-87.235894,39.114675]},"properties":{"name":"Long Lake","access":"public","lake":"Long Lake","county":"Greene","lat":39.114675,"lng":-87.235894,"source":"Indiana DNR Fish & Wildlife \u2014 Fishing Access Sites","source_url":"https://gisdata.in.gov/server/rest/services/Hosted/Fish_Access_RO/FeatureServer/0","notes":"Launch: Boat Ramp; Ramp: Gravel; Fee: No; Parking: PARKING_LOT; Motor: Electric only; ADA: No","launch_type":"Boat Ramp","land_type":"Public Access Site","dnr_accessid":558,"id":"launch-0218"}},{"type":"Feature","geometry":{"type":"Point","coordinates":[-85.85285,41.244551]},"properties":{"name":"Center Lake","access":"public","lake":"Center Lake","county":"Kosciusko","lat":41.244551,"lng":-85.85285,"source":"Indiana DNR Fish & Wildlife \u2014 Fishing Access Sites","source_url":"https://gisdata.in.gov/server/rest/services/Hosted/Fish_Access_RO/FeatureServer/0","notes":"Launch: Boat Ramp; Fee: No; Parking: PARKING_LOT; ADA: Yes","launch_type":"Boat Ramp","land_type":"Public Access Site","dnr_accessid":1000,"id":"launch-0219"}},{"type":"Feature","geometry":{"type":"Point","coordinates":[-87.25977,38.96674]},"properties":{"name":"South Lake","access":"public","lake":"South Lake","county":"Sullivan","lat":38.96674,"lng":-87.25977,"source":"Indiana DNR Fish & Wildlife \u2014 Fishing Access Sites","source_url":"https://gisdata.in.gov/server/rest/services/Hosted/Fish_Access_RO/FeatureServer/0","notes":"Launch: Boat Ramp; Ramp: Gravel; Fee: Yes; Parking: PARKING_LOT; Motor: Electric only; ADA: No","launch_type":"Boat Ramp","land_type":"Public Access Site","dnr_accessid":352,"id":"launch-0220"}},{"type":"Feature","geometry":{"type":"Point","coordinates":[-85.237539,39.081407]},"properties":{"name":"Versailles Lake","access":"public","lake":"Versailles Lake","county":"Ripley","lat":39.081407,"lng":-85.237539,"source":"Indiana DNR Fish & Wildlife \u2014 Fishing Access Sites","source_url":"https://gisdata.in.gov/server/rest/services/Hosted/Fish_Access_RO/FeatureServer/0","notes":"Launch: Boat Ramp; Ramp: Concrete; Fee: Yes; Parking: PARKING_LOT; Motor: Electric only; ADA: No","launch_type":"Boat Ramp","land_type":"Public Access Site","dnr_accessid":298,"id":"launch-0221"}},{"type":"Feature","geometry":{"type":"Point","coordinates":[-87.033725,38.531081]},"properties":{"name":"Goose Pond","access":"public","lake":"Goose Pond","county":"Daviess","lat":38.531081,"lng":-87.033725,"source":"Indiana DNR Fish & Wildlife \u2014 Fishing Access Sites","source_url":"https://gisdata.in.gov/server/rest/services/Hosted/Fish_Access_RO/FeatureServer/0","notes":"Launch: Boat Ramp; Ramp: Gravel; Fee: No; Parking: PARKING_LOT; Motor: Electric only; ADA: No","launch_type":"Boat Ramp","land_type":"Public Access Site","dnr_accessid":912,"id":"launch-0222"}},{"type":"Feature","geometry":{"type":"Point","coordinates":[-86.825976,41.271215]},"properties":{"name":"Kankakee & Yellow Rivers, The Points","access":"public","lake":"Kankakee River","county":"Starke","lat":41.271215,"lng":-86.825976,"source":"Indiana DNR Fish & Wildlife \u2014 Fishing Access Sites","source_url":"https://gisdata.in.gov/server/rest/services/Hosted/Fish_Access_RO/FeatureServer/0","notes":"Launch: Boat Ramp; Ramp: Concrete; Fee: No; Parking: PARKING_LOT; Motor: None; ADA: No","launch_type":"Boat Ramp","land_type":"Public Access Site","dnr_accessid":321,"id":"launch-0223"}},{"type":"Feature","geometry":{"type":"Point","coordinates":[-85.17392,41.661455]},"properties":{"name":"Stayner Lake","access":"public","lake":"Stayner Lake","county":"Steuben","lat":41.661455,"lng":-85.17392,"source":"Indiana DNR Fish & Wildlife \u2014 Fishing Access Sites","source_url":"https://gisdata.in.gov/server/rest/services/Hosted/Fish_Access_RO/FeatureServer/0","notes":"Launch: Boat Ramp; Ramp: Dirt; Fee: No; Parking: PARKING_LOT; Motor: Electric only; ADA: No","launch_type":"Boat Ramp","land_type":"Public Access Site","dnr_accessid":341,"id":"launch-0224"}},{"type":"Feature","geometry":{"type":"Point","coordinates":[-87.231416,39.015101]},"properties":{"name":"Scott Pit (Greene-Sullivan)","access":"public","lake":"Scott Pit","county":"Greene","lat":39.015101,"lng":-87.231416,"source":"Indiana DNR Fish & Wildlife \u2014 Fishing Access Sites","source_url":"https://gisdata.in.gov/server/rest/services/Hosted/Fish_Access_RO/FeatureServer/0","notes":"Launch: Boat Ramp; Ramp:  ; Fee: Yes; Parking: PARKING_LOT; Motor: Electric only; ADA: No","launch_type":"Boat Ramp","land_type":"Public Access Site","dnr_accessid":629,"id":"launch-0225"}},{"type":"Feature","geometry":{"type":"Point","coordinates":[-85.639193,41.36389]},"properties":{"name":"Indian Village","access":"public","lake":"Village Lake","county":"Noble","lat":41.36389,"lng":-85.639193,"source":"Indiana DNR Fish & Wildlife \u2014 Fishing Access Sites","source_url":"https://gisdata.in.gov/server/rest/services/Hosted/Fish_Access_RO/FeatureServer/0","notes":"Launch: Boat Ramp; Ramp: Concrete; Fee: No; Parking: PARKING_LOT; Motor: None; ADA: No","launch_type":"Boat Ramp","land_type":"Public Access Site","dnr_accessid":231,"id":"launch-0226"}},{"type":"Feature","geometry":{"type":"Point","coordinates":[-86.274413,38.272515]},"properties":{"name":"Rothrock Mill","access":"public","lake":"Blue River","county":"Harrison","lat":38.272515,"lng":-86.274413,"source":"Indiana DNR Fish & Wildlife \u2014 Fishing Access Sites","source_url":"https://gisdata.in.gov/server/rest/services/Hosted/Fish_Access_RO/FeatureServer/0","notes":"Launch: Carry Down; Ramp: Gravel; Fee: No; Parking: PARKING_LOT; Motor: None; ADA: No","launch_type":"Carry Down","land_type":"Public Access Site","dnr_accessid":78,"id":"launch-0227"}},{"type":"Feature","geometry":{"type":"Point","coordinates":[-85.360102,41.237319]},"properties":{"name":"Harrold's Landing","access":"public","lake":"Blue Lake","county":"Whitley","lat":41.237319,"lng":-85.360102,"source":"Indiana DNR Fish & Wildlife \u2014 Fishing Access Sites","source_url":"https://gisdata.in.gov/server/rest/services/Hosted/Fish_Access_RO/FeatureServer/0","notes":"Launch: Boat Ramp; Ramp: Concrete; Fee: No; Parking: PARKING_LOT; Motor: None; ADA: Yes","launch_type":"Boat Ramp","land_type":"Public Access Site","dnr_accessid":414,"id":"launch-0228"}},{"type":"Feature","geometry":{"type":"Point","coordinates":[-85.888253,41.705984]},"properties":{"name":"St. Joe River - Six Span Bridge","access":"public","lake":"St. Joseph River","county":"Elkhart","lat":41.705984,"lng":-85.888253,"source":"Indiana DNR Fish & Wildlife \u2014 Fishing Access Sites","source_url":"https://gisdata.in.gov/server/rest/services/Hosted/Fish_Access_RO/FeatureServer/0","notes":"Launch: Boat Ramp; Ramp: Concrete; Fee: No; Parking: PARKING_LOT; Motor: None; ADA: No","launch_type":"Boat Ramp","land_type":"Public Access Site","dnr_accessid":56,"id":"launch-0229"}},{"type":"Feature","geometry":{"type":"Point","coordinates":[-86.071704,41.671674]},"properties":{"name":"Baugo Bay","access":"public","lake":"St. Joseph River","county":"St. Joseph","lat":41.671674,"lng":-86.071704,"source":"Indiana DNR Fish & Wildlife \u2014 Fishing Access Sites","source_url":"https://gisdata.in.gov/server/rest/services/Hosted/Fish_Access_RO/FeatureServer/0","notes":"Launch: Boat Ramp; Ramp: Gravel; Fee: No; Parking: PARKING_LOT; Motor: None; ADA: No","launch_type":"Boat Ramp","land_type":"Public Access Site","dnr_accessid":305,"id":"launch-0230"}},{"type":"Feature","geometry":{"type":"Point","coordinates":[-85.134749,41.250975]},"properties":{"name":"Cook's Landing","access":"public","lake":"Cedar Creek","county":"Tippecanoe","lat":41.250975,"lng":-85.134749,"source":"Indiana DNR Fish & Wildlife \u2014 Fishing Access Sites","source_url":"https://gisdata.in.gov/server/rest/services/Hosted/Fish_Access_RO/FeatureServer/0","notes":"Launch: Carry Down; Ramp:  ; Fee: No; Motor: NA; ADA: No","launch_type":"Carry Down","land_type":"Public Access Site","dnr_accessid":943,"id":"launch-0231"}},{"type":"Feature","geometry":{"type":"Point","coordinates":[-85.280089,41.684656]},"properties":{"name":"Pigeon River (Mongo Dam)","access":"public","lake":"Pigeon River","county":"LaGrange","lat":41.684656,"lng":-85.280089,"source":"Indiana DNR Fish & Wildlife \u2014 Fishing Access Sites","source_url":"https://gisdata.in.gov/server/rest/services/Hosted/Fish_Access_RO/FeatureServer/0","notes":"Launch: Boat Ramp; Ramp:  ; Fee: No; Parking: PARKING_LOT; Motor: Electric only; ADA: No","launch_type":"Boat Ramp","land_type":"Public Access Site","dnr_accessid":152,"id":"launch-0232"}},{"type":"Feature","geometry":{"type":"Point","coordinates":[-87.237516,41.566541]},"properties":{"name":"Riverview Park","access":"public","lake":"Deep River","county":"Lake","lat":41.566541,"lng":-87.237516,"source":"Indiana DNR Fish & Wildlife \u2014 Fishing Access Sites","source_url":"https://gisdata.in.gov/server/rest/services/Hosted/Fish_Access_RO/FeatureServer/0","notes":"Launch: Carry Down; Ramp: N/A; Fee: No; Parking: PARKING_LOT; Motor:  ; ADA: No","launch_type":"Carry Down","land_type":"Public Access Site","dnr_accessid":532,"id":"launch-0233"}},{"type":"Feature","geometry":{"type":"Point","coordinates":[-87.262949,38.977322]},"properties":{"name":"Twin Pit","access":"public","lake":"Twin Pit","county":"Sullivan","lat":38.977322,"lng":-87.262949,"source":"Indiana DNR Fish & Wildlife \u2014 Fishing Access Sites","source_url":"https://gisdata.in.gov/server/rest/services/Hosted/Fish_Access_RO/FeatureServer/0","notes":"Launch: Boat Ramp; Ramp:  ; Fee: Yes; Parking: PULL_OFF; Motor: Electric only; ADA: No","launch_type":"Boat Ramp","land_type":"Public Fishing Area","dnr_accessid":924,"id":"launch-0234"}},{"type":"Feature","geometry":{"type":"Point","coordinates":[-85.138828,39.621677]},"properties":{"name":"Connersville Canoe Site","access":"public","lake":"Whitewater River","county":"Fayette","lat":39.621677,"lng":-85.138828,"source":"Indiana DNR Fish & Wildlife \u2014 Fishing Access Sites","source_url":"https://gisdata.in.gov/server/rest/services/Hosted/Fish_Access_RO/FeatureServer/0","notes":"Launch: Canoe Ramp; Fee: No; Parking: PARKING_LOT","launch_type":"Canoe Ramp","land_type":"Public Access Site","dnr_accessid":1002,"id":"launch-0235"}},{"type":"Feature","geometry":{"type":"Point","coordinates":[-85.440905,41.554333]},"properties":{"name":"Messick Lake","access":"public","lake":"Messick Lake","county":"LaGrange","lat":41.554333,"lng":-85.440905,"source":"Indiana DNR Fish & Wildlife \u2014 Fishing Access Sites","source_url":"https://gisdata.in.gov/server/rest/services/Hosted/Fish_Access_RO/FeatureServer/0","notes":"Launch: Boat Ramp; Ramp: Concrete; Fee: No; Parking: PARKING_LOT; Motor: None; ADA: Yes","launch_type":"Boat Ramp","land_type":"Public Access Site","dnr_accessid":148,"id":"launch-0236"}},{"type":"Feature","geometry":{"type":"Point","coordinates":[-85.82529,40.790176]},"properties":{"name":"Wabash","access":"public","lake":"Wabash River","county":"Wabash","lat":40.790176,"lng":-85.82529,"source":"Indiana DNR Fish & Wildlife \u2014 Fishing Access Sites","source_url":"https://gisdata.in.gov/server/rest/services/Hosted/Fish_Access_RO/FeatureServer/0","notes":"Launch: Boat Ramp; Ramp: Concrete; Fee: No; Motor: None; ADA: No","launch_type":"Boat Ramp","land_type":"Public Access Site","dnr_accessid":394,"id":"launch-0237"}},{"type":"Feature","geometry":{"type":"Point","coordinates":[-87.232369,38.9923]},"properties":{"name":"Alder Pit","access":"public","lake":"Alder Pit","county":"Greene","lat":38.9923,"lng":-87.232369,"source":"Indiana DNR Fish & Wildlife \u2014 Fishing Access Sites","source_url":"https://gisdata.in.gov/server/rest/services/Hosted/Fish_Access_RO/FeatureServer/0","notes":"Launch: Boat Ramp; Ramp:  ; Fee: Yes; Parking: PARKING_LOT; Motor: Electric only; ADA: No","launch_type":"Boat Ramp","land_type":"Public Access Site","dnr_accessid":590,"id":"launch-0238"}},{"type":"Feature","geometry":{"type":"Point","coordinates":[-86.248062,41.685546]},"properties":{"name":"Leeper Park","access":"public","lake":"St. Joseph River","county":"St. Joseph","lat":41.685546,"lng":-86.248062,"source":"Indiana DNR Fish & Wildlife \u2014 Fishing Access Sites","source_url":"https://gisdata.in.gov/server/rest/services/Hosted/Fish_Access_RO/FeatureServer/0","notes":"Launch: Boat Ramp; Fee: No; Parking: PARKING_LOT; Motor: None; ADA: No","launch_type":"Boat Ramp","land_type":"Public Access Site","dnr_accessid":308,"id":"launch-0239"}},{"type":"Feature","geometry":{"type":"Point","coordinates":[-86.685018,40.957355]},"properties":{"name":"Pond 'N River","access":"public","lake":"Tippecanoe River","county":"Pulaski","lat":40.957355,"lng":-86.685018,"source":"Indiana DNR Fish & Wildlife \u2014 Fishing Access Sites","source_url":"https://gisdata.in.gov/server/rest/services/Hosted/Fish_Access_RO/FeatureServer/0","notes":"Launch: Boat Ramp; Ramp:  ; Fee: No; Parking: PARKING_LOT; Motor: None; ADA: Yes","launch_type":"Boat Ramp","land_type":"Public Access Site","dnr_accessid":1081,"id":"launch-0240"}},{"type":"Feature","geometry":{"type":"Point","coordinates":[-84.81889,38.843425]},"properties":{"name":"Patriot Ramp","access":"public","lake":"Ohio River","county":"Switzerland","lat":38.843425,"lng":-84.81889,"source":"Indiana DNR Fish & Wildlife \u2014 Fishing Access Sites","source_url":"https://gisdata.in.gov/server/rest/services/Hosted/Fish_Access_RO/FeatureServer/0","notes":"Launch: Boat Ramp; Ramp:  ; Fee: No; Motor: None; ADA: No","launch_type":"Boat Ramp","land_type":"Public Access Site","dnr_accessid":937,"id":"launch-0241"}},{"type":"Feature","geometry":{"type":"Point","coordinates":[-86.570951,41.520121]},"properties":{"name":"Tamarack Lake","access":"public","lake":"Tamarack Lake","county":"LaPorte","lat":41.520121,"lng":-86.570951,"source":"Indiana DNR Fish & Wildlife \u2014 Fishing Access Sites","source_url":"https://gisdata.in.gov/server/rest/services/Hosted/Fish_Access_RO/FeatureServer/0","notes":"Launch: Boat Ramp; Ramp: Concrete; Fee: No; Parking: PARKING_LOT; Motor: Electric only; ADA: Yes","launch_type":"Boat Ramp","land_type":"Public Access Site","dnr_accessid":179,"id":"launch-0242"}},{"type":"Feature","geometry":{"type":"Point","coordinates":[-87.219024,38.344238]},"properties":{"name":"Ashby Pit","access":"public","lake":"Ashby Pit","county":"Pike","lat":38.344238,"lng":-87.219024,"source":"Indiana DNR Fish & Wildlife \u2014 Fishing Access Sites","source_url":"https://gisdata.in.gov/server/rest/services/Hosted/Fish_Access_RO/FeatureServer/0","notes":"Launch: Boat Ramp; Ramp: Concrete; Fee: No; Parking: PARKING_LOT; Motor: Electric only; ADA: No","launch_type":"Boat Ramp","land_type":"Public Access Site","dnr_accessid":264,"id":"launch-0243"}},{"type":"Feature","geometry":{"type":"Point","coordinates":[-86.477227,39.32276]},"properties":{"name":"Bryant Creek Lake","access":"public","lake":"Bryant Creek Lake","county":"Monroe","lat":39.32276,"lng":-86.477227,"source":"Indiana DNR Fish & Wildlife \u2014 Fishing Access Sites","source_url":"https://gisdata.in.gov/server/rest/services/Hosted/Fish_Access_RO/FeatureServer/0","notes":"Launch: Boat Ramp; Ramp:  ; Fee: No; Parking: PARKING_LOT; Motor: Electric only; ADA: No","launch_type":"Boat Ramp","land_type":"Public Access Site","dnr_accessid":880,"id":"launch-0244"}},{"type":"Feature","geometry":{"type":"Point","coordinates":[-86.581631,41.490237]},"properties":{"name":"Kingsbury F&W Area","access":"public","lake":"Kankakee River","county":"LaPorte","lat":41.490237,"lng":-86.581631,"source":"Indiana DNR Fish & Wildlife \u2014 Fishing Access Sites","source_url":"https://gisdata.in.gov/server/rest/services/Hosted/Fish_Access_RO/FeatureServer/0","notes":"Launch: Boat Ramp; Ramp:  ; Fee: No; Parking: PARKING_LOT; Motor: None; ADA: No","launch_type":"Boat Ramp","land_type":"Public Access Site","dnr_accessid":177,"id":"launch-0245"}},{"type":"Feature","geometry":{"type":"Point","coordinates":[-87.412057,39.492319]},"properties":{"name":"Maple Avenue Nature Park","access":"public","lake":"Maple Avenue Lake","county":"Vigo","lat":39.492319,"lng":-87.412057,"source":"Indiana DNR Fish & Wildlife \u2014 Fishing Access Sites","source_url":"https://gisdata.in.gov/server/rest/services/Hosted/Fish_Access_RO/FeatureServer/0","notes":"Launch: Boat Ramp; Fee: No; Parking: PARKING_LOT; Motor: Electric only; ADA: No","launch_type":"Boat Ramp","land_type":"Public Fishing Area","dnr_accessid":987,"id":"launch-0246"}},{"type":"Feature","geometry":{"type":"Point","coordinates":[-85.600686,38.964254]},"properties":{"name":"Mallard Pond","access":"public","lake":"Mallard Pond","county":"Jennings","lat":38.964254,"lng":-85.600686,"source":"Indiana DNR Fish & Wildlife \u2014 Fishing Access Sites","source_url":"https://gisdata.in.gov/server/rest/services/Hosted/Fish_Access_RO/FeatureServer/0","notes":"Launch: Boat Ramp; Ramp: Gravel; Fee: No; Parking: PARKING_LOT; Motor: Electric only; ADA: No","launch_type":"Boat Ramp","land_type":"Public Access Site","dnr_accessid":103,"id":"launch-0247"}},{"type":"Feature","geometry":{"type":"Point","coordinates":[-85.834958,41.561416]},"properties":{"name":"Goshen Dam Pond","access":"public","lake":"Goshen Dam Pond","county":"Elkhart","lat":41.561416,"lng":-85.834958,"source":"Indiana DNR Fish & Wildlife \u2014 Fishing Access Sites","source_url":"https://gisdata.in.gov/server/rest/services/Hosted/Fish_Access_RO/FeatureServer/0","notes":"Launch: Carry Down; Ramp:  ; Fee: No; Parking: PARKING_LOT; Motor: NA; ADA: No","launch_type":"Carry Down","land_type":"Public Access Site","dnr_accessid":554,"id":"launch-0248"}},{"type":"Feature","geometry":{"type":"Point","coordinates":[-85.352152,41.700762]},"properties":{"name":"Pigeon River (390 East) - Skip's Bridge","access":"public","lake":"Ontario Millpond","county":"LaGrange","lat":41.700762,"lng":-85.352152,"source":"Indiana DNR Fish & Wildlife \u2014 Fishing Access Sites","source_url":"https://gisdata.in.gov/server/rest/services/Hosted/Fish_Access_RO/FeatureServer/0","notes":"Launch: Boat Ramp; Ramp:  ; Fee: No; Parking: PARKING_LOT; Motor: Electric only; ADA: No","launch_type":"Boat Ramp","land_type":"Public Access Site","dnr_accessid":151,"id":"launch-0249"}},{"type":"Feature","geometry":{"type":"Point","coordinates":[-85.840308,41.575422]},"properties":{"name":"Shanklin Park","access":"public","lake":"Elkhart River","county":"Elkhart","lat":41.575422,"lng":-85.840308,"source":"Indiana DNR Fish & Wildlife \u2014 Fishing Access Sites","source_url":"https://gisdata.in.gov/server/rest/services/Hosted/Fish_Access_RO/FeatureServer/0","notes":"Launch: Boat Ramp; Ramp: Gravel; Fee: No; Parking: PARKING_LOT; Motor: None; ADA: Yes","launch_type":"Boat Ramp","land_type":"Public Access Site","dnr_accessid":53,"id":"launch-0250"}},{"type":"Feature","geometry":{"type":"Point","coordinates":[-85.115546,41.709725]},"properties":{"name":"Lime Lake - use Lake Gage public access ramp","access":"public","lake":"Lime Lake","county":"Steuben","lat":41.709725,"lng":-85.115546,"source":"Indiana DNR Fish & Wildlife \u2014 Fishing Access Sites","source_url":"https://gisdata.in.gov/server/rest/services/Hosted/Fish_Access_RO/FeatureServer/0","notes":"Launch: Boat Ramp; Ramp: Concrete; Fee: No; Parking: PARKING_LOT; Motor: None; ADA: Yes","launch_type":"Boat Ramp","land_type":"Public Access Site","dnr_accessid":333,"id":"launch-0251"}},{"type":"Feature","geometry":{"type":"Point","coordinates":[-87.241156,38.971547]},"properties":{"name":"Hammond Pit (Greene-Sullivan)","access":"public","lake":"Hammond Pit","county":"Sullivan","lat":38.971547,"lng":-87.241156,"source":"Indiana DNR Fish & Wildlife \u2014 Fishing Access Sites","source_url":"https://gisdata.in.gov/server/rest/services/Hosted/Fish_Access_RO/FeatureServer/0","notes":"Launch: Boat Ramp; Ramp:  ; Fee: Yes; Parking: PARKING_LOT; Motor: Electric only; ADA: No","launch_type":"Boat Ramp","land_type":"Public Access Site","dnr_accessid":826,"id":"launch-0252"}},{"type":"Feature","geometry":{"type":"Point","coordinates":[-86.906112,40.049008]},"properties":{"name":"Sugar Creek (Elston Park)","access":"public","lake":"Sugar Creek","county":"Montgomery","lat":40.049008,"lng":-86.906112,"source":"Indiana DNR Fish & Wildlife \u2014 Fishing Access Sites","source_url":"https://gisdata.in.gov/server/rest/services/Hosted/Fish_Access_RO/FeatureServer/0","notes":"Launch: Carry Down; Fee: No; Parking: PARKING_LOT; Motor: NA; ADA: No","launch_type":"Carry Down","land_type":"Public Fishing Area","dnr_accessid":212,"id":"launch-0253"}},{"type":"Feature","geometry":{"type":"Point","coordinates":[-87.941452,37.785178]},"properties":{"name":"Hovey Lake - Ohio River","access":"public","lake":"Ohio River","county":"Posey","lat":37.785178,"lng":-87.941452,"source":"Indiana DNR Fish & Wildlife \u2014 Fishing Access Sites","source_url":"https://gisdata.in.gov/server/rest/services/Hosted/Fish_Access_RO/FeatureServer/0","notes":"Launch: Boat Ramp; Ramp: Concrete; Fee: No; Parking: PARKING_LOT; Motor: None; ADA: No","launch_type":"Boat Ramp","land_type":"Public Access Site","dnr_accessid":434,"id":"launch-0254"}},{"type":"Feature","geometry":{"type":"Point","coordinates":[-85.972424,40.090419]},"properties":{"name":"Riverwood Canoe Landing","access":"public","lake":"White River","county":"Hamilton","lat":40.090419,"lng":-85.972424,"source":"Indiana DNR Fish & Wildlife \u2014 Fishing Access Sites","source_url":"https://gisdata.in.gov/server/rest/services/Hosted/Fish_Access_RO/FeatureServer/0","notes":"Launch: Carry Down; Ramp:  ; Fee: No; Parking: PARKING_LOT; Motor: NA; ADA: No","launch_type":"Carry Down","land_type":"Public Access Site","dnr_accessid":935,"id":"launch-0255"}},{"type":"Feature","geometry":{"type":"Point","coordinates":[-85.908167,39.280428]},"properties":{"name":"Owen's Bend County Park","access":"public","lake":"Flatrock River","county":"Bartholomew","lat":39.280428,"lng":-85.908167,"source":"Indiana DNR Fish & Wildlife \u2014 Fishing Access Sites","source_url":"https://gisdata.in.gov/server/rest/services/Hosted/Fish_Access_RO/FeatureServer/0","notes":"Launch: Boat Ramp; Ramp:  ; Fee: No; Parking: PARKING_LOT; Motor: None; ADA: Yes","launch_type":"Boat Ramp","land_type":"Public Access Site","dnr_accessid":903,"id":"launch-0256"}},{"type":"Feature","geometry":{"type":"Point","coordinates":[-85.312127,41.156775]},"properties":{"name":"Everett Lake","access":"public","lake":"Everett Lake","county":"Allen","lat":41.156775,"lng":-85.312127,"source":"Indiana DNR Fish & Wildlife \u2014 Fishing Access Sites","source_url":"https://gisdata.in.gov/server/rest/services/Hosted/Fish_Access_RO/FeatureServer/0","notes":"Launch: Boat Ramp; Ramp: Concrete; Fee: No; Parking: PARKING_LOT; Motor: None; ADA: Yes","launch_type":"Boat Ramp","land_type":"Public Access Site","dnr_accessid":5,"id":"launch-0257"}},{"type":"Feature","geometry":{"type":"Point","coordinates":[-84.988738,39.554248]},"properties":{"name":"Hanna Creek Ramp","access":"public","lake":"Brookville Lake","county":"Union","lat":39.554248,"lng":-84.988738,"source":"Indiana DNR Fish & Wildlife \u2014 Fishing Access Sites","source_url":"https://gisdata.in.gov/server/rest/services/Hosted/Fish_Access_RO/FeatureServer/0","notes":"Launch: Boat Ramp; Ramp: Concrete; Fee: Yes; Parking: PARKING_LOT; ADA: No","launch_type":"Boat Ramp","land_type":"Public Access Site","dnr_accessid":367,"id":"launch-0258"}},{"type":"Feature","geometry":{"type":"Point","coordinates":[-87.449183,38.090818]},"properties":{"name":"Blue Grass FWA Ringneck Pit","access":"public","lake":"Ringneck Pit","county":"Warrick","lat":38.090818,"lng":-87.449183,"source":"Indiana DNR Fish & Wildlife \u2014 Fishing Access Sites","source_url":"https://gisdata.in.gov/server/rest/services/Hosted/Fish_Access_RO/FeatureServer/0","notes":"Launch: Boat Ramp; Ramp: Concrete; Fee: No; Parking: PARKING_LOT; Motor: Electric only; ADA: No","launch_type":"Boat Ramp","land_type":"Public Access Site","dnr_accessid":400,"id":"launch-0259"}},{"type":"Feature","geometry":{"type":"Point","coordinates":[-87.222867,39.125064]},"properties":{"name":"Shovel Lake West","access":"public","lake":"Shovel Lake West","county":"Greene","lat":39.125064,"lng":-87.222867,"source":"Indiana DNR Fish & Wildlife \u2014 Fishing Access Sites","source_url":"https://gisdata.in.gov/server/rest/services/Hosted/Fish_Access_RO/FeatureServer/0","notes":"Launch: Shoreline; Ramp:  ; Fee: No; Parking: PARKING_LOT; Motor: Electric only; ADA: No","launch_type":"Shoreline","land_type":"Public Fishing Area","dnr_accessid":918,"id":"launch-0260"}},{"type":"Feature","geometry":{"type":"Point","coordinates":[-87.461695,38.107425]},"properties":{"name":"Blue Grass FWA Blue Grass Pit","access":"public","lake":"Blue Grass Pit","county":"Warrick","lat":38.107425,"lng":-87.461695,"source":"Indiana DNR Fish & Wildlife \u2014 Fishing Access Sites","source_url":"https://gisdata.in.gov/server/rest/services/Hosted/Fish_Access_RO/FeatureServer/0","notes":"Launch: Boat Ramp; Ramp: Concrete; Fee: No; Parking: PARKING_LOT; Motor: Electric only; ADA: No","launch_type":"Boat Ramp","land_type":"Public Access Site","dnr_accessid":476,"id":"launch-0261"}},{"type":"Feature","geometry":{"type":"Point","coordinates":[-86.75617,40.653228]},"properties":{"name":"Oakdale Dam","access":"public","lake":"Tippecanoe River","county":"Carroll","lat":40.653228,"lng":-86.75617,"source":"Indiana DNR Fish & Wildlife \u2014 Fishing Access Sites","source_url":"https://gisdata.in.gov/server/rest/services/Hosted/Fish_Access_RO/FeatureServer/0","notes":"Launch: Boat Ramp; Ramp: Concrete; Fee: No; Parking: PARKING_LOT; Motor: None; ADA: Yes","launch_type":"Boat Ramp","land_type":"Public Access Site","dnr_accessid":22,"id":"launch-0262"}},{"type":"Feature","geometry":{"type":"Point","coordinates":[-87.318461,38.319227]},"properties":{"name":"Oakland City New Lake","access":"public","lake":"New Lake","county":"Gibson","lat":38.319227,"lng":-87.318461,"source":"Indiana DNR Fish & Wildlife \u2014 Fishing Access Sites","source_url":"https://gisdata.in.gov/server/rest/services/Hosted/Fish_Access_RO/FeatureServer/0","notes":"Launch: Boat Ramp; Ramp: Concrete; Fee: No; Parking: PARKING_LOT; Motor: Electric only; ADA: Yes","launch_type":"Boat Ramp","land_type":"Public Access Site","dnr_accessid":70,"id":"launch-0263"}},{"type":"Feature","geometry":{"type":"Point","coordinates":[-86.045644,39.111242]},"properties":{"name":"Grouse Ridge PFA","access":"public","lake":"Grouse Ridge Lake","county":"Bartholomew","lat":39.111242,"lng":-86.045644,"source":"Indiana DNR Fish & Wildlife \u2014 Fishing Access Sites","source_url":"https://gisdata.in.gov/server/rest/services/Hosted/Fish_Access_RO/FeatureServer/0","notes":"Launch: Boat Ramp; Ramp: Concrete; Fee: No; Parking: PARKING_LOT; Motor: Electric only; ADA: No","launch_type":"Boat Ramp","land_type":"Public Fishing Area","dnr_accessid":10,"id":"launch-0264"}},{"type":"Feature","geometry":{"type":"Point","coordinates":[-87.051441,38.565717]},"properties":{"name":"Horseshoe Pond","access":"public","lake":"Horseshoe Pond","county":"Daviess","lat":38.565717,"lng":-87.051441,"source":"Indiana DNR Fish & Wildlife \u2014 Fishing Access Sites","source_url":"https://gisdata.in.gov/server/rest/services/Hosted/Fish_Access_RO/FeatureServer/0","notes":"Launch: Boat Ramp; Ramp: Concrete; Fee: No; Parking: PARKING_LOT; Motor: Electric only; ADA: Yes","launch_type":"Boat Ramp","land_type":"Public Fishing Area","dnr_accessid":910,"id":"launch-0265"}},{"type":"Feature","geometry":{"type":"Point","coordinates":[-87.317019,39.491218]},"properties":{"name":"J.I. Case Marsh","access":"public","lake":"J.I. Case Marsh","county":"Vigo","lat":39.491218,"lng":-87.317019,"source":"Indiana DNR Fish & Wildlife \u2014 Fishing Access Sites","source_url":"https://gisdata.in.gov/server/rest/services/Hosted/Fish_Access_RO/FeatureServer/0","notes":"Launch: Boat Ramp; Ramp: Concrete; Fee: No; Parking: PARKING_LOT; Motor: Electric only; ADA: No","launch_type":"Boat Ramp","land_type":"Public Access Site","dnr_accessid":379,"id":"launch-0266"}},{"type":"Feature","geometry":{"type":"Point","coordinates":[-87.338762,39.066725]},"properties":{"name":"Turtle Lake","access":"public","lake":"Turtle Lake","county":"Sullivan","lat":39.066725,"lng":-87.338762,"source":"Indiana DNR Fish & Wildlife \u2014 Fishing Access Sites","source_url":"https://gisdata.in.gov/server/rest/services/Hosted/Fish_Access_RO/FeatureServer/0","notes":"Launch: Boat Ramp; Ramp:  ; Fee: Yes; Parking: PULL_OFF; Motor: Electric only; ADA: No","launch_type":"Boat Ramp","land_type":"Public Access Site","dnr_accessid":571,"id":"launch-0267"}},{"type":"Feature","geometry":{"type":"Point","coordinates":[-87.258715,38.978358]},"properties":{"name":"Graveyard Pit (Greene-Sullivan)","access":"public","lake":"Graveyard Pit","county":"Sullivan","lat":38.978358,"lng":-87.258715,"source":"Indiana DNR Fish & Wildlife \u2014 Fishing Access Sites","source_url":"https://gisdata.in.gov/server/rest/services/Hosted/Fish_Access_RO/FeatureServer/0","notes":"Launch: Boat Ramp; Ramp:  ; Fee: Yes; Parking: PARKING_LOT; Motor: Electric only; ADA: No","launch_type":"Boat Ramp","land_type":"Public Access Site","dnr_accessid":821,"id":"launch-0268"}},{"type":"Feature","geometry":{"type":"Point","coordinates":[-87.250916,38.976339]},"properties":{"name":"Red Bud Pit","access":"public","lake":"Red Bud Pit","county":"Sullivan","lat":38.976339,"lng":-87.250916,"source":"Indiana DNR Fish & Wildlife \u2014 Fishing Access Sites","source_url":"https://gisdata.in.gov/server/rest/services/Hosted/Fish_Access_RO/FeatureServer/0","notes":"Launch: Boat Ramp; Ramp:  ; Fee: Yes; Parking: PULL_OFF; Motor: Electric only; ADA: No","launch_type":"Boat Ramp","land_type":"Public Access Site","dnr_accessid":598,"id":"launch-0269"}},{"type":"Feature","geometry":{"type":"Point","coordinates":[-84.872797,39.86025]},"properties":{"name":"Middlefork Reservoir","access":"public","lake":"Middlefork Reservoir","county":"Wayne","lat":39.86025,"lng":-84.872797,"source":"Indiana DNR Fish & Wildlife \u2014 Fishing Access Sites","source_url":"https://gisdata.in.gov/server/rest/services/Hosted/Fish_Access_RO/FeatureServer/0","notes":"Launch: Boat Ramp; Ramp: Concrete; Fee: Yes; Parking: PARKING_LOT; Motor: <6hp; ADA: Yes","launch_type":"Boat Ramp","land_type":"Public Access Site","dnr_accessid":407,"id":"launch-0270"}},{"type":"Feature","geometry":{"type":"Point","coordinates":[-87.036059,40.411148]},"properties":{"name":"Granville Bridge","access":"public","lake":"Wabash River","county":"Tippecanoe","lat":40.411148,"lng":-87.036059,"source":"Indiana DNR Fish & Wildlife \u2014 Fishing Access Sites","source_url":"https://gisdata.in.gov/server/rest/services/Hosted/Fish_Access_RO/FeatureServer/0","notes":"Launch: Boat Ramp; Ramp: Concrete; Fee: No; Parking: PARKING_LOT; Motor: None; ADA: No","launch_type":"Boat Ramp","land_type":"Public Access Site","dnr_accessid":362,"id":"launch-0271"}},{"type":"Feature","geometry":{"type":"Point","coordinates":[-87.196637,39.459532]},"properties":{"name":"Scheister Pit","access":"public","lake":"Scheister Pit","county":"Clay","lat":39.459532,"lng":-87.196637,"source":"Indiana DNR Fish & Wildlife \u2014 Fishing Access Sites","source_url":"https://gisdata.in.gov/server/rest/services/Hosted/Fish_Access_RO/FeatureServer/0","notes":"Launch: Boat Ramp; Ramp:  ; Fee: No; Parking: PARKING_LOT; Motor: Electric only; ADA: No","launch_type":"Boat Ramp","land_type":"Public Access Site","dnr_accessid":612,"id":"launch-0272"}},{"type":"Feature","geometry":{"type":"Point","coordinates":[-86.941662,41.158842]},"properties":{"name":"North Pit","access":"public","lake":"North Pit","county":"Jasper","lat":41.158842,"lng":-86.941662,"source":"Indiana DNR Fish & Wildlife \u2014 Fishing Access Sites","source_url":"https://gisdata.in.gov/server/rest/services/Hosted/Fish_Access_RO/FeatureServer/0","notes":"Launch: Boat Ramp; Ramp:  ; Fee: No; Motor: Electric only; ADA: No","launch_type":"Boat Ramp","land_type":"Public Access Site","dnr_accessid":578,"id":"launch-0273"}},{"type":"Feature","geometry":{"type":"Point","coordinates":[-86.276971,41.518973]},"properties":{"name":"Pleasant Lake","access":"public","lake":"Pleasant Lake","county":"St. Joseph","lat":41.518973,"lng":-86.276971,"source":"Indiana DNR Fish & Wildlife \u2014 Fishing Access Sites","source_url":"https://gisdata.in.gov/server/rest/services/Hosted/Fish_Access_RO/FeatureServer/0","notes":"Launch: Boat Ramp; Ramp: Concrete; Fee: No; Parking: PULL_OFF; Motor: None; ADA: Yes","launch_type":"Boat Ramp","land_type":"Public Access Site","dnr_accessid":313,"id":"launch-0274"}},{"type":"Feature","geometry":{"type":"Point","coordinates":[-85.365018,41.735586]},"properties":{"name":"Cedar Lake","access":"public","lake":"Cedar Lake","county":"LaGrange","lat":41.735586,"lng":-85.365018,"source":"Indiana DNR Fish & Wildlife \u2014 Fishing Access Sites","source_url":"https://gisdata.in.gov/server/rest/services/Hosted/Fish_Access_RO/FeatureServer/0","notes":"Launch: Boat Ramp; Ramp: Concrete; Fee: No; Parking: PARKING_LOT; Motor: None; ADA: Yes","launch_type":"Boat Ramp","land_type":"Public Access Site","dnr_accessid":144,"id":"launch-0275"}},{"type":"Feature","geometry":{"type":"Point","coordinates":[-86.980324,38.296612]},"properties":{"name":"Huntingburg Lake","access":"public","lake":"Huntingburg Lake","county":"Dubois","lat":38.296612,"lng":-86.980324,"source":"Indiana DNR Fish & Wildlife \u2014 Fishing Access Sites","source_url":"https://gisdata.in.gov/server/rest/services/Hosted/Fish_Access_RO/FeatureServer/0","notes":"Launch: Boat Ramp; Ramp: Concrete; Fee: No; Parking: PARKING_LOT; Motor: Electric only; ADA: No","launch_type":"Boat Ramp","land_type":"Public Access Site","dnr_accessid":45,"id":"launch-0276"}},{"type":"Feature","geometry":{"type":"Point","coordinates":[-85.375423,41.493945]},"properties":{"name":"Sylvan Lake","access":"public","lake":"Sylvan Lake","county":"Noble","lat":41.493945,"lng":-85.375423,"source":"Indiana DNR Fish & Wildlife \u2014 Fishing Access Sites","source_url":"https://gisdata.in.gov/server/rest/services/Hosted/Fish_Access_RO/FeatureServer/0","notes":"Launch: Boat Ramp; Ramp: Concrete; Fee: No; Parking: PARKING_LOT; Motor: None; ADA: Yes","launch_type":"Boat Ramp","land_type":"Public Access Site","dnr_accessid":241,"id":"launch-0277"}},{"type":"Feature","geometry":{"type":"Point","coordinates":[-85.667356,40.791984]},"properties":{"name":"Dora-New Holland","access":"public","lake":"Salamonie Lake","county":"Wabash","lat":40.791984,"lng":-85.667356,"source":"Indiana DNR Fish & Wildlife \u2014 Fishing Access Sites","source_url":"https://gisdata.in.gov/server/rest/services/Hosted/Fish_Access_RO/FeatureServer/0","notes":"Launch: Boat Ramp; Ramp: Concrete; Fee: Yes; Parking: PULL_OFF; Motor: NA; ADA: No","launch_type":"Boat Ramp","land_type":"Public Access Site","dnr_accessid":382,"id":"launch-0278"}},{"type":"Feature","geometry":{"type":"Point","coordinates":[-87.038183,38.565191]},"properties":{"name":"Wren Pond","access":"public","lake":"Wren Pond","county":"Daviess","lat":38.565191,"lng":-87.038183,"source":"Indiana DNR Fish & Wildlife \u2014 Fishing Access Sites","source_url":"https://gisdata.in.gov/server/rest/services/Hosted/Fish_Access_RO/FeatureServer/0","notes":"Launch: Boat Ramp; Ramp: Concrete; Fee: No; Parking: PULL_OFF; Motor: Electric only; ADA: No","launch_type":"Boat Ramp","land_type":"Public Access Site","dnr_accessid":908,"id":"launch-0279"}},{"type":"Feature","geometry":{"type":"Point","coordinates":[-85.889171,40.138265]},"properties":{"name":"Strawtown","access":"public","lake":"White River","county":"Hamilton","lat":40.138265,"lng":-85.889171,"source":"Indiana DNR Fish & Wildlife \u2014 Fishing Access Sites","source_url":"https://gisdata.in.gov/server/rest/services/Hosted/Fish_Access_RO/FeatureServer/0","notes":"Launch: Boat Ramp; Ramp: Concrete; Fee: No; Parking: PARKING_LOT; Motor: None; ADA: Yes","launch_type":"Boat Ramp","land_type":"Public Access Site","dnr_accessid":461,"id":"launch-0280"}},{"type":"Feature","geometry":{"type":"Point","coordinates":[-87.25199,39.035226]},"properties":{"name":"Catfish Pit","access":"public","lake":"Catfish Pit","county":"Sullivan","lat":39.035226,"lng":-87.25199,"source":"Indiana DNR Fish & Wildlife \u2014 Fishing Access Sites","source_url":"https://gisdata.in.gov/server/rest/services/Hosted/Fish_Access_RO/FeatureServer/0","notes":"Launch: Boat Ramp; Ramp:  ; Fee: Yes; Motor: Electric only; ADA: No","launch_type":"Boat Ramp","land_type":"Public Fishing Area","dnr_accessid":620,"id":"launch-0281"}},{"type":"Feature","geometry":{"type":"Point","coordinates":[-85.623351,40.105914]},"properties":{"name":"Mounds State Park","access":"public","lake":"White River","county":"Madison","lat":40.105914,"lng":-85.623351,"source":"Indiana DNR Fish & Wildlife \u2014 Fishing Access Sites","source_url":"https://gisdata.in.gov/server/rest/services/Hosted/Fish_Access_RO/FeatureServer/0","notes":"Launch: Carry Down; Ramp: Concrete; Fee: Yes; Parking: PARKING_LOT; Motor: NA; ADA: No","launch_type":"Carry Down","land_type":"Public Access Site","dnr_accessid":426,"id":"launch-0282"}},{"type":"Feature","geometry":{"type":"Point","coordinates":[-86.905693,41.727446]},"properties":{"name":"Washington Park","access":"public","lake":"Lake Michigan","county":"LaPorte","lat":41.727446,"lng":-86.905693,"source":"Indiana DNR Fish & Wildlife \u2014 Fishing Access Sites","source_url":"https://gisdata.in.gov/server/rest/services/Hosted/Fish_Access_RO/FeatureServer/0","notes":"Launch: Boat Ramp; Ramp: Concrete; Fee: Yes; Parking: PARKING_LOT; Motor: None; ADA: No","launch_type":"Boat Ramp","land_type":"Public Access Site","dnr_accessid":421,"id":"launch-0283"}},{"type":"Feature","geometry":{"type":"Point","coordinates":[-84.984389,39.601139]},"properties":{"name":"Silver Creek Ramp","access":"public","lake":"Brookville Lake","county":"Union","lat":39.601139,"lng":-84.984389,"source":"Indiana DNR Fish & Wildlife \u2014 Fishing Access Sites","source_url":"https://gisdata.in.gov/server/rest/services/Hosted/Fish_Access_RO/FeatureServer/0","notes":"Launch: Boat Ramp; Ramp: Concrete; Fee: Yes; Parking: PARKING_LOT; Motor: None; ADA: No","launch_type":"Boat Ramp","land_type":"Public Access Site","dnr_accessid":462,"id":"launch-0284"}},{"type":"Feature","geometry":{"type":"Point","coordinates":[-87.529794,39.045577]},"properties":{"name":"Turtle Creek Reservoir","access":"public","lake":"Turtle Creek Reservoir","county":"Sullivan","lat":39.045577,"lng":-87.529794,"source":"Indiana DNR Fish & Wildlife \u2014 Fishing Access Sites","source_url":"https://gisdata.in.gov/server/rest/services/Hosted/Fish_Access_RO/FeatureServer/0","notes":"Launch: Boat Ramp; Ramp: Concrete; Fee: No; Parking: PARKING_LOT; Motor: <10hp; ADA: No","launch_type":"Boat Ramp","land_type":"Public Access Site","dnr_accessid":356,"id":"launch-0285"}},{"type":"Feature","geometry":{"type":"Point","coordinates":[-86.588204,41.131916]},"properties":{"name":"Tippecanoe River State Park","access":"public","lake":"Tippecanoe River","county":"Pulaski","lat":41.131916,"lng":-86.588204,"source":"Indiana DNR Fish & Wildlife \u2014 Fishing Access Sites","source_url":"https://gisdata.in.gov/server/rest/services/Hosted/Fish_Access_RO/FeatureServer/0","notes":"Launch: Boat Ramp; Ramp:  ; Fee: Yes; Parking: PARKING_LOT; Motor: None; ADA: No","launch_type":"Boat Ramp","land_type":"Public Access Site","dnr_accessid":905,"id":"launch-0286"}},{"type":"Feature","geometry":{"type":"Point","coordinates":[-87.258724,39.018765]},"properties":{"name":"Lonnie Pit (Greene-Sullivan)","access":"public","lake":"Lonnie Pit","county":"Sullivan","lat":39.018765,"lng":-87.258724,"source":"Indiana DNR Fish & Wildlife \u2014 Fishing Access Sites","source_url":"https://gisdata.in.gov/server/rest/services/Hosted/Fish_Access_RO/FeatureServer/0","notes":"Launch: Boat Ramp; Ramp:  ; Fee: Yes; Parking: PARKING_LOT; Motor: Electric only; ADA: No","launch_type":"Boat Ramp","land_type":"Public Access Site","dnr_accessid":626,"id":"launch-0287"}},{"type":"Feature","geometry":{"type":"Point","coordinates":[-86.663325,40.458132]},"properties":{"name":"Knop Lake","access":"public","lake":"Knop Lake","county":"Carroll","lat":40.458132,"lng":-86.663325,"source":"Indiana DNR Fish & Wildlife \u2014 Fishing Access Sites","source_url":"https://gisdata.in.gov/server/rest/services/Hosted/Fish_Access_RO/FeatureServer/0","notes":"Launch: Boat Ramp; Ramp: Concrete; Fee: No; Parking: PULL_OFF; Motor: Electric only; ADA: No","launch_type":"Boat Ramp","land_type":"Public Fishing Area","dnr_accessid":21,"id":"launch-0288"}},{"type":"Feature","geometry":{"type":"Point","coordinates":[-85.614892,38.935291]},"properties":{"name":"Teal Pond","access":"public","lake":"Teal Pond","county":"Jennings","lat":38.935291,"lng":-85.614892,"source":"Indiana DNR Fish & Wildlife \u2014 Fishing Access Sites","source_url":"https://gisdata.in.gov/server/rest/services/Hosted/Fish_Access_RO/FeatureServer/0","notes":"Launch: Boat Ramp; Ramp: Gravel; Fee: No; Parking: PARKING_LOT; Motor: Electric only; ADA: No","launch_type":"Boat Ramp","land_type":"Public Access Site","dnr_accessid":104,"id":"launch-0289"}},{"type":"Feature","geometry":{"type":"Point","coordinates":[-85.604888,40.772354]},"properties":{"name":"Lost Bridge East","access":"public","lake":"Salamonie Lake","county":"Huntington","lat":40.772354,"lng":-85.604888,"source":"Indiana DNR Fish & Wildlife \u2014 Fishing Access Sites","source_url":"https://gisdata.in.gov/server/rest/services/Hosted/Fish_Access_RO/FeatureServer/0","notes":"Launch: Boat Ramp; Ramp: Concrete; Fee: Yes; Motor: None; ADA: No","launch_type":"Boat Ramp","land_type":"Public Access Site","dnr_accessid":89,"id":"launch-0290"}},{"type":"Feature","geometry":{"type":"Point","coordinates":[-87.578066,38.003498]},"properties":{"name":"Diamond Valley Lake","access":"public","lake":"Diamond Valley Lake","county":"Vanderburg","lat":38.003498,"lng":-87.578066,"source":"Indiana DNR Fish & Wildlife \u2014 Fishing Access Sites","source_url":"https://gisdata.in.gov/server/rest/services/Hosted/Fish_Access_RO/FeatureServer/0","notes":"Launch: Carry Down; Ramp: None; Fee: No; Parking: PARKING_LOT; Motor: NA; ADA: No","launch_type":"Carry Down","land_type":"Public Access Site","dnr_accessid":371,"id":"launch-0291"}},{"type":"Feature","geometry":{"type":"Point","coordinates":[-86.480294,41.159585]},"properties":{"name":"Monterey Town Park","access":"public","lake":"Tippecanoe River","county":"Pulaski","lat":41.159585,"lng":-86.480294,"source":"Indiana DNR Fish & Wildlife \u2014 Fishing Access Sites","source_url":"https://gisdata.in.gov/server/rest/services/Hosted/Fish_Access_RO/FeatureServer/0","notes":"Launch: Boat Ramp; Ramp:  ; Fee: No; Parking: PARKING_LOT; Motor: None; ADA: No","launch_type":"Boat Ramp","land_type":"Public Access Site","dnr_accessid":1083,"id":"launch-0292"}},{"type":"Feature","geometry":{"type":"Point","coordinates":[-86.657138,40.649211]},"properties":{"name":"Grantham's Landing","access":"public","lake":"Wabash River","county":"Carroll","lat":40.649211,"lng":-86.657138,"source":"Indiana DNR Fish & Wildlife \u2014 Fishing Access Sites","source_url":"https://gisdata.in.gov/server/rest/services/Hosted/Fish_Access_RO/FeatureServer/0","notes":"Launch: Carry Down; Ramp:  ; Fee: No; Parking: PARKING_LOT; Motor: None; ADA: No","launch_type":"Carry Down","land_type":"Public Access Site","dnr_accessid":967,"id":"launch-0293"}},{"type":"Feature","geometry":{"type":"Point","coordinates":[-87.77018,38.378161]},"properties":{"name":"Patoka Island","access":"public","lake":"Wabash River","county":"Gibson","lat":38.378161,"lng":-87.77018,"source":"Indiana DNR Fish & Wildlife \u2014 Fishing Access Sites","source_url":"https://gisdata.in.gov/server/rest/services/Hosted/Fish_Access_RO/FeatureServer/0","notes":"Launch: Boat Ramp; Ramp: Concrete; Fee: No; Parking: PULL_OFF; Motor: None; ADA: No","launch_type":"Boat Ramp","land_type":"Public Access Site","dnr_accessid":72,"id":"launch-0294"}},{"type":"Feature","geometry":{"type":"Point","coordinates":[-87.245612,39.045278]},"properties":{"name":"Trout Pit (Greene-Sullivan)","access":"public","lake":"Trout Pit","county":"Sullivan","lat":39.045278,"lng":-87.245612,"source":"Indiana DNR Fish & Wildlife \u2014 Fishing Access Sites","source_url":"https://gisdata.in.gov/server/rest/services/Hosted/Fish_Access_RO/FeatureServer/0","notes":"Launch: Boat Ramp; Ramp:  ; Fee: Yes; Parking: PARKING_LOT; Motor: Electric only; ADA: No","launch_type":"Boat Ramp","land_type":"Public Access Site","dnr_accessid":618,"id":"launch-0295"}},{"type":"Feature","geometry":{"type":"Point","coordinates":[-87.320871,38.351998]},"properties":{"name":"Snakey Point Marsh","access":"public","lake":"Snakey Point Marsh","county":"Gibson","lat":38.351998,"lng":-87.320871,"source":"Indiana DNR Fish & Wildlife \u2014 Fishing Access Sites","source_url":"https://gisdata.in.gov/server/rest/services/Hosted/Fish_Access_RO/FeatureServer/0","notes":"Launch: Boat Ramp; Ramp: Gravel; Fee: No; Parking: PULL_OFF; Motor: None; ADA: No","launch_type":"Boat Ramp","land_type":"Public Access Site","dnr_accessid":511,"id":"launch-0296"}},{"type":"Feature","geometry":{"type":"Point","coordinates":[-87.245235,39.016262]},"properties":{"name":"Lynn Pit (Greene-Sullivan)","access":"public","lake":"Lynn Pit","county":"Sullivan","lat":39.016262,"lng":-87.245235,"source":"Indiana DNR Fish & Wildlife \u2014 Fishing Access Sites","source_url":"https://gisdata.in.gov/server/rest/services/Hosted/Fish_Access_RO/FeatureServer/0","notes":"Launch: Boat Ramp; Ramp:  ; Fee: Yes; Parking: PARKING_LOT; Motor: Electric only; ADA: No","launch_type":"Boat Ramp","land_type":"Public Access Site","dnr_accessid":625,"id":"launch-0297"}},{"type":"Feature","geometry":{"type":"Point","coordinates":[-86.880097,41.719613]},"properties":{"name":"Winding Creek Cove","access":"public","lake":"Trail Creek","county":"LaPorte","lat":41.719613,"lng":-86.880097,"source":"Indiana DNR Fish & Wildlife \u2014 Fishing Access Sites","source_url":"https://gisdata.in.gov/server/rest/services/Hosted/Fish_Access_RO/FeatureServer/0","notes":"Launch: Carry Down; Ramp:  ; Fee: No; Parking: PARKING_LOT; Motor: NA; ADA: Yes","launch_type":"Carry Down","land_type":"Public Fishing Area","dnr_accessid":492,"id":"launch-0298"}},{"type":"Feature","geometry":{"type":"Point","coordinates":[-87.154909,38.372621]},"properties":{"name":"Survant","access":"public","lake":"Patoka River","county":"Pike","lat":38.372621,"lng":-87.154909,"source":"Indiana DNR Fish & Wildlife \u2014 Fishing Access Sites","source_url":"https://gisdata.in.gov/server/rest/services/Hosted/Fish_Access_RO/FeatureServer/0","notes":"Launch: Boat Ramp; Ramp: Concrete; Fee: No; Parking: PULL_OFF; Motor: None; ADA: Yes","launch_type":"Boat Ramp","land_type":"Public Access Site","dnr_accessid":276,"id":"launch-0299"}},{"type":"Feature","geometry":{"type":"Point","coordinates":[-87.223698,39.003608]},"properties":{"name":"Trimble Pit","access":"public","lake":"Trimble Pit","county":"Greene","lat":39.003608,"lng":-87.223698,"source":"Indiana DNR Fish & Wildlife \u2014 Fishing Access Sites","source_url":"https://gisdata.in.gov/server/rest/services/Hosted/Fish_Access_RO/FeatureServer/0","notes":"Launch: Boat Ramp; Ramp:  ; Fee: Yes; Parking: PARKING_LOT; Motor: Electric only; ADA: No","launch_type":"Boat Ramp","land_type":"Public Access Site","dnr_accessid":593,"id":"launch-0300"}},{"type":"Feature","geometry":{"type":"Point","coordinates":[-85.784147,38.565479]},"properties":{"name":"Schlamm Lake","access":"public","lake":"Schlamm Lake","county":"Clark","lat":38.565479,"lng":-85.784147,"source":"Indiana DNR Fish & Wildlife \u2014 Fishing Access Sites","source_url":"https://gisdata.in.gov/server/rest/services/Hosted/Fish_Access_RO/FeatureServer/0","notes":"Launch: Boat Ramp; Ramp:  ; Fee: Yes; Parking: PARKING_LOT; Motor: Electric only; ADA: No","launch_type":"Boat Ramp","land_type":"Public Access Site","dnr_accessid":545,"id":"launch-0301"}},{"type":"Feature","geometry":{"type":"Point","coordinates":[-87.044716,38.251561]},"properties":{"name":"New Holland Lake","access":"public","lake":"New Holland Lake","county":"Dubois","lat":38.251561,"lng":-87.044716,"source":"Indiana DNR Fish & Wildlife \u2014 Fishing Access Sites","source_url":"https://gisdata.in.gov/server/rest/services/Hosted/Fish_Access_RO/FeatureServer/0","notes":"Launch: Boat Ramp; Ramp: Concrete; Fee: Yes; Parking: PARKING_LOT; Motor: Electric only; ADA: No","launch_type":"Boat Ramp","land_type":"Public Access Site","dnr_accessid":507,"id":"launch-0302"}},{"type":"Feature","geometry":{"type":"Point","coordinates":[-87.219326,39.001274]},"properties":{"name":"Star Pit","access":"public","lake":"Star Pit","county":"Greene","lat":39.001274,"lng":-87.219326,"source":"Indiana DNR Fish & Wildlife \u2014 Fishing Access Sites","source_url":"https://gisdata.in.gov/server/rest/services/Hosted/Fish_Access_RO/FeatureServer/0","notes":"Launch: Boat Ramp; Ramp:  ; Fee: Yes; Parking: PARKING_LOT; Motor: Electric only; ADA: No","launch_type":"Boat Ramp","land_type":"Public Access Site","dnr_accessid":594,"id":"launch-0303"}},{"type":"Feature","geometry":{"type":"Point","coordinates":[-87.221707,39.016787]},"properties":{"name":"Wampler Pit (Greene-Sullivan)","access":"public","lake":"Wampler Pit","county":"Greene","lat":39.016787,"lng":-87.221707,"source":"Indiana DNR Fish & Wildlife \u2014 Fishing Access Sites","source_url":"https://gisdata.in.gov/server/rest/services/Hosted/Fish_Access_RO/FeatureServer/0","notes":"Launch: Boat Ramp; Ramp:  ; Fee: Yes; Parking: PULL_OFF; Motor: Electric only; ADA: No","launch_type":"Boat Ramp","land_type":"Public Fishing Area","dnr_accessid":631,"id":"launch-0304"}},{"type":"Feature","geometry":{"type":"Point","coordinates":[-86.80833,38.446828]},"properties":{"name":"Dubois","access":"public","lake":"Patoka River","county":"Dubois","lat":38.446828,"lng":-86.80833,"source":"Indiana DNR Fish & Wildlife \u2014 Fishing Access Sites","source_url":"https://gisdata.in.gov/server/rest/services/Hosted/Fish_Access_RO/FeatureServer/0","notes":"Launch: Boat Ramp; Ramp: Gravel; Fee: No; Parking: PULL_OFF; Motor: None; ADA: Yes","launch_type":"Boat Ramp","land_type":"Public Access Site","dnr_accessid":44,"id":"launch-0305"}},{"type":"Feature","geometry":{"type":"Point","coordinates":[-86.464666,41.408226]},"properties":{"name":"Koontz Lake","access":"public","lake":"Koontz Lake","county":"Marshall","lat":41.408226,"lng":-86.464666,"source":"Indiana DNR Fish & Wildlife \u2014 Fishing Access Sites","source_url":"https://gisdata.in.gov/server/rest/services/Hosted/Fish_Access_RO/FeatureServer/0","notes":"Launch: Boat Ramp; Ramp: Concrete; Fee: No; Parking: PARKING_LOT; Motor: None; ADA: Yes","launch_type":"Boat Ramp","land_type":"Public Access Site","dnr_accessid":194,"id":"launch-0306"}},{"type":"Feature","geometry":{"type":"Point","coordinates":[-86.847357,38.622486]},"properties":{"name":"Hindostan Falls PFA Ramp 2","access":"public","lake":"East Fork White River","county":"Martin","lat":38.622486,"lng":-86.847357,"source":"Indiana DNR Fish & Wildlife \u2014 Fishing Access Sites","source_url":"https://gisdata.in.gov/server/rest/services/Hosted/Fish_Access_RO/FeatureServer/0","notes":"Launch: Boat Ramp; Ramp: Concrete; Fee: No; Parking: PULL_OFF; Motor: None; ADA: No","launch_type":"Boat Ramp","land_type":"Public Fishing Area","dnr_accessid":469,"id":"launch-0307"}},{"type":"Feature","geometry":{"type":"Point","coordinates":[-85.55672,41.739622]},"properties":{"name":"Scott PFA","access":"public","lake":"Pigeon River","county":"LaGrange","lat":41.739622,"lng":-85.55672,"source":"Indiana DNR Fish & Wildlife \u2014 Fishing Access Sites","source_url":"https://gisdata.in.gov/server/rest/services/Hosted/Fish_Access_RO/FeatureServer/0","notes":"Launch: Boat Ramp; Ramp:  ; Fee: No; Parking: PARKING_LOT; Motor: None; ADA: No","launch_type":"Boat Ramp","land_type":"Public Fishing Area","dnr_accessid":157,"id":"launch-0308"}},{"type":"Feature","geometry":{"type":"Point","coordinates":[-87.253598,39.048568]},"properties":{"name":"Gambill Pit (Greene-Sullivan)","access":"public","lake":"Gambill Pit","county":"Sullivan","lat":39.048568,"lng":-87.253598,"source":"Indiana DNR Fish & Wildlife \u2014 Fishing Access Sites","source_url":"https://gisdata.in.gov/server/rest/services/Hosted/Fish_Access_RO/FeatureServer/0","notes":"Launch: Boat Ramp; Ramp:  ; Fee: Yes; Parking: PULL_OFF; Motor: Electric only; ADA: No","launch_type":"Boat Ramp","land_type":"Public Access Site","dnr_accessid":616,"id":"launch-0309"}},{"type":"Feature","geometry":{"type":"Point","coordinates":[-86.137075,41.663897]},"properties":{"name":"Frank Zappia","access":"public","lake":"St. Joseph River","county":"St. Joseph","lat":41.663897,"lng":-86.137075,"source":"Indiana DNR Fish & Wildlife \u2014 Fishing Access Sites","source_url":"https://gisdata.in.gov/server/rest/services/Hosted/Fish_Access_RO/FeatureServer/0","notes":"Launch: Carry Down; Ramp:  ; Fee: No; Parking: PARKING_LOT; Motor: None; ADA: No","launch_type":"Carry Down","land_type":"Public Fishing Area","dnr_accessid":307,"id":"launch-0310"}},{"type":"Feature","geometry":{"type":"Point","coordinates":[-87.446088,38.097634]},"properties":{"name":"Blue Grass FWA Bird Dog Pit","access":"public","lake":"Bird Dog Pit","county":"Warrick","lat":38.097634,"lng":-87.446088,"source":"Indiana DNR Fish & Wildlife \u2014 Fishing Access Sites","source_url":"https://gisdata.in.gov/server/rest/services/Hosted/Fish_Access_RO/FeatureServer/0","notes":"Launch: Boat Ramp; Ramp: Gravel; Fee: No; Parking: PULL_OFF; Motor: Electric only; ADA: No","launch_type":"Boat Ramp","land_type":"Public Access Site","dnr_accessid":396,"id":"launch-0311"}},{"type":"Feature","geometry":{"type":"Point","coordinates":[-87.254534,39.029182]},"properties":{"name":"Willow Pit","access":"public","lake":"Willow Pit","county":"Sullivan","lat":39.029182,"lng":-87.254534,"source":"Indiana DNR Fish & Wildlife \u2014 Fishing Access Sites","source_url":"https://gisdata.in.gov/server/rest/services/Hosted/Fish_Access_RO/FeatureServer/0","notes":"Launch: Boat Ramp; Ramp:  ; Fee: Yes; Parking: PULL_OFF; Motor: Electric only; ADA: No","launch_type":"Boat Ramp","land_type":"Public Access Site","dnr_accessid":604,"id":"launch-0312"}},{"type":"Feature","geometry":{"type":"Point","coordinates":[-87.485306,41.683568]},"properties":{"name":"Whiting Park","access":"public","lake":"Lake Michigan","county":"Lake","lat":41.683568,"lng":-87.485306,"source":"Indiana DNR Fish & Wildlife \u2014 Fishing Access Sites","source_url":"https://gisdata.in.gov/server/rest/services/Hosted/Fish_Access_RO/FeatureServer/0","notes":"Launch: Shoreline; Ramp: Concrete; Parking: PARKING_LOT; Motor: None","launch_type":"Shoreline","land_type":"Public Fishing Area","dnr_accessid":484,"id":"launch-0313"}},{"type":"Feature","geometry":{"type":"Point","coordinates":[-87.373236,39.786293]},"properties":{"name":"Montezuma","access":"public","lake":"Wabash River","county":"Parke","lat":39.786293,"lng":-87.373236,"source":"Indiana DNR Fish & Wildlife \u2014 Fishing Access Sites","source_url":"https://gisdata.in.gov/server/rest/services/Hosted/Fish_Access_RO/FeatureServer/0","notes":"Launch: Boat Ramp; Ramp: Concrete; Fee: No; Parking: PULL_OFF; Motor: None; ADA: No","launch_type":"Boat Ramp","land_type":"Public Access Site","dnr_accessid":252,"id":"launch-0314"}},{"type":"Feature","geometry":{"type":"Point","coordinates":[-86.337853,39.178264]},"properties":{"name":"Yellowwood Lake","access":"public","lake":"Yellowwood Lake","county":"Brown","lat":39.178264,"lng":-86.337853,"source":"Indiana DNR Fish & Wildlife \u2014 Fishing Access Sites","source_url":"https://gisdata.in.gov/server/rest/services/Hosted/Fish_Access_RO/FeatureServer/0","notes":"Launch: Boat Ramp; Ramp:  ; Fee: No; Parking: PARKING_LOT; Motor: Electric only; ADA: No","launch_type":"Boat Ramp","land_type":"Public Access Site","dnr_accessid":17,"id":"launch-0315"}},{"type":"Feature","geometry":{"type":"Point","coordinates":[-85.948861,40.126822]},"properties":{"name":"Koteewi Prairie Park","access":"public","lake":"White River","county":"Hamilton","lat":40.126822,"lng":-85.948861,"source":"Indiana DNR Fish & Wildlife \u2014 Fishing Access Sites","source_url":"https://gisdata.in.gov/server/rest/services/Hosted/Fish_Access_RO/FeatureServer/0","notes":"Launch: Carry Down; Ramp:  ; Fee: No; Parking: PARKING_LOT; Motor: NA; ADA: No","launch_type":"Carry Down","land_type":"Public Access Site","dnr_accessid":465,"id":"launch-0316"}},{"type":"Feature","geometry":{"type":"Point","coordinates":[-86.361755,40.750348]},"properties":{"name":"Logansport Canoe Launch","access":"public","lake":"Wabash River","county":"Cass","lat":40.750348,"lng":-86.361755,"source":"Indiana DNR Fish & Wildlife \u2014 Fishing Access Sites","source_url":"https://gisdata.in.gov/server/rest/services/Hosted/Fish_Access_RO/FeatureServer/0","notes":"Launch: Carry Down; Ramp:  ; Fee: No; Parking: PARKING_LOT; Motor: NA; ADA: No","launch_type":"Carry Down","land_type":"Public Access Site","dnr_accessid":972,"id":"launch-0317"}},{"type":"Feature","geometry":{"type":"Point","coordinates":[-85.583002,41.313653]},"properties":{"name":"Smalley Lake","access":"public","lake":"Smalley Lake","county":"Noble","lat":41.313653,"lng":-85.583002,"source":"Indiana DNR Fish & Wildlife \u2014 Fishing Access Sites","source_url":"https://gisdata.in.gov/server/rest/services/Hosted/Fish_Access_RO/FeatureServer/0","notes":"Launch: Boat Ramp; Ramp: Concrete; Fee: No; Parking: PARKING_LOT; Motor: None; ADA: Yes","launch_type":"Boat Ramp","land_type":"Public Access Site","dnr_accessid":239,"id":"launch-0318"}},{"type":"Feature","geometry":{"type":"Point","coordinates":[-86.413443,39.262769]},"properties":{"name":"Lake Lemon","access":"public","lake":"Lake Lemon","county":"Monroe","lat":39.262769,"lng":-86.413443,"source":"Indiana DNR Fish & Wildlife \u2014 Fishing Access Sites","source_url":"https://gisdata.in.gov/server/rest/services/Hosted/Fish_Access_RO/FeatureServer/0","notes":"Launch: Boat Ramp; Ramp: Concrete; Fee: Yes; Parking: PARKING_LOT; Motor: None","launch_type":"Boat Ramp","land_type":"Public Access Site","dnr_accessid":207,"id":"launch-0319"}},{"type":"Feature","geometry":{"type":"Point","coordinates":[-85.513573,41.323424]},"properties":{"name":"Bear Lake","access":"public","lake":"Bear Lake","county":"Noble","lat":41.323424,"lng":-85.513573,"source":"Indiana DNR Fish & Wildlife \u2014 Fishing Access Sites","source_url":"https://gisdata.in.gov/server/rest/services/Hosted/Fish_Access_RO/FeatureServer/0","notes":"Launch: Boat Ramp; Ramp: Concrete; Fee: No; Parking: PARKING_LOT; Motor: None; ADA: Yes","launch_type":"Boat Ramp","land_type":"Public Access Site","dnr_accessid":221,"id":"launch-0320"}},{"type":"Feature","geometry":{"type":"Point","coordinates":[-86.309348,38.197734]},"properties":{"name":"Old Iron Bridge","access":"public","lake":"Blue River","county":"Crawford","lat":38.197734,"lng":-86.309348,"source":"Indiana DNR Fish & Wildlife \u2014 Fishing Access Sites","source_url":"https://gisdata.in.gov/server/rest/services/Hosted/Fish_Access_RO/FeatureServer/0","notes":"Launch: Boat Ramp; Ramp:  ; Fee: No; Parking: PARKING_LOT; Motor: None; ADA: No","launch_type":"Boat Ramp","land_type":"Public Access Site","dnr_accessid":30,"id":"launch-0321"}},{"type":"Feature","geometry":{"type":"Point","coordinates":[-85.395216,41.537978]},"properties":{"name":"Westler Lake","access":"public","lake":"Westler Lake","county":"LaGrange","lat":41.537978,"lng":-85.395216,"source":"Indiana DNR Fish & Wildlife \u2014 Fishing Access Sites","source_url":"https://gisdata.in.gov/server/rest/services/Hosted/Fish_Access_RO/FeatureServer/0","notes":"Launch: Boat Ramp; Ramp: Concrete; Fee: No; Parking: PARKING_LOT; Motor: None; ADA: Yes","launch_type":"Boat Ramp","land_type":"Public Access Site","dnr_accessid":161,"id":"launch-0322"}},{"type":"Feature","geometry":{"type":"Point","coordinates":[-85.640491,40.772546]},"properties":{"name":"Lost Bridge West","access":"public","lake":"Salamonie Lake","county":"Wabash","lat":40.772546,"lng":-85.640491,"source":"Indiana DNR Fish & Wildlife \u2014 Fishing Access Sites","source_url":"https://gisdata.in.gov/server/rest/services/Hosted/Fish_Access_RO/FeatureServer/0","notes":"Launch: Boat Ramp; Ramp: Concrete; Fee: Yes; Parking: PARKING_LOT; Motor: None; ADA: No","launch_type":"Boat Ramp","land_type":"Public Access Site","dnr_accessid":387,"id":"launch-0323"}},{"type":"Feature","geometry":{"type":"Point","coordinates":[-85.46332,41.332759]},"properties":{"name":"Williams Lake Public Acces Site","access":"public","lake":"Williams Lake","county":"Noble","lat":41.332759,"lng":-85.46332,"source":"Indiana DNR Fish & Wildlife \u2014 Fishing Access Sites","source_url":"https://gisdata.in.gov/server/rest/services/Hosted/Fish_Access_RO/FeatureServer/0","notes":"Launch: Boat Ramp; Ramp: Concrete; Fee: No; Parking: PARKING_LOT; Motor: None; ADA: Yes","launch_type":"Boat Ramp","land_type":"Public Access Site","dnr_accessid":980,"id":"launch-0324"}},{"type":"Feature","geometry":{"type":"Point","coordinates":[-87.261671,38.975252]},"properties":{"name":"Deep Pit (Greene-Sullivan)","access":"public","lake":"Deep Pit","county":"Sullivan","lat":38.975252,"lng":-87.261671,"source":"Indiana DNR Fish & Wildlife \u2014 Fishing Access Sites","source_url":"https://gisdata.in.gov/server/rest/services/Hosted/Fish_Access_RO/FeatureServer/0","notes":"Launch: Boat Ramp; Ramp:  ; Fee: Yes; Parking: PULL_OFF; Motor: Electric only; ADA: No","launch_type":"Boat Ramp","land_type":"Public Fishing Area","dnr_accessid":822,"id":"launch-0325"}},{"type":"Feature","geometry":{"type":"Point","coordinates":[-84.957971,38.99524]},"properties":{"name":"Laughrey Creek","access":"public","lake":"Laughrey Creek","county":"Dearborn","lat":38.99524,"lng":-84.957971,"source":"Indiana DNR Fish & Wildlife \u2014 Fishing Access Sites","source_url":"https://gisdata.in.gov/server/rest/services/Hosted/Fish_Access_RO/FeatureServer/0","notes":"Launch: Boat Ramp; Ramp: Concrete; Fee: No; Parking: PARKING_LOT; Motor: None; ADA: No","launch_type":"Boat Ramp","land_type":"Public Access Site","dnr_accessid":40,"id":"launch-0326"}},{"type":"Feature","geometry":{"type":"Point","coordinates":[-87.016641,38.379815]},"properties":{"name":"Stewart","access":"public","lake":"Patoka River","county":"Dubois","lat":38.379815,"lng":-87.016641,"source":"Indiana DNR Fish & Wildlife \u2014 Fishing Access Sites","source_url":"https://gisdata.in.gov/server/rest/services/Hosted/Fish_Access_RO/FeatureServer/0","notes":"Launch: Boat Ramp; Ramp: Concrete; Fee: No; Parking: PULL_OFF; Motor: None; ADA: No","launch_type":"Boat Ramp","land_type":"Public Access Site","dnr_accessid":48,"id":"launch-0327"}},{"type":"Feature","geometry":{"type":"Point","coordinates":[-85.817037,41.517548]},"properties":{"name":"Baintertown Park","access":"public","lake":"Elkhart River","county":"Elkhart","lat":41.517548,"lng":-85.817037,"source":"Indiana DNR Fish & Wildlife \u2014 Fishing Access Sites","source_url":"https://gisdata.in.gov/server/rest/services/Hosted/Fish_Access_RO/FeatureServer/0","notes":"Launch: Carry Down; Ramp:  ; Fee: No; Parking: PARKING_LOT; Motor: None; ADA: No","launch_type":"Carry Down","land_type":"Public Fishing Area","dnr_accessid":535,"id":"launch-0328"}},{"type":"Feature","geometry":{"type":"Point","coordinates":[-85.788961,41.504547]},"properties":{"name":"Benton Hydro","access":"public","lake":"Elkhart River","county":"Elkhart","lat":41.504547,"lng":-85.788961,"source":"Indiana DNR Fish & Wildlife \u2014 Fishing Access Sites","source_url":"https://gisdata.in.gov/server/rest/services/Hosted/Fish_Access_RO/FeatureServer/0","notes":"Launch: Carry Down; Ramp:  ; Fee: No; Parking: PARKING_LOT; Motor: None; ADA: No","launch_type":"Carry Down","land_type":"Public Access Site","dnr_accessid":538,"id":"launch-0329"}},{"type":"Feature","geometry":{"type":"Point","coordinates":[-87.199723,39.453355]},"properties":{"name":"Stumper Jumper Pit","access":"public","lake":"Stumper Jumper Pit","county":"Clay","lat":39.453355,"lng":-87.199723,"source":"Indiana DNR Fish & Wildlife \u2014 Fishing Access Sites","source_url":"https://gisdata.in.gov/server/rest/services/Hosted/Fish_Access_RO/FeatureServer/0","notes":"Launch: Boat Ramp; Ramp: Concrete; Fee: No; Parking: PARKING_LOT; Motor: Electric only; ADA: No","launch_type":"Boat Ramp","land_type":"Public Access Site","dnr_accessid":610,"id":"launch-0330"}},{"type":"Feature","geometry":{"type":"Point","coordinates":[-86.314015,41.116908]},"properties":{"name":"Germany Bridge","access":"public","lake":"Tippecanoe River","county":"Fulton","lat":41.116908,"lng":-86.314015,"source":"Indiana DNR Fish & Wildlife \u2014 Fishing Access Sites","source_url":"https://gisdata.in.gov/server/rest/services/Hosted/Fish_Access_RO/FeatureServer/0","notes":"Launch: Boat Ramp; Ramp:  ; Fee: No; Parking: PARKING_LOT; Motor: None; ADA: Yes","launch_type":"Boat Ramp","land_type":"Public Access Site","dnr_accessid":479,"id":"launch-0331"}},{"type":"Feature","geometry":{"type":"Point","coordinates":[-86.867376,39.453]},"properties":{"name":"Cagles Mill Lake Cunot Ramp","access":"public","lake":"Cagles Mill Lake","county":"Putnam","lat":39.453,"lng":-86.867376,"source":"Indiana DNR Fish & Wildlife \u2014 Fishing Access Sites","source_url":"https://gisdata.in.gov/server/rest/services/Hosted/Fish_Access_RO/FeatureServer/0","notes":"Launch: Boat Ramp; Ramp: Concrete; Fee: Yes; Parking: PARKING_LOT; Motor: None; ADA: Yes","launch_type":"Boat Ramp","land_type":"Public Access Site","dnr_accessid":295,"id":"launch-0332"}},{"type":"Feature","geometry":{"type":"Point","coordinates":[-86.22885,41.417083]},"properties":{"name":"Lake of the Woods","access":"public","lake":"Lake of the Woods","county":"Marshall","lat":41.417083,"lng":-86.22885,"source":"Indiana DNR Fish & Wildlife \u2014 Fishing Access Sites","source_url":"https://gisdata.in.gov/server/rest/services/Hosted/Fish_Access_RO/FeatureServer/0","notes":"Launch: Boat Ramp; Ramp: Concrete; Fee: No; Parking: PARKING_LOT; Motor: None; ADA: Yes","launch_type":"Boat Ramp","land_type":"Public Access Site","dnr_accessid":195,"id":"launch-0333"}},{"type":"Feature","geometry":{"type":"Point","coordinates":[-87.46987,39.282797]},"properties":{"name":"Prairie Creek Lake & Ponds","access":"public","lake":"Prairie Creek Lake","county":"Vigo","lat":39.282797,"lng":-87.46987,"source":"Indiana DNR Fish & Wildlife \u2014 Fishing Access Sites","source_url":"https://gisdata.in.gov/server/rest/services/Hosted/Fish_Access_RO/FeatureServer/0","notes":"Launch: Boat Ramp; Ramp:  ; Fee: No; Motor: Electric only; ADA: No","launch_type":"Boat Ramp","land_type":"Public Access Site","dnr_accessid":442,"id":"launch-0334"}},{"type":"Feature","geometry":{"type":"Point","coordinates":[-87.221687,39.124913]},"properties":{"name":"Shovel Lake East","access":"public","lake":"Shovel Lake East","county":"Greene","lat":39.124913,"lng":-87.221687,"source":"Indiana DNR Fish & Wildlife \u2014 Fishing Access Sites","source_url":"https://gisdata.in.gov/server/rest/services/Hosted/Fish_Access_RO/FeatureServer/0","notes":"Launch: Shoreline; Ramp:  ; Fee: No; Parking: PARKING_LOT; Motor: Electric only; ADA: No","launch_type":"Shoreline","land_type":"Public Fishing Area","dnr_accessid":919,"id":"launch-0335"}},{"type":"Feature","geometry":{"type":"Point","coordinates":[-86.423345,39.32355]},"properties":{"name":"Cherry Lake","access":"public","lake":"Cherry Lake","county":"Monroe","lat":39.32355,"lng":-86.423345,"source":"Indiana DNR Fish & Wildlife \u2014 Fishing Access Sites","source_url":"https://gisdata.in.gov/server/rest/services/Hosted/Fish_Access_RO/FeatureServer/0","notes":"Launch: Boat Ramp; Fee: No; Parking: PARKING_LOT; Motor: Electric only; ADA: No","launch_type":"Boat Ramp","land_type":"Public Access Site","dnr_accessid":879,"id":"launch-0336"}},{"type":"Feature","geometry":{"type":"Point","coordinates":[-87.235402,38.990988]},"properties":{"name":"Cottonwood Pit (Greene-Sullivan)","access":"public","lake":"Cottonwood Pit","county":"Greene","lat":38.990988,"lng":-87.235402,"source":"Indiana DNR Fish & Wildlife \u2014 Fishing Access Sites","source_url":"https://gisdata.in.gov/server/rest/services/Hosted/Fish_Access_RO/FeatureServer/0","notes":"Launch: Boat Ramp; Ramp:  ; Fee: Yes; Parking: PARKING_LOT; Motor: Electric only; ADA: No","launch_type":"Boat Ramp","land_type":"Public Access Site","dnr_accessid":819,"id":"launch-0337"}},{"type":"Feature","geometry":{"type":"Point","coordinates":[-85.673683,41.352844]},"properties":{"name":"Barrel-and-a-Half Lake","access":"public","lake":"Barrel-and-a-Half-Lake","county":"Kosciusko","lat":41.352844,"lng":-85.673683,"source":"Indiana DNR Fish & Wildlife \u2014 Fishing Access Sites","source_url":"https://gisdata.in.gov/server/rest/services/Hosted/Fish_Access_RO/FeatureServer/0","notes":"Launch: Boat Ramp; Ramp: Concrete; Fee: No; Parking: PARKING_LOT; Motor: Electric only; ADA: No","launch_type":"Boat Ramp","land_type":"Public Access Site","dnr_accessid":118,"id":"launch-0338"}},{"type":"Feature","geometry":{"type":"Point","coordinates":[-86.222553,41.658563]},"properties":{"name":"Veteran's Memorial Park","access":"public","lake":"St. Joseph River","county":"St. Joseph","lat":41.658563,"lng":-86.222553,"source":"Indiana DNR Fish & Wildlife \u2014 Fishing Access Sites","source_url":"https://gisdata.in.gov/server/rest/services/Hosted/Fish_Access_RO/FeatureServer/0","notes":"Launch: Boat Ramp; Ramp: Concrete; Fee: No; Parking: PARKING_LOT; Motor: None; ADA: No","launch_type":"Boat Ramp","land_type":"Public Access Site","dnr_accessid":318,"id":"launch-0339"}},{"type":"Feature","geometry":{"type":"Point","coordinates":[-86.37862,38.755219]},"properties":{"name":"Lawrenceport","access":"public","lake":"East Fork White River","county":"Lawrence","lat":38.755219,"lng":-86.37862,"source":"Indiana DNR Fish & Wildlife \u2014 Fishing Access Sites","source_url":"https://gisdata.in.gov/server/rest/services/Hosted/Fish_Access_RO/FeatureServer/0","notes":"Launch: Boat Ramp; Ramp: Concrete; Fee: No; Parking: PULL_OFF; Motor: None; ADA: No","launch_type":"Boat Ramp","land_type":"Public Access Site","dnr_accessid":185,"id":"launch-0340"}},{"type":"Feature","geometry":{"type":"Point","coordinates":[-86.80397,37.993228]},"properties":{"name":"Troy","access":"public","lake":"Ohio River","county":"Perry","lat":37.993228,"lng":-86.80397,"source":"Indiana DNR Fish & Wildlife \u2014 Fishing Access Sites","source_url":"https://gisdata.in.gov/server/rest/services/Hosted/Fish_Access_RO/FeatureServer/0","notes":"Launch: Boat Ramp; Ramp: Concrete; Fee: No; Parking: PARKING_LOT; Motor: None; ADA: No","launch_type":"Boat Ramp","land_type":"Public Access Site","dnr_accessid":263,"id":"launch-0341"}},{"type":"Feature","geometry":{"type":"Point","coordinates":[-87.174076,41.61815]},"properties":{"name":"Portage Marina (Burns Waterway)","access":"public","lake":"Lake Michigan","county":"Porter","lat":41.61815,"lng":-87.174076,"source":"Indiana DNR Fish & Wildlife \u2014 Fishing Access Sites","source_url":"https://gisdata.in.gov/server/rest/services/Hosted/Fish_Access_RO/FeatureServer/0","notes":"Launch: Boat Ramp; Ramp: Concrete; Fee: No; Parking: PARKING_LOT; Motor: None; ADA: No","launch_type":"Boat Ramp","land_type":"Public Access Site","dnr_accessid":285,"id":"launch-0342"}},{"type":"Feature","geometry":{"type":"Point","coordinates":[-87.235466,41.490766]},"properties":{"name":"Deep River County Park","access":"public","lake":"Deep River","county":"Lake","lat":41.490766,"lng":-87.235466,"source":"Indiana DNR Fish & Wildlife \u2014 Fishing Access Sites","source_url":"https://gisdata.in.gov/server/rest/services/Hosted/Fish_Access_RO/FeatureServer/0","notes":"Launch: Carry Down; Ramp: N/A; Fee: No; Parking: PARKING_LOT; Motor: NA; ADA: No","launch_type":"Carry Down","land_type":"Public Access Site","dnr_accessid":927,"id":"launch-0343"}},{"type":"Feature","geometry":{"type":"Point","coordinates":[-87.020651,38.549442]},"properties":{"name":"Big Piney Pond","access":"public","lake":"Big Piney Pond","county":"Daviess","lat":38.549442,"lng":-87.020651,"source":"Indiana DNR Fish & Wildlife \u2014 Fishing Access Sites","source_url":"https://gisdata.in.gov/server/rest/services/Hosted/Fish_Access_RO/FeatureServer/0","notes":"Launch: Boat Ramp; Ramp: Concrete; Fee: No; Parking: PARKING_LOT; Motor: Electric only; ADA: No","launch_type":"Boat Ramp","land_type":"Public Access Site","dnr_accessid":907,"id":"launch-0344"}},{"type":"Feature","geometry":{"type":"Point","coordinates":[-85.470396,40.891213]},"properties":{"name":"Clare Lake","access":"public","lake":"Clare Lake","county":"Huntington","lat":40.891213,"lng":-85.470396,"source":"Indiana DNR Fish & Wildlife \u2014 Fishing Access Sites","source_url":"https://gisdata.in.gov/server/rest/services/Hosted/Fish_Access_RO/FeatureServer/0","notes":"Launch: Boat Ramp; Ramp: Concrete; Fee: No; Parking: PARKING_LOT; Motor: Electric only; ADA: Yes","launch_type":"Boat Ramp","land_type":"Public Access Site","dnr_accessid":85,"id":"launch-0345"}},{"type":"Feature","geometry":{"type":"Point","coordinates":[-85.120932,41.110317]},"properties":{"name":"Johnny Appleseed","access":"public","lake":"St. Joseph River","county":"Allen","lat":41.110317,"lng":-85.120932,"source":"Indiana DNR Fish & Wildlife \u2014 Fishing Access Sites","source_url":"https://gisdata.in.gov/server/rest/services/Hosted/Fish_Access_RO/FeatureServer/0","notes":"Launch: Boat Ramp; Fee: No; Parking: PULL_OFF; Motor: None; ADA: No","launch_type":"Boat Ramp","land_type":"Public Access Site","dnr_accessid":447,"id":"launch-0346"}},{"type":"Feature","geometry":{"type":"Point","coordinates":[-87.419455,39.557896]},"properties":{"name":"Robert Hunter Kearns","access":"public","lake":"Wabash River","county":"Vigo","lat":39.557896,"lng":-87.419455,"source":"Indiana DNR Fish & Wildlife \u2014 Fishing Access Sites","source_url":"https://gisdata.in.gov/server/rest/services/Hosted/Fish_Access_RO/FeatureServer/0","notes":"Launch: Boat Ramp; Ramp: Concrete; Fee: No; Parking: PARKING_LOT; Motor: None; ADA: No","launch_type":"Boat Ramp","land_type":"Public Access Site","dnr_accessid":380,"id":"launch-0347"}},{"type":"Feature","geometry":{"type":"Point","coordinates":[-84.991461,39.536132]},"properties":{"name":"Fairfield Ramp","access":"public","lake":"Brookville Lake","county":"Union","lat":39.536132,"lng":-84.991461,"source":"Indiana DNR Fish & Wildlife \u2014 Fishing Access Sites","source_url":"https://gisdata.in.gov/server/rest/services/Hosted/Fish_Access_RO/FeatureServer/0","notes":"Launch: Boat Ramp; Ramp: Concrete; Fee: Yes; Parking: PARKING_LOT; Motor: None; ADA: No","launch_type":"Boat Ramp","land_type":"Public Access Site","dnr_accessid":366,"id":"launch-0348"}},{"type":"Feature","geometry":{"type":"Point","coordinates":[-85.114527,41.082667]},"properties":{"name":"Maumee Dam Public Access Site","access":"public","lake":"Maumee River","county":"Allen","lat":41.082667,"lng":-85.114527,"source":"Indiana DNR Fish & Wildlife \u2014 Fishing Access Sites","source_url":"https://gisdata.in.gov/server/rest/services/Hosted/Fish_Access_RO/FeatureServer/0","notes":"Launch: Carry Down; Fee: No; Motor: NA; ADA: No","launch_type":"Carry Down","land_type":"Public Access Site","dnr_accessid":1003,"id":"launch-0349"}},{"type":"Feature","geometry":{"type":"Point","coordinates":[-87.340372,41.18308]},"properties":{"name":"Shelby","access":"public","lake":"Kankakee River","county":"Lake","lat":41.18308,"lng":-87.340372,"source":"Indiana DNR Fish & Wildlife \u2014 Fishing Access Sites","source_url":"https://gisdata.in.gov/server/rest/services/Hosted/Fish_Access_RO/FeatureServer/0","notes":"Launch: Boat Ramp; Ramp: Concrete; Fee: No; Parking: PARKING_LOT; Motor: None; ADA: No","launch_type":"Boat Ramp","land_type":"Public Access Site","dnr_accessid":169,"id":"launch-0350"}},{"type":"Feature","geometry":{"type":"Point","coordinates":[-87.243543,38.360151]},"properties":{"name":"Whitney","access":"public","lake":"Whitney Pit","county":"Pike","lat":38.360151,"lng":-87.243543,"source":"Indiana DNR Fish & Wildlife \u2014 Fishing Access Sites","source_url":"https://gisdata.in.gov/server/rest/services/Hosted/Fish_Access_RO/FeatureServer/0","notes":"Launch: Boat Ramp; Ramp: Concrete; Fee: No; Parking: PARKING_LOT; Motor: Electric only; ADA: No","launch_type":"Boat Ramp","land_type":"Public Access Site","dnr_accessid":278,"id":"launch-0351"}},{"type":"Feature","geometry":{"type":"Point","coordinates":[-85.895674,40.68041]},"properties":{"name":"Red Bridge","access":"public","lake":"Mississinewa Lake","county":"Wabash","lat":40.68041,"lng":-85.895674,"source":"Indiana DNR Fish & Wildlife \u2014 Fishing Access Sites","source_url":"https://gisdata.in.gov/server/rest/services/Hosted/Fish_Access_RO/FeatureServer/0","notes":"Launch: Boat Ramp; Ramp: Concrete; Fee: Yes; Parking: PARKING_LOT; Motor: None; ADA: No","launch_type":"Boat Ramp","land_type":"Public Access Site","dnr_accessid":392,"id":"launch-0352"}},{"type":"Feature","geometry":{"type":"Point","coordinates":[-85.670071,41.378185]},"properties":{"name":"Lake Wawasee","access":"public","lake":"Lake Wawasee","county":"Kosciusko","lat":41.378185,"lng":-85.670071,"source":"Indiana DNR Fish & Wildlife \u2014 Fishing Access Sites","source_url":"https://gisdata.in.gov/server/rest/services/Hosted/Fish_Access_RO/FeatureServer/0","notes":"Launch: Boat Ramp; Ramp: Concrete; Fee: No; Parking: PULL_OFF; Motor: None; ADA: Yes","launch_type":"Boat Ramp","land_type":"Public Fishing Area","dnr_accessid":134,"id":"launch-0353"}},{"type":"Feature","geometry":{"type":"Point","coordinates":[-85.200141,41.725609]},"properties":{"name":"Wall Lake","access":"public","lake":"Wall Lake","county":"LaGrange","lat":41.725609,"lng":-85.200141,"source":"Indiana DNR Fish & Wildlife \u2014 Fishing Access Sites","source_url":"https://gisdata.in.gov/server/rest/services/Hosted/Fish_Access_RO/FeatureServer/0","notes":"Launch: Boat Ramp; Ramp: Concrete; Fee: No; Parking: PARKING_LOT; Motor: None; ADA: Yes","launch_type":"Boat Ramp","land_type":"Public Access Site","dnr_accessid":160,"id":"launch-0354"}},{"type":"Feature","geometry":{"type":"Point","coordinates":[-85.798222,41.501329]},"properties":{"name":"DeFries Gardens","access":"public","lake":"Elkhart River","county":"Elkhart","lat":41.501329,"lng":-85.798222,"source":"Indiana DNR Fish & Wildlife \u2014 Fishing Access Sites","source_url":"https://gisdata.in.gov/server/rest/services/Hosted/Fish_Access_RO/FeatureServer/0","notes":"Launch: Carry Down; Ramp:  ; Fee: No; Parking: PARKING_LOT; Motor: None; ADA: No","launch_type":"Carry Down","land_type":"Public Access Site","dnr_accessid":537,"id":"launch-0355"}},{"type":"Feature","geometry":{"type":"Point","coordinates":[-85.94151,40.772672]},"properties":{"name":"Omar Cole (Peru)","access":"public","lake":"Wabash River","county":"Miami","lat":40.772672,"lng":-85.94151,"source":"Indiana DNR Fish & Wildlife \u2014 Fishing Access Sites","source_url":"https://gisdata.in.gov/server/rest/services/Hosted/Fish_Access_RO/FeatureServer/0","notes":"Launch: Boat Ramp; Ramp: Concrete; Fee: No; Motor: None; ADA: No","launch_type":"Boat Ramp","land_type":"Public Access Site","dnr_accessid":202,"id":"launch-0356"}},{"type":"Feature","geometry":{"type":"Point","coordinates":[-86.585142,41.024006]},"properties":{"name":"Winamac - South","access":"public","lake":"Tippecanoe River","county":"Pulaski","lat":41.024006,"lng":-86.585142,"source":"Indiana DNR Fish & Wildlife \u2014 Fishing Access Sites","source_url":"https://gisdata.in.gov/server/rest/services/Hosted/Fish_Access_RO/FeatureServer/0","notes":"Launch: Boat Ramp; Ramp: Concrete; Fee: No; Parking: PARKING_LOT; Motor: None; ADA: No","launch_type":"Boat Ramp","land_type":"Public Access Site","dnr_accessid":292,"id":"launch-0357"}},{"type":"Feature","geometry":{"type":"Point","coordinates":[-87.243059,38.981285]},"properties":{"name":"Walnut Pit","access":"public","lake":"Walnut Pit","county":"Sullivan","lat":38.981285,"lng":-87.243059,"source":"Indiana DNR Fish & Wildlife \u2014 Fishing Access Sites","source_url":"https://gisdata.in.gov/server/rest/services/Hosted/Fish_Access_RO/FeatureServer/0","notes":"Launch: Boat Ramp; Ramp: Gravel; Fee: Yes; Parking: PARKING_LOT; Motor: Electric only; ADA: No","launch_type":"Boat Ramp","land_type":"Public Access Site","dnr_accessid":1087,"id":"launch-0358"}},{"type":"Feature","geometry":{"type":"Point","coordinates":[-87.153721,39.109361]},"properties":{"name":"Horseshoe Lake South Ramp","access":"public","lake":"Horseshoe Lake","county":"Greene","lat":39.109361,"lng":-87.153721,"source":"Indiana DNR Fish & Wildlife \u2014 Fishing Access Sites","source_url":"https://gisdata.in.gov/server/rest/services/Hosted/Fish_Access_RO/FeatureServer/0","notes":"Launch: Boat Ramp; Ramp: Gravel; Fee: No; Parking: PARKING_LOT; Motor: Electric only; ADA: No","launch_type":"Boat Ramp","land_type":"Public Access Site","dnr_accessid":562,"id":"launch-0359"}},{"type":"Feature","geometry":{"type":"Point","coordinates":[-84.886516,41.312039]},"properties":{"name":"St. Joseph River","access":"public","lake":"St. Joseph River","county":"DeKalb","lat":41.312039,"lng":-84.886516,"source":"Indiana DNR Fish & Wildlife \u2014 Fishing Access Sites","source_url":"https://gisdata.in.gov/server/rest/services/Hosted/Fish_Access_RO/FeatureServer/0","notes":"Launch: Boat Ramp; Ramp: Concrete; Fee: No; Parking: PARKING_LOT; Motor: None; ADA: Yes","launch_type":"Boat Ramp","land_type":"Public Access Site","dnr_accessid":42,"id":"launch-0360"}},{"type":"Feature","geometry":{"type":"Point","coordinates":[-87.254794,38.392544]},"properties":{"name":"West Twin","access":"public","lake":"West Twin Pit","county":"Pike","lat":38.392544,"lng":-87.254794,"source":"Indiana DNR Fish & Wildlife \u2014 Fishing Access Sites","source_url":"https://gisdata.in.gov/server/rest/services/Hosted/Fish_Access_RO/FeatureServer/0","notes":"Launch: Boat Ramp; Ramp: Concrete; Fee: No; Parking: PARKING_LOT; Motor: Electric only; ADA: Yes","launch_type":"Boat Ramp","land_type":"Public Access Site","dnr_accessid":277,"id":"launch-0361"}},{"type":"Feature","geometry":{"type":"Point","coordinates":[-86.353034,40.760634]},"properties":{"name":"Riverside Park Public Access Site","access":"public","lake":"Eel River","county":"Cass","lat":40.760634,"lng":-86.353034,"source":"Indiana DNR Fish & Wildlife \u2014 Fishing Access Sites","source_url":"https://gisdata.in.gov/server/rest/services/Hosted/Fish_Access_RO/FeatureServer/0","notes":"Launch: Canoe Ramp; Ramp:  ; Fee: no; Parking: PARKING_LOT; Motor: NA; ADA: Yes","launch_type":"Canoe Ramp","land_type":"Public Access Site","dnr_accessid":1004,"id":"launch-0362"}},{"type":"Feature","geometry":{"type":"Point","coordinates":[-86.516006,40.49706]},"properties":{"name":"Eller Pond Wetland Conservation Area","access":"public","lake":"Eller Pond","county":"Carroll","lat":40.49706,"lng":-86.516006,"source":"Indiana DNR Fish & Wildlife \u2014 Fishing Access Sites","source_url":"https://gisdata.in.gov/server/rest/services/Hosted/Fish_Access_RO/FeatureServer/0","notes":"Launch: Carry Down; Ramp: Gravel; Fee: No; Parking: PARKING_LOT; Motor: Electric only; ADA: No","launch_type":"Carry Down","land_type":"Wetland Conservation","dnr_accessid":450,"id":"launch-0363"}},{"type":"Feature","geometry":{"type":"Point","coordinates":[-86.802624,40.439084]},"properties":{"name":"Tippecanoe County Park","access":"public","lake":"Wildcat Creek","county":"Tippecanoe","lat":40.439084,"lng":-86.802624,"source":"Indiana DNR Fish & Wildlife \u2014 Fishing Access Sites","source_url":"https://gisdata.in.gov/server/rest/services/Hosted/Fish_Access_RO/FeatureServer/0","notes":"Launch: Carry Down; Ramp:  ; Fee: No; Parking: PARKING_LOT; Motor: None; ADA: No","launch_type":"Carry Down","land_type":"Public Access Site","dnr_accessid":363,"id":"launch-0364"}},{"type":"Feature","geometry":{"type":"Point","coordinates":[-85.840717,41.587405]},"properties":{"name":"Rogers Park","access":"public","lake":"Elkhart River","county":"Elkhart","lat":41.587405,"lng":-85.840717,"source":"Indiana DNR Fish & Wildlife \u2014 Fishing Access Sites","source_url":"https://gisdata.in.gov/server/rest/services/Hosted/Fish_Access_RO/FeatureServer/0","notes":"Launch: Boat Ramp; Ramp:  ; Fee: No; Parking: PARKING_LOT; Motor: None; ADA: No","launch_type":"Boat Ramp","land_type":"Public Access Site","dnr_accessid":900,"id":"launch-0365"}},{"type":"Feature","geometry":{"type":"Point","coordinates":[-87.258383,38.975863]},"properties":{"name":"Dogwood Pit","access":"public","lake":"Dogwood Pit","county":"Sullivan","lat":38.975863,"lng":-87.258383,"source":"Indiana DNR Fish & Wildlife \u2014 Fishing Access Sites","source_url":"https://gisdata.in.gov/server/rest/services/Hosted/Fish_Access_RO/FeatureServer/0","notes":"Launch: Boat Ramp; Ramp:  ; Fee: Yes; Parking: PARKING_LOT; Motor: Electric only; ADA: No","launch_type":"Boat Ramp","land_type":"Public Access Site","dnr_accessid":586,"id":"launch-0366"}},{"type":"Feature","geometry":{"type":"Point","coordinates":[-87.17232,38.270874]},"properties":{"name":"Bass Pit","access":"public","lake":"Bass Pit","county":"Pike","lat":38.270874,"lng":-87.17232,"source":"Indiana DNR Fish & Wildlife \u2014 Fishing Access Sites","source_url":"https://gisdata.in.gov/server/rest/services/Hosted/Fish_Access_RO/FeatureServer/0","notes":"Launch: Boat Ramp; Ramp: Concrete; Fee: No; Parking: PARKING_LOT; Motor: Electric only; ADA: No","launch_type":"Boat Ramp","land_type":"Public Access Site","dnr_accessid":266,"id":"launch-0367"}},{"type":"Feature","geometry":{"type":"Point","coordinates":[-87.464102,40.820429]},"properties":{"name":"Iroquois River #2","access":"public","lake":"Iroquois River","county":"Newton","lat":40.820429,"lng":-87.464102,"source":"Indiana DNR Fish & Wildlife \u2014 Fishing Access Sites","source_url":"https://gisdata.in.gov/server/rest/services/Hosted/Fish_Access_RO/FeatureServer/0","notes":"Launch: Boat Ramp; Ramp: Concrete; Fee: No; Parking: PARKING_LOT; Motor: None; ADA: Yes","launch_type":"Boat Ramp","land_type":"Public Access Site","dnr_accessid":216,"id":"launch-0368"}},{"type":"Feature","geometry":{"type":"Point","coordinates":[-85.452309,40.845202]},"properties":{"name":"J. Edward Roush Lake (Kil-So-Quah)","access":"public","lake":"J. Edward Roush Lake","county":"Huntington","lat":40.845202,"lng":-85.452309,"source":"Indiana DNR Fish & Wildlife \u2014 Fishing Access Sites","source_url":"https://gisdata.in.gov/server/rest/services/Hosted/Fish_Access_RO/FeatureServer/0","notes":"Launch: Boat Ramp; Ramp:  ; Fee: No; Parking: PARKING_LOT; Motor: None; ADA: Yes","launch_type":"Boat Ramp","land_type":"Public Access Site","dnr_accessid":86,"id":"launch-0369"}},{"type":"Feature","geometry":{"type":"Point","coordinates":[-85.667324,40.134789]},"properties":{"name":"Shadyside Park","access":"public","lake":"Shadyside Lake","county":"Madison","lat":40.134789,"lng":-85.667324,"source":"Indiana DNR Fish & Wildlife \u2014 Fishing Access Sites","source_url":"https://gisdata.in.gov/server/rest/services/Hosted/Fish_Access_RO/FeatureServer/0","notes":"Launch: Boat Ramp; Ramp: Concrete; Fee: No; Parking: PARKING_LOT; Motor: Electric only; ADA: No","launch_type":"Boat Ramp","land_type":"Public Access Site","dnr_accessid":854,"id":"launch-0370"}},{"type":"Feature","geometry":{"type":"Point","coordinates":[-84.926397,41.745968]},"properties":{"name":"Fish Lake","access":"public","lake":"Fish Lake","county":"Steuben","lat":41.745968,"lng":-84.926397,"source":"Indiana DNR Fish & Wildlife \u2014 Fishing Access Sites","source_url":"https://gisdata.in.gov/server/rest/services/Hosted/Fish_Access_RO/FeatureServer/0","notes":"Launch: Boat Ramp; Ramp:  ; Fee: No; Parking: PARKING_LOT; Motor: None; ADA: Yes","launch_type":"Boat Ramp","land_type":"Public Access Site","dnr_accessid":436,"id":"launch-0371"}},{"type":"Feature","geometry":{"type":"Point","coordinates":[-87.351364,39.062624]},"properties":{"name":"West Lake","access":"public","lake":"West Lake","county":"Sullivan","lat":39.062624,"lng":-87.351364,"source":"Indiana DNR Fish & Wildlife \u2014 Fishing Access Sites","source_url":"https://gisdata.in.gov/server/rest/services/Hosted/Fish_Access_RO/FeatureServer/0","notes":"Launch: Boat Ramp; Ramp:  ; Fee: Yes; Parking: PULL_OFF; Motor: Electric only; ADA: No","launch_type":"Boat Ramp","land_type":"Public Access Site","dnr_accessid":574,"id":"launch-0372"}},{"type":"Feature","geometry":{"type":"Point","coordinates":[-86.32919,38.182321]},"properties":{"name":"Blue River Public Access Site","access":"public","lake":"Ohio River","county":"Crawford","lat":38.182321,"lng":-86.32919,"source":"Indiana DNR Fish & Wildlife \u2014 Fishing Access Sites","source_url":"https://gisdata.in.gov/server/rest/services/Hosted/Fish_Access_RO/FeatureServer/0","notes":"Launch: Boat Ramp; Ramp:  ; Fee: No; Motor: None; ADA: Yes","launch_type":"Boat Ramp","land_type":"Public Access Site","dnr_accessid":28,"id":"launch-0373"}},{"type":"Feature","geometry":{"type":"Point","coordinates":[-86.762108,40.392406]},"properties":{"name":"Fairfield Park Lake 2","access":"public","lake":"Fairfield Park Lake 2","county":"Tippecanoe","lat":40.392406,"lng":-86.762108,"source":"Indiana DNR Fish & Wildlife \u2014 Fishing Access Sites","source_url":"https://gisdata.in.gov/server/rest/services/Hosted/Fish_Access_RO/FeatureServer/0","notes":"Launch: Carry Down; Ramp:  ; Fee: No; Parking: PARKING_LOT; Motor: Electric only; ADA: Yes","launch_type":"Carry Down","land_type":"Public Fishing Area","dnr_accessid":974,"id":"launch-0374"}},{"type":"Feature","geometry":{"type":"Point","coordinates":[-87.496708,41.168442]},"properties":{"name":"Kankakee River / Black Oak Bayou","access":"public","lake":"Kankakee River","county":"Newton","lat":41.168442,"lng":-87.496708,"source":"Indiana DNR Fish & Wildlife \u2014 Fishing Access Sites","source_url":"https://gisdata.in.gov/server/rest/services/Hosted/Fish_Access_RO/FeatureServer/0","notes":"Launch: Boat Ramp; Ramp:  ; Fee: No; Motor: None; ADA: No","launch_type":"Boat Ramp","land_type":"Public Access Site","dnr_accessid":218,"id":"launch-0375"}},{"type":"Feature","geometry":{"type":"Point","coordinates":[-87.175541,38.274186]},"properties":{"name":"Beaver Pit","access":"public","lake":"Beaver Pit","county":"Pike","lat":38.274186,"lng":-87.175541,"source":"Indiana DNR Fish & Wildlife \u2014 Fishing Access Sites","source_url":"https://gisdata.in.gov/server/rest/services/Hosted/Fish_Access_RO/FeatureServer/0","notes":"Launch: Boat Ramp; Ramp: Gravel; Fee: No; Parking: PARKING_LOT; Motor: Electric only; ADA: No","launch_type":"Boat Ramp","land_type":"Public Access Site","dnr_accessid":523,"id":"launch-0376"}},{"type":"Feature","geometry":{"type":"Point","coordinates":[-86.416389,41.19658]},"properties":{"name":"Lake Maxinkuckee","access":"public","lake":"Lake Maxinkuckee","county":"Marshall","lat":41.19658,"lng":-86.416389,"source":"Indiana DNR Fish & Wildlife \u2014 Fishing Access Sites","source_url":"https://gisdata.in.gov/server/rest/services/Hosted/Fish_Access_RO/FeatureServer/0","notes":"Launch: Boat Ramp; Ramp: Concrete; Fee: No; Parking: PULL_OFF; Motor: None; ADA: No","launch_type":"Boat Ramp","land_type":"Public Access Site","dnr_accessid":197,"id":"launch-0377"}},{"type":"Feature","geometry":{"type":"Point","coordinates":[-87.149079,38.660755]},"properties":{"name":"Thomas Baumert Lake","access":"public","lake":"Thomas Baumert Lake","county":"Daviess","lat":38.660755,"lng":-87.149079,"source":"Indiana DNR Fish & Wildlife \u2014 Fishing Access Sites","source_url":"https://gisdata.in.gov/server/rest/services/Hosted/Fish_Access_RO/FeatureServer/0","notes":"Launch: Boat Ramp; Ramp:  ; Fee: No; Parking: PARKING_LOT; Motor: Electric only; ADA: No","launch_type":"Boat Ramp","land_type":"Public Access Site","dnr_accessid":913,"id":"launch-0378"}},{"type":"Feature","geometry":{"type":"Point","coordinates":[-85.982237,41.688102]},"properties":{"name":"Sherman St. Bridge","access":"public","lake":"St. Joseph River","county":"Elkhart","lat":41.688102,"lng":-85.982237,"source":"Indiana DNR Fish & Wildlife \u2014 Fishing Access Sites","source_url":"https://gisdata.in.gov/server/rest/services/Hosted/Fish_Access_RO/FeatureServer/0","notes":"Launch: Boat Ramp; Ramp: Concrete; Fee: No; Parking: PARKING_LOT; Motor: None; ADA: Yes","launch_type":"Boat Ramp","land_type":"Public Access Site","dnr_accessid":54,"id":"launch-0379"}},{"type":"Feature","geometry":{"type":"Point","coordinates":[-87.237371,39.120511]},"properties":{"name":"Gilmour Lake","access":"public","lake":"Gilmour Lake","county":"Greene","lat":39.120511,"lng":-87.237371,"source":"Indiana DNR Fish & Wildlife \u2014 Fishing Access Sites","source_url":"https://gisdata.in.gov/server/rest/services/Hosted/Fish_Access_RO/FeatureServer/0","notes":"Launch: Boat Ramp; Ramp:  ; Fee: No; Parking: PARKING_LOT; Motor: Electric only; ADA: No","launch_type":"Boat Ramp","land_type":"Public Access Site","dnr_accessid":560,"id":"launch-0380"}},{"type":"Feature","geometry":{"type":"Point","coordinates":[-85.820477,41.520159]},"properties":{"name":"Baintertown Hydro","access":"public","lake":"Elkhart River","county":"Elkhart","lat":41.520159,"lng":-85.820477,"source":"Indiana DNR Fish & Wildlife \u2014 Fishing Access Sites","source_url":"https://gisdata.in.gov/server/rest/services/Hosted/Fish_Access_RO/FeatureServer/0","notes":"Launch: Carry Down; Ramp:  ; Fee: No; Parking: PARKING_LOT; Motor: None; ADA: No","launch_type":"Carry Down","land_type":"Public Access Site","dnr_accessid":534,"id":"launch-0381"}},{"type":"Feature","geometry":{"type":"Point","coordinates":[-87.147465,38.663731]},"properties":{"name":"Washington City Park Lake","access":"public","lake":"New Washington Lake","county":"Daviess","lat":38.663731,"lng":-87.147465,"source":"Indiana DNR Fish & Wildlife \u2014 Fishing Access Sites","source_url":"https://gisdata.in.gov/server/rest/services/Hosted/Fish_Access_RO/FeatureServer/0","notes":"Launch: Boat Ramp; Ramp:  ; Fee: No; Parking: PARKING_LOT; Motor: Electric only; ADA: Yes","launch_type":"Boat Ramp","land_type":"Public Access Site","dnr_accessid":452,"id":"launch-0382"}},{"type":"Feature","geometry":{"type":"Point","coordinates":[-85.821645,38.281396]},"properties":{"name":"Jaycees Boat Ramp","access":"public","lake":"Ohio River","county":"Floyd","lat":38.281396,"lng":-85.821645,"source":"Indiana DNR Fish & Wildlife \u2014 Fishing Access Sites","source_url":"https://gisdata.in.gov/server/rest/services/Hosted/Fish_Access_RO/FeatureServer/0","notes":"Launch: Boat Ramp; Ramp: Concrete; Fee: No; Parking: PULL_OFF; Motor: None; ADA: No","launch_type":"Boat Ramp","land_type":"Public Access Site","dnr_accessid":877,"id":"launch-0383"}},{"type":"Feature","geometry":{"type":"Point","coordinates":[-86.92781,38.387653]},"properties":{"name":"Jasper","access":"public","lake":"Patoka River","county":"Dubois","lat":38.387653,"lng":-86.92781,"source":"Indiana DNR Fish & Wildlife \u2014 Fishing Access Sites","source_url":"https://gisdata.in.gov/server/rest/services/Hosted/Fish_Access_RO/FeatureServer/0","notes":"Launch: Boat Ramp; Ramp: Concrete; Fee: No; Parking: PULL_OFF; Motor: None; ADA: No","launch_type":"Boat Ramp","land_type":"Public Access Site","dnr_accessid":46,"id":"launch-0384"}},{"type":"Feature","geometry":{"type":"Point","coordinates":[-86.058273,39.395506]},"properties":{"name":"Mallard Marsh","access":"public","lake":"Mallard Marsh","county":"Johnson","lat":39.395506,"lng":-86.058273,"source":"Indiana DNR Fish & Wildlife \u2014 Fishing Access Sites","source_url":"https://gisdata.in.gov/server/rest/services/Hosted/Fish_Access_RO/FeatureServer/0","notes":"Launch: Boat Ramp; Ramp: Gravel; Fee: No; Parking: PARKING_LOT; Motor: Electric only; ADA: No","launch_type":"Boat Ramp","land_type":"Public Access Site","dnr_accessid":108,"id":"launch-0385"}},{"type":"Feature","geometry":{"type":"Point","coordinates":[-85.972476,39.290909]},"properties":{"name":"Bill Newton Public Access Site","access":"public","lake":"Driftwood River","county":"Bartholomew","lat":39.290909,"lng":-85.972476,"source":"Indiana DNR Fish & Wildlife \u2014 Fishing Access Sites","source_url":"https://gisdata.in.gov/server/rest/services/Hosted/Fish_Access_RO/FeatureServer/0","notes":"Launch: Boat Ramp; Ramp: Concrete; Fee: No; Parking: PARKING_LOT; ADA: Yes","launch_type":"Boat Ramp","land_type":"Public Access Site","dnr_accessid":983,"id":"launch-0386"}},{"type":"Feature","geometry":{"type":"Point","coordinates":[-87.039321,38.251482]},"properties":{"name":"Old Holland Lake","access":"public","lake":"Old Holland Lake","county":"Dubois","lat":38.251482,"lng":-87.039321,"source":"Indiana DNR Fish & Wildlife \u2014 Fishing Access Sites","source_url":"https://gisdata.in.gov/server/rest/services/Hosted/Fish_Access_RO/FeatureServer/0","notes":"Launch: Boat Ramp; Ramp: Concrete; Fee: Yes; Parking: PULL_OFF; Motor: Electric only; ADA: No","launch_type":"Boat Ramp","land_type":"Public Access Site","dnr_accessid":506,"id":"launch-0387"}},{"type":"Feature","geometry":{"type":"Point","coordinates":[-85.889741,39.023636]},"properties":{"name":"Cypress Lake","access":"public","lake":"Cypress Lake","county":"Jackson","lat":39.023636,"lng":-85.889741,"source":"Indiana DNR Fish & Wildlife \u2014 Fishing Access Sites","source_url":"https://gisdata.in.gov/server/rest/services/Hosted/Fish_Access_RO/FeatureServer/0","notes":"Launch: Boat Ramp; Ramp: Concrete; Fee: No; Parking: PARKING_LOT; Motor: Electric only; ADA: Yes","launch_type":"Boat Ramp","land_type":"Public Fishing Area","dnr_accessid":92,"id":"launch-0388"}},{"type":"Feature","geometry":{"type":"Point","coordinates":[-85.783401,38.55454]},"properties":{"name":"Franke Lake","access":"public","lake":"Franke Lake","county":"Clark","lat":38.55454,"lng":-85.783401,"source":"Indiana DNR Fish & Wildlife \u2014 Fishing Access Sites","source_url":"https://gisdata.in.gov/server/rest/services/Hosted/Fish_Access_RO/FeatureServer/0","notes":"Launch: Boat Ramp; Ramp:  ; Fee: Yes; Parking: PARKING_LOT; Motor: Electric only; ADA: No","launch_type":"Boat Ramp","land_type":"Public Access Site","dnr_accessid":544,"id":"launch-0389"}},{"type":"Feature","geometry":{"type":"Point","coordinates":[-86.333948,40.912081]},"properties":{"name":"Fletcher Lake","access":"public","lake":"Fletcher Lake","county":"Fulton","lat":40.912081,"lng":-86.333948,"source":"Indiana DNR Fish & Wildlife \u2014 Fishing Access Sites","source_url":"https://gisdata.in.gov/server/rest/services/Hosted/Fish_Access_RO/FeatureServer/0","notes":"Launch: Boat Ramp; Ramp: Concrete; Fee: No; Parking: PARKING_LOT; Motor: None; ADA: No","launch_type":"Boat Ramp","land_type":"Public Access Site","dnr_accessid":61,"id":"launch-0390"}},{"type":"Feature","geometry":{"type":"Point","coordinates":[-87.19595,39.4592]},"properties":{"name":"North Worm Pit","access":"public","lake":"North Worm Pit","county":"Clay","lat":39.4592,"lng":-87.19595,"source":"Indiana DNR Fish & Wildlife \u2014 Fishing Access Sites","source_url":"https://gisdata.in.gov/server/rest/services/Hosted/Fish_Access_RO/FeatureServer/0","notes":"Launch: Boat Ramp; Ramp: Concrete; Fee: No; Parking: PARKING_LOT; Motor: Electric only; ADA: No","launch_type":"Boat Ramp","land_type":"Public Access Site","dnr_accessid":26,"id":"launch-0391"}},{"type":"Feature","geometry":{"type":"Point","coordinates":[-85.174406,41.651898]},"properties":{"name":"Pigeon River (SR 327)","access":"public","lake":"Pigeon River","county":"Steuben","lat":41.651898,"lng":-85.174406,"source":"Indiana DNR Fish & Wildlife \u2014 Fishing Access Sites","source_url":"https://gisdata.in.gov/server/rest/services/Hosted/Fish_Access_RO/FeatureServer/0","notes":"Launch: Boat Ramp; Ramp:  ; Fee: No; Parking: PARKING_LOT; Motor: None; ADA: No","launch_type":"Boat Ramp","land_type":"Public Access Site","dnr_accessid":340,"id":"launch-0392"}},{"type":"Feature","geometry":{"type":"Point","coordinates":[-87.33204,39.053039]},"properties":{"name":"South Bass Lake (Greene-Sullivan)","access":"public","lake":"South Bass Lake","county":"Sullivan","lat":39.053039,"lng":-87.33204,"source":"Indiana DNR Fish & Wildlife \u2014 Fishing Access Sites","source_url":"https://gisdata.in.gov/server/rest/services/Hosted/Fish_Access_RO/FeatureServer/0","notes":"Launch: Boat Ramp; Ramp:  ; Fee: Yes; Parking: PARKING_LOT; Motor: Electric only; ADA: No","launch_type":"Boat Ramp","land_type":"Public Access Site","dnr_accessid":834,"id":"launch-0393"}},{"type":"Feature","geometry":{"type":"Point","coordinates":[-87.50991,41.695315]},"properties":{"name":"Hammond Marina","access":"public","lake":"Lake Michigan","county":"Lake","lat":41.695315,"lng":-87.50991,"source":"Indiana DNR Fish & Wildlife \u2014 Fishing Access Sites","source_url":"https://gisdata.in.gov/server/rest/services/Hosted/Fish_Access_RO/FeatureServer/0","notes":"Launch: Boat Ramp; Ramp: Concrete; Fee: Yes; Parking: PARKING_LOT; Motor: None; ADA: Yes","launch_type":"Boat Ramp","land_type":"Public Access Site","dnr_accessid":483,"id":"launch-0394"}},{"type":"Feature","geometry":{"type":"Point","coordinates":[-84.987817,41.718537]},"properties":{"name":"Marsh Lake","access":"public","lake":"Marsh Lake","county":"Steuben","lat":41.718537,"lng":-84.987817,"source":"Indiana DNR Fish & Wildlife \u2014 Fishing Access Sites","source_url":"https://gisdata.in.gov/server/rest/services/Hosted/Fish_Access_RO/FeatureServer/0","notes":"Launch: Boat Ramp; Ramp: Gravel; Fee: No; Parking: PARKING_LOT; Motor: Electric only; ADA: No","launch_type":"Boat Ramp","land_type":"Public Access Site","dnr_accessid":336,"id":"launch-0395"}},{"type":"Feature","geometry":{"type":"Point","coordinates":[-86.491669,38.185579]},"properties":{"name":"Oriole Lake","access":"public","lake":"Oriole Lake","county":"Perry","lat":38.185579,"lng":-86.491669,"source":"Indiana DNR Fish & Wildlife \u2014 Fishing Access Sites","source_url":"https://gisdata.in.gov/server/rest/services/Hosted/Fish_Access_RO/FeatureServer/0","notes":"Launch: Shoreline; Ramp: Other; Fee: No; Motor: Electric only; ADA: No","launch_type":"Shoreline","land_type":"Public Access Site","dnr_accessid":499,"id":"launch-0396"}},{"type":"Feature","geometry":{"type":"Point","coordinates":[-87.253868,39.027174]},"properties":{"name":"T-Lake","access":"public","lake":"T-Lake","county":"Sullivan","lat":39.027174,"lng":-87.253868,"source":"Indiana DNR Fish & Wildlife \u2014 Fishing Access Sites","source_url":"https://gisdata.in.gov/server/rest/services/Hosted/Fish_Access_RO/FeatureServer/0","notes":"Launch: Boat Ramp; Ramp:  ; Fee: Yes; Parking: PULL_OFF; Motor: Electric only; ADA: No","launch_type":"Boat Ramp","land_type":"Public Access Site","dnr_accessid":1089,"id":"launch-0397"}},{"type":"Feature","geometry":{"type":"Point","coordinates":[-87.256208,39.032297]},"properties":{"name":"Low Pit","access":"public","lake":"Low Pit","county":"Sullivan","lat":39.032297,"lng":-87.256208,"source":"Indiana DNR Fish & Wildlife \u2014 Fishing Access Sites","source_url":"https://gisdata.in.gov/server/rest/services/Hosted/Fish_Access_RO/FeatureServer/0","notes":"Launch: Boat Ramp; Fee: Yes; Motor: Electric only; ADA: No","launch_type":"Boat Ramp","land_type":"Public Access Site","dnr_accessid":588,"id":"launch-0398"}},{"type":"Feature","geometry":{"type":"Point","coordinates":[-85.664692,41.357037]},"properties":{"name":"Spear Lake","access":"public","lake":"Spear Lake","county":"Kosciusko","lat":41.357037,"lng":-85.664692,"source":"Indiana DNR Fish & Wildlife \u2014 Fishing Access Sites","source_url":"https://gisdata.in.gov/server/rest/services/Hosted/Fish_Access_RO/FeatureServer/0","notes":"Launch: Boat Ramp; Ramp: Concrete; Fee: No; Parking: PARKING_LOT; Motor: Electric only; ADA: No","launch_type":"Boat Ramp","land_type":"Public Access Site","dnr_accessid":132,"id":"launch-0399"}},{"type":"Feature","geometry":{"type":"Point","coordinates":[-85.448602,41.493163]},"properties":{"name":"William T. Malle","access":"public","lake":"Elkhart River","county":"Noble","lat":41.493163,"lng":-85.448602,"source":"Indiana DNR Fish & Wildlife \u2014 Fishing Access Sites","source_url":"https://gisdata.in.gov/server/rest/services/Hosted/Fish_Access_RO/FeatureServer/0","notes":"Launch: Boat Ramp; Ramp: Concrete; Fee: No; Motor: None; ADA:  ","launch_type":"Boat Ramp","land_type":"Public Access Site","dnr_accessid":243,"id":"launch-0400"}},{"type":"Feature","geometry":{"type":"Point","coordinates":[-87.23595,39.023941]},"properties":{"name":"Hemlock Pit (Greene-Sullivan)","access":"public","lake":"Hemlock Pit","county":"Greene","lat":39.023941,"lng":-87.23595,"source":"Indiana DNR Fish & Wildlife \u2014 Fishing Access Sites","source_url":"https://gisdata.in.gov/server/rest/services/Hosted/Fish_Access_RO/FeatureServer/0","notes":"Launch: Boat Ramp; Ramp:  ; Fee: Yes; Parking: PULL_OFF; Motor: Electric only; ADA: No","launch_type":"Boat Ramp","land_type":"Public Access Site","dnr_accessid":623,"id":"launch-0401"}},{"type":"Feature","geometry":{"type":"Point","coordinates":[-87.240447,41.571021]},"properties":{"name":"Bicentennial Park","access":"public","lake":"Deep River","county":"Lake","lat":41.571021,"lng":-87.240447,"source":"Indiana DNR Fish & Wildlife \u2014 Fishing Access Sites","source_url":"https://gisdata.in.gov/server/rest/services/Hosted/Fish_Access_RO/FeatureServer/0","notes":"Launch: Carry Down; Ramp:  ; Fee: No; Parking: PARKING_LOT; Motor:  ; ADA: No","launch_type":"Carry Down","land_type":"Public Access Site","dnr_accessid":533,"id":"launch-0402"}},{"type":"Feature","geometry":{"type":"Point","coordinates":[-86.217443,39.144321]},"properties":{"name":"Strahl Lake","access":"public","lake":"Strahl Lake","county":"Brown","lat":39.144321,"lng":-86.217443,"source":"Indiana DNR Fish & Wildlife \u2014 Fishing Access Sites","source_url":"https://gisdata.in.gov/server/rest/services/Hosted/Fish_Access_RO/FeatureServer/0","notes":"Launch: Carry Down; Ramp:  ; Fee: Yes; Parking: PARKING_LOT; Motor: NA; ADA: No","launch_type":"Carry Down","land_type":"Public Fishing Area","dnr_accessid":556,"id":"launch-0403"}},{"type":"Feature","geometry":{"type":"Point","coordinates":[-86.968963,41.220034]},"properties":{"name":"Dunns Bridge","access":"public","lake":"Kankakee River","county":"Porter","lat":41.220034,"lng":-86.968963,"source":"Indiana DNR Fish & Wildlife \u2014 Fishing Access Sites","source_url":"https://gisdata.in.gov/server/rest/services/Hosted/Fish_Access_RO/FeatureServer/0","notes":"Launch: Boat Ramp; Ramp: Concrete; Fee: No; Parking: PARKING_LOT; Motor: None; ADA: Yes","launch_type":"Boat Ramp","land_type":"Public Access Site","dnr_accessid":281,"id":"launch-0404"}},{"type":"Feature","geometry":{"type":"Point","coordinates":[-87.258632,41.535276]},"properties":{"name":"Lake George (Festival Park)","access":"public","lake":"Lake George","county":"Lake","lat":41.535276,"lng":-87.258632,"source":"Indiana DNR Fish & Wildlife \u2014 Fishing Access Sites","source_url":"https://gisdata.in.gov/server/rest/services/Hosted/Fish_Access_RO/FeatureServer/0","notes":"Launch: Carry Down; Ramp: Concrete; Fee: No; Parking: PARKING_LOT; Motor: NA; ADA: No","launch_type":"Carry Down","land_type":"Public Fishing Area","dnr_accessid":172,"id":"launch-0405"}},{"type":"Feature","geometry":{"type":"Point","coordinates":[-87.349953,39.05532]},"properties":{"name":"Bobcat Lake","access":"public","lake":"Bobcat Lake","county":"Sullivan","lat":39.05532,"lng":-87.349953,"source":"Indiana DNR Fish & Wildlife \u2014 Fishing Access Sites","source_url":"https://gisdata.in.gov/server/rest/services/Hosted/Fish_Access_RO/FeatureServer/0","notes":"Launch: Boat Ramp; Ramp:  ; Fee: Yes; Parking: PARKING_LOT; Motor: Electric only; ADA: No","launch_type":"Boat Ramp","land_type":"Public Access Site","dnr_accessid":576,"id":"launch-0406"}},{"type":"Feature","geometry":{"type":"Point","coordinates":[-85.051493,41.215161]},"properties":{"name":"Cedar Creek Hursh Road Access","access":"public","lake":"Cedar Creek","county":"Allen","lat":41.215161,"lng":-85.051493,"source":"Indiana DNR Fish & Wildlife \u2014 Fishing Access Sites","source_url":"https://gisdata.in.gov/server/rest/services/Hosted/Fish_Access_RO/FeatureServer/0","notes":"Launch: Carry Down; Fee: No; Motor: NA; ADA: No","launch_type":"Carry Down","land_type":"Public Access Site","dnr_accessid":1093,"id":"launch-0407"}},{"type":"Feature","geometry":{"type":"Point","coordinates":[-85.409858,40.002313]},"properties":{"name":"Province Pond WCA","access":"public","lake":"Province Pond","county":"Henry","lat":40.002313,"lng":-85.409858,"source":"Indiana DNR Fish & Wildlife \u2014 Fishing Access Sites","source_url":"https://gisdata.in.gov/server/rest/services/Hosted/Fish_Access_RO/FeatureServer/0","notes":"Launch: Boat Ramp; Ramp: Concrete; Fee: No; Parking: PULL_OFF; Motor: Electric only; ADA: No","launch_type":"Boat Ramp","land_type":"Public Access Site","dnr_accessid":80,"id":"launch-0408"}},{"type":"Feature","geometry":{"type":"Point","coordinates":[-86.231011,38.775374]},"properties":{"name":"Sparksville","access":"public","lake":"East Fork White River","county":"Jackson","lat":38.775374,"lng":-86.231011,"source":"Indiana DNR Fish & Wildlife \u2014 Fishing Access Sites","source_url":"https://gisdata.in.gov/server/rest/services/Hosted/Fish_Access_RO/FeatureServer/0","notes":"Launch: Boat Ramp; Ramp: Concrete; Fee: No; Parking: PARKING_LOT; Motor: None; ADA: Yes","launch_type":"Boat Ramp","land_type":"Public Access Site","dnr_accessid":97,"id":"launch-0409"}},{"type":"Feature","geometry":{"type":"Point","coordinates":[-87.324488,39.056971]},"properties":{"name":"Pump Lake","access":"public","lake":"Pump Lake","county":"Sullivan","lat":39.056971,"lng":-87.324488,"source":"Indiana DNR Fish & Wildlife \u2014 Fishing Access Sites","source_url":"https://gisdata.in.gov/server/rest/services/Hosted/Fish_Access_RO/FeatureServer/0","notes":"Launch: Boat Ramp; Ramp:  ; Fee: Yes; Parking: PULL_OFF; Motor: Electric only; ADA: No","launch_type":"Boat Ramp","land_type":"Public Access Site","dnr_accessid":569,"id":"launch-0410"}},{"type":"Feature","geometry":{"type":"Point","coordinates":[-87.245095,38.997305]},"properties":{"name":"Reservoir Number Twenty-nine","access":"public","lake":"Reservoir Number Twenty-nine","county":"Sullivan","lat":38.997305,"lng":-87.245095,"source":"Indiana DNR Fish & Wildlife \u2014 Fishing Access Sites","source_url":"https://gisdata.in.gov/server/rest/services/Hosted/Fish_Access_RO/FeatureServer/0","notes":"Launch: Boat Ramp; Ramp: Gravel; Fee: Yes; Parking: PARKING_LOT; Motor: Electric only; ADA: No","launch_type":"Boat Ramp","land_type":"Public Access Site","dnr_accessid":632,"id":"launch-0411"}},{"type":"Feature","geometry":{"type":"Point","coordinates":[-85.360337,41.336637]},"properties":{"name":"Long Lake","access":"public","lake":"Long Lake","county":"Noble","lat":41.336637,"lng":-85.360337,"source":"Indiana DNR Fish & Wildlife \u2014 Fishing Access Sites","source_url":"https://gisdata.in.gov/server/rest/services/Hosted/Fish_Access_RO/FeatureServer/0","notes":"Launch: Boat Ramp; Ramp: Concrete; Fee: Yes; Motor: Electric only; ADA: Yes","launch_type":"Boat Ramp","land_type":"Public Access Site","dnr_accessid":224,"id":"launch-0412"}},{"type":"Feature","geometry":{"type":"Point","coordinates":[-87.260849,38.484203]},"properties":{"name":"Prides Creek Lake","access":"public","lake":"Prides Creek Lake","county":"Pike","lat":38.484203,"lng":-87.260849,"source":"Indiana DNR Fish & Wildlife \u2014 Fishing Access Sites","source_url":"https://gisdata.in.gov/server/rest/services/Hosted/Fish_Access_RO/FeatureServer/0","notes":"Launch: Boat Ramp; Ramp: Concrete; Fee: Yes; Parking: PARKING_LOT; Motor: None; ADA: No","launch_type":"Boat Ramp","land_type":"Public Access Site","dnr_accessid":275,"id":"launch-0413"}},{"type":"Feature","geometry":{"type":"Point","coordinates":[-86.102663,38.765447]},"properties":{"name":"Milport","access":"public","lake":"Muscatatuck River","county":"Washington","lat":38.765447,"lng":-86.102663,"source":"Indiana DNR Fish & Wildlife \u2014 Fishing Access Sites","source_url":"https://gisdata.in.gov/server/rest/services/Hosted/Fish_Access_RO/FeatureServer/0","notes":"Launch: Boat Ramp; Ramp: Concrete; Fee: No; Parking: PARKING_LOT; Motor: None; ADA: No","launch_type":"Boat Ramp","land_type":"Public Access Site","dnr_accessid":404,"id":"launch-0414"}},{"type":"Feature","geometry":{"type":"Point","coordinates":[-85.105415,40.720734]},"properties":{"name":"Kunkel Lake","access":"public","lake":"Kunkel Lake","county":"Wells","lat":40.720734,"lng":-85.105415,"source":"Indiana DNR Fish & Wildlife \u2014 Fishing Access Sites","source_url":"https://gisdata.in.gov/server/rest/services/Hosted/Fish_Access_RO/FeatureServer/0","notes":"Launch: Boat Ramp; Ramp:  ; Fee: Yes; Parking: PARKING_LOT; Motor: Electric only; ADA: No","launch_type":"Boat Ramp","land_type":"Public Access Site","dnr_accessid":408,"id":"launch-0415"}},{"type":"Feature","geometry":{"type":"Point","coordinates":[-87.359984,39.059642]},"properties":{"name":"Black Cat Lake","access":"public","lake":"Black Cat Lake","county":"Sullivan","lat":39.059642,"lng":-87.359984,"source":"Indiana DNR Fish & Wildlife \u2014 Fishing Access Sites","source_url":"https://gisdata.in.gov/server/rest/services/Hosted/Fish_Access_RO/FeatureServer/0","notes":"Launch: Boat Ramp; Ramp:  ; Fee: Yes; Parking: PARKING_LOT; Motor: Electric only; ADA: No","launch_type":"Boat Ramp","land_type":"Public Access Site","dnr_accessid":575,"id":"launch-0416"}},{"type":"Feature","geometry":{"type":"Point","coordinates":[-85.971576,40.121809]},"properties":{"name":"White River Campground","access":"public","lake":"White River","county":"Hamilton","lat":40.121809,"lng":-85.971576,"source":"Indiana DNR Fish & Wildlife \u2014 Fishing Access Sites","source_url":"https://gisdata.in.gov/server/rest/services/Hosted/Fish_Access_RO/FeatureServer/0","notes":"Launch: Carry Down; Ramp:  ; Fee: Yes; Parking: NO_PARKING; Motor: NA; ADA: No","launch_type":"Carry Down","land_type":"Public Access Site","dnr_accessid":466,"id":"launch-0417"}},{"type":"Feature","geometry":{"type":"Point","coordinates":[-87.258873,38.399826]},"properties":{"name":"Piney Pit","access":"public","lake":"Piney Pit","county":"Pike","lat":38.399826,"lng":-87.258873,"source":"Indiana DNR Fish & Wildlife \u2014 Fishing Access Sites","source_url":"https://gisdata.in.gov/server/rest/services/Hosted/Fish_Access_RO/FeatureServer/0","notes":"Launch: Boat Ramp; Ramp: Other; Fee: No; Parking: PULL_OFF; Motor: Electric only; ADA: No","launch_type":"Boat Ramp","land_type":"Public Access Site","dnr_accessid":274,"id":"launch-0418"}},{"type":"Feature","geometry":{"type":"Point","coordinates":[-85.604873,41.343501]},"properties":{"name":"Knapp Lake","access":"public","lake":"Knapp Lake","county":"Noble","lat":41.343501,"lng":-85.604873,"source":"Indiana DNR Fish & Wildlife \u2014 Fishing Access Sites","source_url":"https://gisdata.in.gov/server/rest/services/Hosted/Fish_Access_RO/FeatureServer/0","notes":"Launch: Boat Ramp; Ramp: Concrete; Fee: No; Parking: PARKING_LOT; Motor: None; ADA: Yes","launch_type":"Boat Ramp","land_type":"Public Access Site","dnr_accessid":232,"id":"launch-0419"}},{"type":"Feature","geometry":{"type":"Point","coordinates":[-87.248986,39.012244]},"properties":{"name":"Lower Fry Pit","access":"public","lake":"Lower Fry Pit","county":"Sullivan","lat":39.012244,"lng":-87.248986,"source":"Indiana DNR Fish & Wildlife \u2014 Fishing Access Sites","source_url":"https://gisdata.in.gov/server/rest/services/Hosted/Fish_Access_RO/FeatureServer/0","notes":"Launch: Boat Ramp; Ramp:  ; Fee: Yes; Parking: PARKING_LOT; Motor: Electric only; ADA: No","launch_type":"Boat Ramp","land_type":"Public Access Site","dnr_accessid":1094,"id":"launch-0420"}},{"type":"Feature","geometry":{"type":"Point","coordinates":[-85.554978,41.238813]},"properties":{"name":"Goose Lake","access":"public","lake":"Goose Lake","county":"Whitley","lat":41.238813,"lng":-85.554978,"source":"Indiana DNR Fish & Wildlife \u2014 Fishing Access Sites","source_url":"https://gisdata.in.gov/server/rest/services/Hosted/Fish_Access_RO/FeatureServer/0","notes":"Launch: Boat Ramp; Ramp: Concrete; Fee: No; Parking: PARKING_LOT; Motor: None; ADA: Yes","launch_type":"Boat Ramp","land_type":"Public Access Site","dnr_accessid":413,"id":"launch-0421"}},{"type":"Feature","geometry":{"type":"Point","coordinates":[-87.403858,40.136519]},"properties":{"name":"Covington","access":"public","lake":"Wabash River","county":"Fountain","lat":40.136519,"lng":-87.403858,"source":"Indiana DNR Fish & Wildlife \u2014 Fishing Access Sites","source_url":"https://gisdata.in.gov/server/rest/services/Hosted/Fish_Access_RO/FeatureServer/0","notes":"Launch: Boat Ramp; Ramp: Concrete; Fee: No; Parking: PARKING_LOT; Motor: None; ADA: Yes","launch_type":"Boat Ramp","land_type":"Public Access Site","dnr_accessid":59,"id":"launch-0422"}},{"type":"Feature","geometry":{"type":"Point","coordinates":[-87.274087,41.219505]},"properties":{"name":"Kankakee River (Lake County Park Dept)","access":"public","lake":"Kankakee River","county":"Lake","lat":41.219505,"lng":-87.274087,"source":"Indiana DNR Fish & Wildlife \u2014 Fishing Access Sites","source_url":"https://gisdata.in.gov/server/rest/services/Hosted/Fish_Access_RO/FeatureServer/0","notes":"Launch: Boat Ramp; Ramp: Concrete; Fee: No; Parking: PARKING_LOT; Motor: None; ADA: Yes","launch_type":"Boat Ramp","land_type":"Public Access Site","dnr_accessid":166,"id":"launch-0423"}},{"type":"Feature","geometry":{"type":"Point","coordinates":[-86.0481,41.243361]},"properties":{"name":"Mollenhour","access":"public","lake":"Tippecanoe River","county":"Kosciusko","lat":41.243361,"lng":-86.0481,"source":"Indiana DNR Fish & Wildlife \u2014 Fishing Access Sites","source_url":"https://gisdata.in.gov/server/rest/services/Hosted/Fish_Access_RO/FeatureServer/0","notes":"Launch: Boat Ramp; Ramp: Concrete; Fee: No; Parking: PARKING_LOT; Motor: None; ADA: No","launch_type":"Boat Ramp","land_type":"Public Access Site","dnr_accessid":127,"id":"launch-0424"}},{"type":"Feature","geometry":{"type":"Point","coordinates":[-87.200809,39.455137]},"properties":{"name":"Little George Pit","access":"public","lake":"Little George Pit","county":"Clay","lat":39.455137,"lng":-87.200809,"source":"Indiana DNR Fish & Wildlife \u2014 Fishing Access Sites","source_url":"https://gisdata.in.gov/server/rest/services/Hosted/Fish_Access_RO/FeatureServer/0","notes":"Launch: Boat Ramp; Ramp:  ; Fee: No; Parking: PULL_OFF; Motor: Electric only; ADA: No","launch_type":"Boat Ramp","land_type":"Public Access Site","dnr_accessid":1095,"id":"launch-0425"}},{"type":"Feature","geometry":{"type":"Point","coordinates":[-85.970359,41.09346]},"properties":{"name":"Beaver Dam Lake","access":"public","lake":"Beaver Dam Lake","county":"Kosciusko","lat":41.09346,"lng":-85.970359,"source":"Indiana DNR Fish & Wildlife \u2014 Fishing Access Sites","source_url":"https://gisdata.in.gov/server/rest/services/Hosted/Fish_Access_RO/FeatureServer/0","notes":"Launch: Boat Ramp; Ramp: Concrete; Fee: No; Parking: PARKING_LOT; Motor: None; ADA: No","launch_type":"Boat Ramp","land_type":"Public Access Site","dnr_accessid":119,"id":"launch-0426"}},{"type":"Feature","geometry":{"type":"Point","coordinates":[-85.418551,41.334128]},"properties":{"name":"Miller Lake","access":"public","lake":"Miller Lake","county":"Noble","lat":41.334128,"lng":-85.418551,"source":"Indiana DNR Fish & Wildlife \u2014 Fishing Access Sites","source_url":"https://gisdata.in.gov/server/rest/services/Hosted/Fish_Access_RO/FeatureServer/0","notes":"Launch: Boat Ramp; Ramp:  ; Fee: Yes; Parking: PARKING_LOT; Motor: Electric only; ADA: No","launch_type":"Boat Ramp","land_type":"Public Access Site","dnr_accessid":840,"id":"launch-0427"}},{"type":"Feature","geometry":{"type":"Point","coordinates":[-87.221021,39.018969]},"properties":{"name":"Richards Pit (Greene-Sullivan)","access":"public","lake":"Richards Pit","county":"Greene","lat":39.018969,"lng":-87.221021,"source":"Indiana DNR Fish & Wildlife \u2014 Fishing Access Sites","source_url":"https://gisdata.in.gov/server/rest/services/Hosted/Fish_Access_RO/FeatureServer/0","notes":"Launch: Boat Ramp; Ramp:  ; Fee: Yes; Parking: PULL_OFF; Motor: Electric only; ADA: No","launch_type":"Boat Ramp","land_type":"Public Fishing Area","dnr_accessid":630,"id":"launch-0428"}},{"type":"Feature","geometry":{"type":"Point","coordinates":[-86.847414,38.225614]},"properties":{"name":"Old Ferdinand Lake","access":"public","lake":"Old Ferdinand Lake","county":"Dubois","lat":38.225614,"lng":-86.847414,"source":"Indiana DNR Fish & Wildlife \u2014 Fishing Access Sites","source_url":"https://gisdata.in.gov/server/rest/services/Hosted/Fish_Access_RO/FeatureServer/0","notes":"Launch: Boat Ramp; Ramp: Concrete; Fee: No; Parking: PARKING_LOT; Motor: Electric only; ADA: No","launch_type":"Boat Ramp","land_type":"Public Access Site","dnr_accessid":47,"id":"launch-0429"}},{"type":"Feature","geometry":{"type":"Point","coordinates":[-87.227889,38.967032]},"properties":{"name":"Shake 2 Pit (Greene-Sullivan)","access":"public","lake":"Shake 2 Pit","county":"Greene","lat":38.967032,"lng":-87.227889,"source":"Indiana DNR Fish & Wildlife \u2014 Fishing Access Sites","source_url":"https://gisdata.in.gov/server/rest/services/Hosted/Fish_Access_RO/FeatureServer/0","notes":"Launch: Boat Ramp; Ramp:  ; Fee: Yes; Parking: PULL_OFF; Motor: Electric only; ADA: No","launch_type":"Boat Ramp","land_type":"Public Fishing Area","dnr_accessid":831,"id":"launch-0430"}},{"type":"Feature","geometry":{"type":"Point","coordinates":[-85.169411,41.643821]},"properties":{"name":"West Otter Lake Public Access Site","access":"public","lake":"Otter Lake","county":"Steuben","lat":41.643821,"lng":-85.169411,"source":"Indiana DNR Fish & Wildlife \u2014 Fishing Access Sites","source_url":"https://gisdata.in.gov/server/rest/services/Hosted/Fish_Access_RO/FeatureServer/0","notes":"Launch: Boat Ramp; Ramp: Concrete; Fee: No; Parking: PARKING_LOT; Motor: None; ADA: Yes","launch_type":"Boat Ramp","land_type":"Public Access Site","dnr_accessid":337,"id":"launch-0431"}},{"type":"Feature","geometry":{"type":"Point","coordinates":[-87.458205,41.170241]},"properties":{"name":"LaSalle","access":"public","lake":"Kankakee River","county":"Newton","lat":41.170241,"lng":-87.458205,"source":"Indiana DNR Fish & Wildlife \u2014 Fishing Access Sites","source_url":"https://gisdata.in.gov/server/rest/services/Hosted/Fish_Access_RO/FeatureServer/0","notes":"Launch: Boat Ramp; Ramp: Concrete; Fee: No; Parking: PARKING_LOT; Motor: None; ADA: Yes","launch_type":"Boat Ramp","land_type":"Public Access Site","dnr_accessid":220,"id":"launch-0432"}},{"type":"Feature","geometry":{"type":"Point","coordinates":[-86.747848,41.610277]},"properties":{"name":"Stone Lake","access":"public","lake":"Stone Lake","county":"LaPorte","lat":41.610277,"lng":-86.747848,"source":"Indiana DNR Fish & Wildlife \u2014 Fishing Access Sites","source_url":"https://gisdata.in.gov/server/rest/services/Hosted/Fish_Access_RO/FeatureServer/0","notes":"Launch: Boat Ramp; Ramp: Concrete; Fee: No; Parking: PARKING_LOT; Motor: None; ADA: Yes","launch_type":"Boat Ramp","land_type":"Public Access Site","dnr_accessid":178,"id":"launch-0433"}},{"type":"Feature","geometry":{"type":"Point","coordinates":[-87.254037,39.029148]},"properties":{"name":"Apple Pit","access":"public","lake":"Apple Pit","county":"Sullivan","lat":39.029148,"lng":-87.254037,"source":"Indiana DNR Fish & Wildlife \u2014 Fishing Access Sites","source_url":"https://gisdata.in.gov/server/rest/services/Hosted/Fish_Access_RO/FeatureServer/0","notes":"Launch: Boat Ramp; Ramp:  ; Fee: Yes; Parking: PULL_OFF; Motor: Electric only; ADA: No","launch_type":"Boat Ramp","land_type":"Public Access Site","dnr_accessid":622,"id":"launch-0434"}},{"type":"Feature","geometry":{"type":"Point","coordinates":[-85.322917,41.695034]},"properties":{"name":"Pigeon River (Nasby Dam)","access":"public","lake":"Nasby Dam","county":"LaGrange","lat":41.695034,"lng":-85.322917,"source":"Indiana DNR Fish & Wildlife \u2014 Fishing Access Sites","source_url":"https://gisdata.in.gov/server/rest/services/Hosted/Fish_Access_RO/FeatureServer/0","notes":"Launch: Boat Ramp; Ramp:  ; Fee: No; Parking: PARKING_LOT; Motor: Electric only; ADA: No","launch_type":"Boat Ramp","land_type":"Public Access Site","dnr_accessid":154,"id":"launch-0435"}},{"type":"Feature","geometry":{"type":"Point","coordinates":[-86.567025,41.720818]},"properties":{"name":"Hudson Lake - Andrew L. Degroote","access":"public","lake":"Hudson Lake","county":"LaPorte","lat":41.720818,"lng":-86.567025,"source":"Indiana DNR Fish & Wildlife \u2014 Fishing Access Sites","source_url":"https://gisdata.in.gov/server/rest/services/Hosted/Fish_Access_RO/FeatureServer/0","notes":"Launch: Boat Ramp; Ramp: Concrete; Fee: No; Parking: PARKING_LOT; Motor: None; ADA: Yes","launch_type":"Boat Ramp","land_type":"Public Access Site","dnr_accessid":1008,"id":"launch-0436"}},{"type":"Feature","geometry":{"type":"Point","coordinates":[-86.015455,40.048678]},"properties":{"name":"Forest Park","access":"public","lake":"White River","county":"Hamilton","lat":40.048678,"lng":-86.015455,"source":"Indiana DNR Fish & Wildlife \u2014 Fishing Access Sites","source_url":"https://gisdata.in.gov/server/rest/services/Hosted/Fish_Access_RO/FeatureServer/0","notes":"Launch: Boat Ramp; Ramp: Concrete; Fee: No; Parking: PARKING_LOT; Motor: None; ADA: Yes","launch_type":"Boat Ramp","land_type":"Public Access Site","dnr_accessid":1009,"id":"launch-0437"}},{"type":"Feature","geometry":{"type":"Point","coordinates":[-87.127976,40.934098]},"properties":{"name":"Rensselaer (Laird's Landing)","access":"public","lake":"Iroquois River","county":"Jasper","lat":40.934098,"lng":-87.127976,"source":"Indiana DNR Fish & Wildlife \u2014 Fishing Access Sites","source_url":"https://gisdata.in.gov/server/rest/services/Hosted/Fish_Access_RO/FeatureServer/0","notes":"Launch: Boat Ramp; Ramp: Concrete; Fee: No; Parking: PARKING_LOT; Motor: None; ADA: No","launch_type":"Boat Ramp","land_type":"Public Access Site","dnr_accessid":1010,"id":"launch-0438"}},{"type":"Feature","geometry":{"type":"Point","coordinates":[-85.412867,41.577485]},"properties":{"name":"Oliver Lake","access":"public","lake":"Oliver Lake","county":"LaGrange","lat":41.577485,"lng":-85.412867,"source":"Indiana DNR Fish & Wildlife \u2014 Fishing Access Sites","source_url":"https://gisdata.in.gov/server/rest/services/Hosted/Fish_Access_RO/FeatureServer/0","notes":"Launch: Boat Ramp; Ramp: Concrete; Fee: No; Parking: PARKING_LOT; Motor: None; ADA: Yes","launch_type":"Boat Ramp","land_type":"Public Access Site","dnr_accessid":149,"id":"launch-0439"}},{"type":"Feature","geometry":{"type":"Point","coordinates":[-85.61697,38.961979]},"properties":{"name":"Crosley - Green Bridge Access Site","access":"public","lake":"Vernon Fork Muscatatuck River","county":"Jennings","lat":38.961979,"lng":-85.61697,"source":"Indiana DNR Fish & Wildlife \u2014 Fishing Access Sites","source_url":"https://gisdata.in.gov/server/rest/services/Hosted/Fish_Access_RO/FeatureServer/0","notes":"Launch: Boat Ramp; Ramp: Concrete; Fee: No; Parking: PARKING_LOT; Motor: None; ADA: No","launch_type":"Boat Ramp","land_type":"Public Access Site","dnr_accessid":101,"id":"launch-0440"}},{"type":"Feature","geometry":{"type":"Point","coordinates":[-85.383547,41.706846]},"properties":{"name":"Pigeon River (225 East)","access":"public","lake":"Pigeon River","county":"LaGrange","lat":41.706846,"lng":-85.383547,"source":"Indiana DNR Fish & Wildlife \u2014 Fishing Access Sites","source_url":"https://gisdata.in.gov/server/rest/services/Hosted/Fish_Access_RO/FeatureServer/0","notes":"Launch: Boat Ramp; Ramp:  ; Fee: No; Parking: PARKING_LOT; Motor: None; ADA: No","launch_type":"Boat Ramp","land_type":"Public Access Site","dnr_accessid":150,"id":"launch-0441"}},{"type":"Feature","geometry":{"type":"Point","coordinates":[-86.754973,40.754015]},"properties":{"name":"Monticello","access":"public","lake":"Tippecanoe River","county":"White","lat":40.754015,"lng":-86.754973,"source":"Indiana DNR Fish & Wildlife \u2014 Fishing Access Sites","source_url":"https://gisdata.in.gov/server/rest/services/Hosted/Fish_Access_RO/FeatureServer/0","notes":"Launch: Boat Ramp; Ramp: Concrete; Fee: No; Parking: PARKING_LOT; Motor: None; ADA: No","launch_type":"Boat Ramp","land_type":"Public Access Site","dnr_accessid":410,"id":"launch-0442"}},{"type":"Feature","geometry":{"type":"Point","coordinates":[-86.176242,41.662203]},"properties":{"name":"Central Park (Mishawaka)","access":"public","lake":"St. Joseph River","county":"St. Joseph","lat":41.662203,"lng":-86.176242,"source":"Indiana DNR Fish & Wildlife \u2014 Fishing Access Sites","source_url":"https://gisdata.in.gov/server/rest/services/Hosted/Fish_Access_RO/FeatureServer/0","notes":"Launch: Carry Down; Ramp:  ; Fee: No; Parking: PARKING_LOT; Motor: None; ADA: No","launch_type":"Carry Down","land_type":"Public Access Site","dnr_accessid":306,"id":"launch-0443"}},{"type":"Feature","geometry":{"type":"Point","coordinates":[-85.648763,41.227657]},"properties":{"name":"Deniston Natural Resources Area","access":"public","lake":"Robinson Lake","county":"Whitley","lat":41.227657,"lng":-85.648763,"source":"Indiana DNR Fish & Wildlife \u2014 Fishing Access Sites","source_url":"https://gisdata.in.gov/server/rest/services/Hosted/Fish_Access_RO/FeatureServer/0","notes":"Launch: Boat Ramp; Ramp: Gravel; Fee: No; Parking: PULL_OFF; Motor: None; ADA: No","launch_type":"Boat Ramp","land_type":"Public Access Site","dnr_accessid":412,"id":"launch-0444"}},{"type":"Feature","geometry":{"type":"Point","coordinates":[-86.775247,38.472012]},"properties":{"name":"Crystal Station","access":"public","lake":"Patoka River","county":"Dubois","lat":38.472012,"lng":-86.775247,"source":"Indiana DNR Fish & Wildlife \u2014 Fishing Access Sites","source_url":"https://gisdata.in.gov/server/rest/services/Hosted/Fish_Access_RO/FeatureServer/0","notes":"Launch: Boat Ramp; Ramp: Concrete; Fee: No; Parking: PULL_OFF; Motor: None; ADA: Yes","launch_type":"Boat Ramp","land_type":"Public Access Site","dnr_accessid":43,"id":"launch-0445"}},{"type":"Feature","geometry":{"type":"Point","coordinates":[-87.680712,37.961202]},"properties":{"name":"Reflection Lake","access":"public","lake":"Reflection Lake","county":"Vanderburg","lat":37.961202,"lng":-87.680712,"source":"Indiana DNR Fish & Wildlife \u2014 Fishing Access Sites","source_url":"https://gisdata.in.gov/server/rest/services/Hosted/Fish_Access_RO/FeatureServer/0","notes":"Launch: Carry Down; Ramp: None; Fee: No; Parking: PARKING_LOT; Motor: NA; ADA: No","launch_type":"Carry Down","land_type":"Public Fishing Area","dnr_accessid":373,"id":"launch-0446"}},{"type":"Feature","geometry":{"type":"Point","coordinates":[-87.243908,39.016625]},"properties":{"name":"Reservoir Number Twenty-six","access":"public","lake":"Reservoir Number Twenty-six","county":"Sullivan","lat":39.016625,"lng":-87.243908,"source":"Indiana DNR Fish & Wildlife \u2014 Fishing Access Sites","source_url":"https://gisdata.in.gov/server/rest/services/Hosted/Fish_Access_RO/FeatureServer/0","notes":"Launch: Boat Ramp; Ramp: Concrete; Fee: Yes; Parking: PARKING_LOT; Motor: Electric only; ADA: Yes","launch_type":"Boat Ramp","land_type":"Public Access Site","dnr_accessid":350,"id":"launch-0447"}},{"type":"Feature","geometry":{"type":"Point","coordinates":[-87.256629,38.396596]},"properties":{"name":"East Twin Pit","access":"public","lake":"East Twin Pit","county":"Pike","lat":38.396596,"lng":-87.256629,"source":"Indiana DNR Fish & Wildlife \u2014 Fishing Access Sites","source_url":"https://gisdata.in.gov/server/rest/services/Hosted/Fish_Access_RO/FeatureServer/0","notes":"Launch: Boat Ramp; Ramp: Concrete; Fee: No; Parking: PULL_OFF; Motor: Electric only; ADA: No","launch_type":"Boat Ramp","land_type":"Public Access Site","dnr_accessid":270,"id":"launch-0448"}},{"type":"Feature","geometry":{"type":"Point","coordinates":[-86.270652,41.757856]},"properties":{"name":"St. Patrick's Farm","access":"public","lake":"St. Joseph River","county":"St. Joseph","lat":41.757856,"lng":-86.270652,"source":"Indiana DNR Fish & Wildlife \u2014 Fishing Access Sites","source_url":"https://gisdata.in.gov/server/rest/services/Hosted/Fish_Access_RO/FeatureServer/0","notes":"Launch: Boat Ramp; Ramp: Concrete; Fee: Yes; Parking: PARKING_LOT; Motor: None; ADA: No","launch_type":"Boat Ramp","land_type":"Public Access Site","dnr_accessid":316,"id":"launch-0449"}},{"type":"Feature","geometry":{"type":"Point","coordinates":[-86.3953,40.487086]},"properties":{"name":"Burlington","access":"public","lake":"Wildcat Creek","county":"Carroll","lat":40.487086,"lng":-86.3953,"source":"Indiana DNR Fish & Wildlife \u2014 Fishing Access Sites","source_url":"https://gisdata.in.gov/server/rest/services/Hosted/Fish_Access_RO/FeatureServer/0","notes":"Launch: Carry Down; Ramp:  ; Fee: No; Parking: PARKING_LOT; Motor: None; ADA: No","launch_type":"Carry Down","land_type":"Public Access Site","dnr_accessid":480,"id":"launch-0450"}},{"type":"Feature","geometry":{"type":"Point","coordinates":[-87.196704,39.458613]},"properties":{"name":"South Worm Pit","access":"public","lake":"South Worm Pit","county":"Clay","lat":39.458613,"lng":-87.196704,"source":"Indiana DNR Fish & Wildlife \u2014 Fishing Access Sites","source_url":"https://gisdata.in.gov/server/rest/services/Hosted/Fish_Access_RO/FeatureServer/0","notes":"Launch: Boat Ramp; Ramp:  ; Fee: No; Parking: PARKING_LOT; Motor: Electric only; ADA: No","launch_type":"Boat Ramp","land_type":"Public Access Site","dnr_accessid":655,"id":"launch-0451"}},{"type":"Feature","geometry":{"type":"Point","coordinates":[-85.496705,41.331069]},"properties":{"name":"Wolf Lake","access":"public","lake":"Wolf Lake","county":"Noble","lat":41.331069,"lng":-85.496705,"source":"Indiana DNR Fish & Wildlife \u2014 Fishing Access Sites","source_url":"https://gisdata.in.gov/server/rest/services/Hosted/Fish_Access_RO/FeatureServer/0","notes":"Launch: Carry Down; Ramp:  ; Fee: No; Motor: None; ADA: No","launch_type":"Carry Down","land_type":"Public Access Site","dnr_accessid":855,"id":"launch-0452"}},{"type":"Feature","geometry":{"type":"Point","coordinates":[-87.396888,41.560751]},"properties":{"name":"Lake Etta County Park","access":"public","lake":"Little Calumet River","county":"Lake","lat":41.560751,"lng":-87.396888,"source":"Indiana DNR Fish & Wildlife \u2014 Fishing Access Sites","source_url":"https://gisdata.in.gov/server/rest/services/Hosted/Fish_Access_RO/FeatureServer/0","notes":"Launch: Carry Down; Ramp:  ; Fee: Yes; Parking: PULL_OFF; Motor: NA; ADA: No","launch_type":"Carry Down","land_type":"Public Access Site","dnr_accessid":929,"id":"launch-0453"}},{"type":"Feature","geometry":{"type":"Point","coordinates":[-87.40737,38.742391]},"properties":{"name":"White Oak State Fishing Area","access":"public","lake":"Little White Oak Lake","county":"Knox","lat":38.742391,"lng":-87.40737,"source":"Indiana DNR Fish & Wildlife \u2014 Fishing Access Sites","source_url":"https://gisdata.in.gov/server/rest/services/Hosted/Fish_Access_RO/FeatureServer/0","notes":"Launch: Boat Ramp; Ramp: Concrete; Fee: No; Parking: PARKING_LOT; Motor: Electric only; ADA: No","launch_type":"Boat Ramp","land_type":"Public Fishing Area","dnr_accessid":418,"id":"launch-0454"}},{"type":"Feature","geometry":{"type":"Point","coordinates":[-85.929063,38.973109]},"properties":{"name":"Bell Ford","access":"public","lake":"East Fork White River","county":"Jackson","lat":38.973109,"lng":-85.929063,"source":"Indiana DNR Fish & Wildlife \u2014 Fishing Access Sites","source_url":"https://gisdata.in.gov/server/rest/services/Hosted/Fish_Access_RO/FeatureServer/0","notes":"Launch: Boat Ramp; Ramp: Concrete; Fee: No; Parking: PARKING_LOT; Motor: None; ADA: No","launch_type":"Boat Ramp","land_type":"Public Access Site","dnr_accessid":90,"id":"launch-0455"}},{"type":"Feature","geometry":{"type":"Point","coordinates":[-87.56111,38.00696]},"properties":{"name":"Pigeon River (Evansville Parks & Rec)","access":"public","lake":"Pigeon River","county":"Vanderburg","lat":38.00696,"lng":-87.56111,"source":"Indiana DNR Fish & Wildlife \u2014 Fishing Access Sites","source_url":"https://gisdata.in.gov/server/rest/services/Hosted/Fish_Access_RO/FeatureServer/0","notes":"Launch: Boat Ramp; Ramp:  ; Fee: No; Parking: PARKING_LOT; Motor: None; ADA: No","launch_type":"Boat Ramp","land_type":"Public Access Site","dnr_accessid":372,"id":"launch-0456"}},{"type":"Feature","geometry":{"type":"Point","coordinates":[-86.139236,41.153667]},"properties":{"name":"Talma","access":"public","lake":"Tippecanoe River","county":"Fulton","lat":41.153667,"lng":-86.139236,"source":"Indiana DNR Fish & Wildlife \u2014 Fishing Access Sites","source_url":"https://gisdata.in.gov/server/rest/services/Hosted/Fish_Access_RO/FeatureServer/0","notes":"Launch: Boat Ramp; Ramp: Concrete; Fee: No; Parking: PARKING_LOT; Motor: None; ADA: No","launch_type":"Boat Ramp","land_type":"Public Access Site","dnr_accessid":67,"id":"launch-0457"}},{"type":"Feature","geometry":{"type":"Point","coordinates":[-85.560324,41.39787]},"properties":{"name":"Sparta Lake","access":"public","lake":"Sparta Lake","county":"Noble","lat":41.39787,"lng":-85.560324,"source":"Indiana DNR Fish & Wildlife \u2014 Fishing Access Sites","source_url":"https://gisdata.in.gov/server/rest/services/Hosted/Fish_Access_RO/FeatureServer/0","notes":"Launch: Boat Ramp; Ramp:  ; Fee: No; Parking: PARKING_LOT; Motor: None; ADA: Yes","launch_type":"Boat Ramp","land_type":"Public Access Site","dnr_accessid":240,"id":"launch-0458"}},{"type":"Feature","geometry":{"type":"Point","coordinates":[-87.179969,38.28047]},"properties":{"name":"Cattail Pit","access":"public","lake":"Cattail Pit","county":"Pike","lat":38.28047,"lng":-87.179969,"source":"Indiana DNR Fish & Wildlife \u2014 Fishing Access Sites","source_url":"https://gisdata.in.gov/server/rest/services/Hosted/Fish_Access_RO/FeatureServer/0","notes":"Launch: Boat Ramp; Ramp: Concrete; Fee: No; Parking: PULL_OFF; Motor: Electric only; ADA: No","launch_type":"Boat Ramp","land_type":"Public Access Site","dnr_accessid":268,"id":"launch-0459"}},{"type":"Feature","geometry":{"type":"Point","coordinates":[-85.418581,41.335327]},"properties":{"name":"Norman Lake","access":"public","lake":"Norman Lake","county":"Noble","lat":41.335327,"lng":-85.418581,"source":"Indiana DNR Fish & Wildlife \u2014 Fishing Access Sites","source_url":"https://gisdata.in.gov/server/rest/services/Hosted/Fish_Access_RO/FeatureServer/0","notes":"Launch: Boat Ramp; Ramp:  ; Fee: Yes; Parking: PARKING_LOT; Motor: Electric only; ADA: No","launch_type":"Boat Ramp","land_type":"Public Access Site","dnr_accessid":841,"id":"launch-0460"}},{"type":"Feature","geometry":{"type":"Point","coordinates":[-85.438331,41.243893]},"properties":{"name":"Round Lake/Cedar Lake","access":"public","lake":"Round Lake","county":"Whitley","lat":41.243893,"lng":-85.438331,"source":"Indiana DNR Fish & Wildlife \u2014 Fishing Access Sites","source_url":"https://gisdata.in.gov/server/rest/services/Hosted/Fish_Access_RO/FeatureServer/0","notes":"Launch: Boat Ramp; Ramp: Concrete; Fee: No; Parking: PARKING_LOT; Motor: None; ADA: Yes","launch_type":"Boat Ramp","land_type":"Public Access Site","dnr_accessid":416,"id":"launch-0461"}},{"type":"Feature","geometry":{"type":"Point","coordinates":[-86.046502,38.766499]},"properties":{"name":"Low Water Bridge","access":"public","lake":"Muscatatuck River","county":"Jackson","lat":38.766499,"lng":-86.046502,"source":"Indiana DNR Fish & Wildlife \u2014 Fishing Access Sites","source_url":"https://gisdata.in.gov/server/rest/services/Hosted/Fish_Access_RO/FeatureServer/0","notes":"Launch: Boat Ramp; Ramp: Concrete; Fee: No; Parking: PARKING_LOT; Motor: None; ADA: Yes","launch_type":"Boat Ramp","land_type":"Public Access Site","dnr_accessid":93,"id":"launch-0462"}},{"type":"Feature","geometry":{"type":"Point","coordinates":[-85.668315,40.104301]},"properties":{"name":"Edgewater Park","access":"public","lake":"White River","county":"Madison","lat":40.104301,"lng":-85.668315,"source":"Indiana DNR Fish & Wildlife \u2014 Fishing Access Sites","source_url":"https://gisdata.in.gov/server/rest/services/Hosted/Fish_Access_RO/FeatureServer/0","notes":"Launch: Carry Down; Ramp:  ; Fee: No; Parking: PARKING_LOT; Motor: NA; ADA: No","launch_type":"Carry Down","land_type":"Public Access Site","dnr_accessid":425,"id":"launch-0463"}},{"type":"Feature","geometry":{"type":"Point","coordinates":[-86.14124,39.878662]},"properties":{"name":"Indianapolis Arts Center","access":"public","lake":"White River","county":"Marion","lat":39.878662,"lng":-86.14124,"source":"Indiana DNR Fish & Wildlife \u2014 Fishing Access Sites","source_url":"https://gisdata.in.gov/server/rest/services/Hosted/Fish_Access_RO/FeatureServer/0","notes":"Launch: Carry Down; Ramp:  ; Fee: No; Parking: PARKING_LOT; Motor: NA; ADA: No","launch_type":"Carry Down","land_type":"Public Access Site","dnr_accessid":468,"id":"launch-0464"}},{"type":"Feature","geometry":{"type":"Point","coordinates":[-85.683991,40.811867]},"properties":{"name":"Tailwater","access":"public","lake":"Salamonie River","county":"Wabash","lat":40.811867,"lng":-85.683991,"source":"Indiana DNR Fish & Wildlife \u2014 Fishing Access Sites","source_url":"https://gisdata.in.gov/server/rest/services/Hosted/Fish_Access_RO/FeatureServer/0","notes":"Launch: Boat Ramp; Ramp: Gravel; Fee: Yes; Parking: PARKING_LOT; Motor: None; ADA: No","launch_type":"Boat Ramp","land_type":"Public Access Site","dnr_accessid":393,"id":"launch-0465"}},{"type":"Feature","geometry":{"type":"Point","coordinates":[-86.357072,39.498712]},"properties":{"name":"Henderson Bridge","access":"public","lake":"White River","county":"Morgan","lat":39.498712,"lng":-86.357072,"source":"Indiana DNR Fish & Wildlife \u2014 Fishing Access Sites","source_url":"https://gisdata.in.gov/server/rest/services/Hosted/Fish_Access_RO/FeatureServer/0","notes":"Launch: Boat Ramp; Ramp: Concrete; Fee: No; Parking: PARKING_LOT; Motor: None; ADA: Yes","launch_type":"Boat Ramp","land_type":"Public Access Site","dnr_accessid":214,"id":"launch-0466"}},{"type":"Feature","geometry":{"type":"Point","coordinates":[-86.745898,41.317466]},"properties":{"name":"Kankakee River","access":"public","lake":"Kankakee River","county":"LaPorte","lat":41.317466,"lng":-86.745898,"source":"Indiana DNR Fish & Wildlife \u2014 Fishing Access Sites","source_url":"https://gisdata.in.gov/server/rest/services/Hosted/Fish_Access_RO/FeatureServer/0","notes":"Launch: Boat Ramp; Ramp:  ; Fee: No; Parking: PARKING_LOT; Motor: None; ADA: No","launch_type":"Boat Ramp","land_type":"Public Access Site","dnr_accessid":176,"id":"launch-0467"}},{"type":"Feature","geometry":{"type":"Point","coordinates":[-85.317802,41.435075]},"properties":{"name":"Sacarider Lake","access":"public","lake":"Sacarider Lake","county":"Noble","lat":41.435075,"lng":-85.317802,"source":"Indiana DNR Fish & Wildlife \u2014 Fishing Access Sites","source_url":"https://gisdata.in.gov/server/rest/services/Hosted/Fish_Access_RO/FeatureServer/0","notes":"Launch: Boat Ramp; Ramp: Concrete; Fee: No; Parking: PARKING_LOT; Motor: None; ADA: Yes","launch_type":"Boat Ramp","land_type":"Public Access Site","dnr_accessid":236,"id":"launch-0468"}},{"type":"Feature","geometry":{"type":"Point","coordinates":[-85.508678,39.04822]},"properties":{"name":"Brush Creek Reservoir","access":"public","lake":"Brush Creek Reservoir","county":"Jennings","lat":39.04822,"lng":-85.508678,"source":"Indiana DNR Fish & Wildlife \u2014 Fishing Access Sites","source_url":"https://gisdata.in.gov/server/rest/services/Hosted/Fish_Access_RO/FeatureServer/0","notes":"Launch: Boat Ramp; Ramp: Concrete; Fee: No; Parking: PARKING_LOT; Motor: <10hp; ADA: No","launch_type":"Boat Ramp","land_type":"Public Access Site","dnr_accessid":99,"id":"launch-0469"}},{"type":"Feature","geometry":{"type":"Point","coordinates":[-87.149723,39.116881]},"properties":{"name":"Shelter Lake","access":"public","lake":"Shelter Lake","county":"Greene","lat":39.116881,"lng":-87.149723,"source":"Indiana DNR Fish & Wildlife \u2014 Fishing Access Sites","source_url":"https://gisdata.in.gov/server/rest/services/Hosted/Fish_Access_RO/FeatureServer/0","notes":"Launch: Boat Ramp; Ramp: Gravel; Fee: No; Parking: PARKING_LOT; Motor: Electric only; ADA: No","launch_type":"Boat Ramp","land_type":"Public Access Site","dnr_accessid":563,"id":"launch-0470"}},{"type":"Feature","geometry":{"type":"Point","coordinates":[-85.215335,41.593052]},"properties":{"name":"Little Turkey Lake","access":"public","lake":"Little Turkey Lake","county":"LaGrange","lat":41.593052,"lng":-85.215335,"source":"Indiana DNR Fish & Wildlife \u2014 Fishing Access Sites","source_url":"https://gisdata.in.gov/server/rest/services/Hosted/Fish_Access_RO/FeatureServer/0","notes":"Launch: Boat Ramp; Ramp: Concrete; Fee: No; Parking: PARKING_LOT; Motor: None; ADA: Yes","launch_type":"Boat Ramp","land_type":"Public Access Site","dnr_accessid":147,"id":"launch-0471"}},{"type":"Feature","geometry":{"type":"Point","coordinates":[-85.841215,41.2485]},"properties":{"name":"Pike Lake","access":"public","lake":"Pike Lake","county":"Kosciusko","lat":41.2485,"lng":-85.841215,"source":"Indiana DNR Fish & Wildlife \u2014 Fishing Access Sites","source_url":"https://gisdata.in.gov/server/rest/services/Hosted/Fish_Access_RO/FeatureServer/0","notes":"Launch: Boat Ramp; Ramp: Concrete; Fee: No; Parking: PARKING_LOT; Motor: None; ADA: No","launch_type":"Boat Ramp","land_type":"Public Access Site","dnr_accessid":129,"id":"launch-0472"}},{"type":"Feature","geometry":{"type":"Point","coordinates":[-87.258402,38.354252]},"properties":{"name":"Pigeon Pit","access":"public","lake":"Pigeon Pit","county":"Pike","lat":38.354252,"lng":-87.258402,"source":"Indiana DNR Fish & Wildlife \u2014 Fishing Access Sites","source_url":"https://gisdata.in.gov/server/rest/services/Hosted/Fish_Access_RO/FeatureServer/0","notes":"Launch: Boat Ramp; Ramp: Concrete; Fee: No; Parking: PARKING_LOT; Motor: Electric only; ADA: No","launch_type":"Boat Ramp","land_type":"Public Access Site","dnr_accessid":272,"id":"launch-0473"}},{"type":"Feature","geometry":{"type":"Point","coordinates":[-85.901943,41.631754]},"properties":{"name":"Ox Bow Park Canoe Launch","access":"public","lake":"Elkhart River","county":"Elkhart","lat":41.631754,"lng":-85.901943,"source":"Indiana DNR Fish & Wildlife \u2014 Fishing Access Sites","source_url":"https://gisdata.in.gov/server/rest/services/Hosted/Fish_Access_RO/FeatureServer/0","notes":"Launch: Carry Down; Ramp:  ; Fee: Yes; Parking: PARKING_LOT; Motor: None; ADA: No","launch_type":"Carry Down","land_type":"Public Access Site","dnr_accessid":529,"id":"launch-0474"}},{"type":"Feature","geometry":{"type":"Point","coordinates":[-85.504348,41.438264]},"properties":{"name":"Mallard Roost #2","access":"public","lake":"Elkhart River","county":"Noble","lat":41.438264,"lng":-85.504348,"source":"Indiana DNR Fish & Wildlife \u2014 Fishing Access Sites","source_url":"https://gisdata.in.gov/server/rest/services/Hosted/Fish_Access_RO/FeatureServer/0","notes":"Launch: Boat Ramp; Ramp: Concrete; Fee: No; Parking: PARKING_LOT; Motor: None; ADA: No","launch_type":"Boat Ramp","land_type":"Public Access Site","dnr_accessid":234,"id":"launch-0475"}},{"type":"Feature","geometry":{"type":"Point","coordinates":[-87.23863,38.968975]},"properties":{"name":"Todd PIt (Greene-Sullivan)","access":"public","lake":"Todd Pit","county":"Greene","lat":38.968975,"lng":-87.23863,"source":"Indiana DNR Fish & Wildlife \u2014 Fishing Access Sites","source_url":"https://gisdata.in.gov/server/rest/services/Hosted/Fish_Access_RO/FeatureServer/0","notes":"Launch: Boat Ramp; Ramp:  ; Fee: Yes; Parking: PARKING_LOT; Motor: Electric only; ADA: No","launch_type":"Boat Ramp","land_type":"Public Access Site","dnr_accessid":827,"id":"launch-0476"}},{"type":"Feature","geometry":{"type":"Point","coordinates":[-86.698862,40.592137]},"properties":{"name":"Pittsburg Public Access Site","access":"public","lake":"Wabash River","county":"Carroll","lat":40.592137,"lng":-86.698862,"source":"Indiana DNR Fish & Wildlife \u2014 Fishing Access Sites","source_url":"https://gisdata.in.gov/server/rest/services/Hosted/Fish_Access_RO/FeatureServer/0","notes":"Launch: Boat Ramp; Ramp:  ; Fee: no; Parking: PARKING_LOT; Motor: NA; ADA: Yes","launch_type":"Boat Ramp","land_type":"Public Access Site","dnr_accessid":1015,"id":"launch-0477"}},{"type":"Feature","geometry":{"type":"Point","coordinates":[-87.392854,41.516305]},"properties":{"name":"Riggle Lake (Lake Co. Park Dept)","access":"public","lake":"Riggle Lake","county":"Lake","lat":41.516305,"lng":-87.392854,"source":"Indiana DNR Fish & Wildlife \u2014 Fishing Access Sites","source_url":"https://gisdata.in.gov/server/rest/services/Hosted/Fish_Access_RO/FeatureServer/0","notes":"Launch: Carry Down; Ramp:  ; Fee: Yes; Parking: PARKING_LOT; Motor: Electric only; ADA: No","launch_type":"Carry Down","land_type":"Public Fishing Area","dnr_accessid":168,"id":"launch-0478"}},{"type":"Feature","geometry":{"type":"Point","coordinates":[-86.795249,38.012501]},"properties":{"name":"Anderson River","access":"public","lake":"Anderson River","county":"Perry","lat":38.012501,"lng":-86.795249,"source":"Indiana DNR Fish & Wildlife \u2014 Fishing Access Sites","source_url":"https://gisdata.in.gov/server/rest/services/Hosted/Fish_Access_RO/FeatureServer/0","notes":"Launch: Boat Ramp; Ramp: Concrete; Fee: No; Parking: PARKING_LOT; Motor: None; ADA: No","launch_type":"Boat Ramp","land_type":"Public Access Site","dnr_accessid":255,"id":"launch-0479"}},{"type":"Feature","geometry":{"type":"Point","coordinates":[-87.249359,38.976847]},"properties":{"name":"Hackberry Pit","access":"public","lake":"Hackberry Pit","county":"Sullivan","lat":38.976847,"lng":-87.249359,"source":"Indiana DNR Fish & Wildlife \u2014 Fishing Access Sites","source_url":"https://gisdata.in.gov/server/rest/services/Hosted/Fish_Access_RO/FeatureServer/0","notes":"Launch: Boat Ramp; Ramp:  ; Fee: Yes; Parking: PARKING_LOT; Motor: Electric only; ADA: No","launch_type":"Boat Ramp","land_type":"Public Access Site","dnr_accessid":656,"id":"launch-0480"}},{"type":"Feature","geometry":{"type":"Point","coordinates":[-86.747414,37.909859]},"properties":{"name":"Cannelton","access":"public","lake":"Ohio River","county":"Perry","lat":37.909859,"lng":-86.747414,"source":"Indiana DNR Fish & Wildlife \u2014 Fishing Access Sites","source_url":"https://gisdata.in.gov/server/rest/services/Hosted/Fish_Access_RO/FeatureServer/0","notes":"Launch: Boat Ramp; Ramp:  ; Fee: No; Parking: PARKING_LOT; Motor: None; ADA: Yes","launch_type":"Boat Ramp","land_type":"Public Access Site","dnr_accessid":433,"id":"launch-0481"}},{"type":"Feature","geometry":{"type":"Point","coordinates":[-87.327472,38.194397]},"properties":{"name":"Lynnville Park Lake","access":"public","lake":"Lynnville Park Lake","county":"Warrick","lat":38.194397,"lng":-87.327472,"source":"Indiana DNR Fish & Wildlife \u2014 Fishing Access Sites","source_url":"https://gisdata.in.gov/server/rest/services/Hosted/Fish_Access_RO/FeatureServer/0","notes":"Launch: Boat Ramp; Ramp: Concrete; Fee: Yes; Parking: PARKING_LOT; Motor: None; ADA: No","launch_type":"Boat Ramp","land_type":"Public Access Site","dnr_accessid":444,"id":"launch-0482"}},{"type":"Feature","geometry":{"type":"Point","coordinates":[-85.135233,41.515213]},"properties":{"name":"Story Lake","access":"public","lake":"Story Lake","county":"DeKalb","lat":41.515213,"lng":-85.135233,"source":"Indiana DNR Fish & Wildlife \u2014 Fishing Access Sites","source_url":"https://gisdata.in.gov/server/rest/services/Hosted/Fish_Access_RO/FeatureServer/0","notes":"Launch: Boat Ramp; Ramp:  ; Fee: No; Parking: PARKING_LOT; Motor: None; ADA: Yes","launch_type":"Boat Ramp","land_type":"Public Access Site","dnr_accessid":453,"id":"launch-0483"}},{"type":"Feature","geometry":{"type":"Point","coordinates":[-85.974851,41.747645]},"properties":{"name":"Simonton Lake","access":"public","lake":"Simonton Lake","county":"Elkhart","lat":41.747645,"lng":-85.974851,"source":"Indiana DNR Fish & Wildlife \u2014 Fishing Access Sites","source_url":"https://gisdata.in.gov/server/rest/services/Hosted/Fish_Access_RO/FeatureServer/0","notes":"Launch: Boat Ramp; Ramp: Concrete; Fee: No; Motor: None; ADA: No","launch_type":"Boat Ramp","land_type":"Public Access Site","dnr_accessid":55,"id":"launch-0484"}},{"type":"Feature","geometry":{"type":"Point","coordinates":[-87.251409,38.397256]},"properties":{"name":"Dogleg Pit","access":"public","lake":"Dogleg Pit","county":"Pike","lat":38.397256,"lng":-87.251409,"source":"Indiana DNR Fish & Wildlife \u2014 Fishing Access Sites","source_url":"https://gisdata.in.gov/server/rest/services/Hosted/Fish_Access_RO/FeatureServer/0","notes":"Launch: Boat Ramp; Ramp: Concrete; Fee: No; Parking: PULL_OFF; Motor: Electric only; ADA: No","launch_type":"Boat Ramp","land_type":"Public Access Site","dnr_accessid":269,"id":"launch-0485"}},{"type":"Feature","geometry":{"type":"Point","coordinates":[-85.048147,41.655857]},"properties":{"name":"Loon Lake","access":"public","lake":"Loon Lake","county":"Steuben","lat":41.655857,"lng":-85.048147,"source":"Indiana DNR Fish & Wildlife \u2014 Fishing Access Sites","source_url":"https://gisdata.in.gov/server/rest/services/Hosted/Fish_Access_RO/FeatureServer/0","notes":"Launch: Boat Ramp; Ramp: Concrete; Fee: No; Parking: PARKING_LOT; Motor: None; ADA: Yes","launch_type":"Boat Ramp","land_type":"Public Access Site","dnr_accessid":335,"id":"launch-0486"}},{"type":"Feature","geometry":{"type":"Point","coordinates":[-85.557759,41.270789]},"properties":{"name":"Old Lake","access":"public","lake":"Old Lake","county":"Whitley","lat":41.270789,"lng":-85.557759,"source":"Indiana DNR Fish & Wildlife \u2014 Fishing Access Sites","source_url":"https://gisdata.in.gov/server/rest/services/Hosted/Fish_Access_RO/FeatureServer/0","notes":"Launch: Boat Ramp; Ramp: Concrete; Fee: No; Parking: PARKING_LOT; Motor: None; ADA: Yes","launch_type":"Boat Ramp","land_type":"Public Access Site","dnr_accessid":415,"id":"launch-0487"}},{"type":"Feature","geometry":{"type":"Point","coordinates":[-87.178296,38.28351]},"properties":{"name":"Fox Pit","access":"public","lake":"Fox Pit","county":"Pike","lat":38.28351,"lng":-87.178296,"source":"Indiana DNR Fish & Wildlife \u2014 Fishing Access Sites","source_url":"https://gisdata.in.gov/server/rest/services/Hosted/Fish_Access_RO/FeatureServer/0","notes":"Launch: Boat Ramp; Ramp: Other; Fee: No; Parking: PARKING_LOT; Motor: Electric only; ADA: No","launch_type":"Boat Ramp","land_type":"Public Access Site","dnr_accessid":524,"id":"launch-0488"}},{"type":"Feature","geometry":{"type":"Point","coordinates":[-85.151277,41.081462]},"properties":{"name":"Guldlin Park","access":"public","lake":"St. Marys River","county":"Allen","lat":41.081462,"lng":-85.151277,"source":"Indiana DNR Fish & Wildlife \u2014 Fishing Access Sites","source_url":"https://gisdata.in.gov/server/rest/services/Hosted/Fish_Access_RO/FeatureServer/0","notes":"Launch: Boat Ramp; Ramp: Concrete; Fee: No; Parking: PARKING_LOT; Motor: None; ADA: Yes","launch_type":"Boat Ramp","land_type":"Public Access Site","dnr_accessid":3,"id":"launch-0489"}},{"type":"Feature","geometry":{"type":"Point","coordinates":[-86.166011,38.773766]},"properties":{"name":"White-Muscatatuck","access":"public","lake":"Muscatatuck River","county":"Washington","lat":38.773766,"lng":-86.166011,"source":"Indiana DNR Fish & Wildlife \u2014 Fishing Access Sites","source_url":"https://gisdata.in.gov/server/rest/services/Hosted/Fish_Access_RO/FeatureServer/0","notes":"Launch: Boat Ramp; Ramp: Concrete; Fee: No; Parking: PARKING_LOT; Motor: None; ADA: Yes","launch_type":"Boat Ramp","land_type":"Public Access Site","dnr_accessid":405,"id":"launch-0490"}},{"type":"Feature","geometry":{"type":"Point","coordinates":[-87.148304,39.10725]},"properties":{"name":"Front Lake","access":"public","lake":"Front Lake","county":"Greene","lat":39.10725,"lng":-87.148304,"source":"Indiana DNR Fish & Wildlife \u2014 Fishing Access Sites","source_url":"https://gisdata.in.gov/server/rest/services/Hosted/Fish_Access_RO/FeatureServer/0","notes":"Launch: Boat Ramp; Ramp: Gravel; Fee: No; Parking: PARKING_LOT; Motor: Electric only; ADA: No","launch_type":"Boat Ramp","land_type":"Public Access Site","dnr_accessid":561,"id":"launch-0491"}},{"type":"Feature","geometry":{"type":"Point","coordinates":[-84.907564,40.817806]},"properties":{"name":"Kekionga Park Lake","access":"public","lake":"Kekionga Park Lake","county":"Adams","lat":40.817806,"lng":-84.907564,"source":"Indiana DNR Fish & Wildlife \u2014 Fishing Access Sites","source_url":"https://gisdata.in.gov/server/rest/services/Hosted/Fish_Access_RO/FeatureServer/0","notes":"Launch: Carry Down; Ramp:  ; Fee: No; Parking: PARKING_LOT; Motor: Electric only; ADA: No","launch_type":"Carry Down","land_type":"Public Fishing Area","dnr_accessid":966,"id":"launch-0492"}},{"type":"Feature","geometry":{"type":"Point","coordinates":[-86.7451,39.281447]},"properties":{"name":"Spencer","access":"public","lake":"White River","county":"Owen","lat":39.281447,"lng":-86.7451,"source":"Indiana DNR Fish & Wildlife \u2014 Fishing Access Sites","source_url":"https://gisdata.in.gov/server/rest/services/Hosted/Fish_Access_RO/FeatureServer/0","notes":"Launch: Boat Ramp; Ramp:  ; Fee: No; Parking: PARKING_LOT; Motor: None; ADA: No","launch_type":"Boat Ramp","land_type":"Public Access Site","dnr_accessid":250,"id":"launch-0493"}},{"type":"Feature","geometry":{"type":"Point","coordinates":[-87.345816,39.067281]},"properties":{"name":"Fox Lake","access":"public","lake":"Fox Lake","county":"Sullivan","lat":39.067281,"lng":-87.345816,"source":"Indiana DNR Fish & Wildlife \u2014 Fishing Access Sites","source_url":"https://gisdata.in.gov/server/rest/services/Hosted/Fish_Access_RO/FeatureServer/0","notes":"Launch: Boat Ramp; Ramp:  ; Fee: Yes; Parking: PARKING_LOT; Motor: Electric only; ADA: No","launch_type":"Boat Ramp","land_type":"Public Access Site","dnr_accessid":573,"id":"launch-0494"}},{"type":"Feature","geometry":{"type":"Point","coordinates":[-85.522631,41.458568]},"properties":{"name":"Mallard Roost #1","access":"public","lake":"Elkhart River","county":"Noble","lat":41.458568,"lng":-85.522631,"source":"Indiana DNR Fish & Wildlife \u2014 Fishing Access Sites","source_url":"https://gisdata.in.gov/server/rest/services/Hosted/Fish_Access_RO/FeatureServer/0","notes":"Launch: Boat Ramp; Ramp: Concrete; Fee: No; Parking: PULL_OFF; Motor: None; ADA: No","launch_type":"Boat Ramp","land_type":"Public Access Site","dnr_accessid":233,"id":"launch-0495"}},{"type":"Feature","geometry":{"type":"Point","coordinates":[-85.008131,41.727925]},"properties":{"name":"Big Otter Lake","access":"public","lake":"Big Otter Lake","county":"Steuben","lat":41.727925,"lng":-85.008131,"source":"Indiana DNR Fish & Wildlife \u2014 Fishing Access Sites","source_url":"https://gisdata.in.gov/server/rest/services/Hosted/Fish_Access_RO/FeatureServer/0","notes":"Launch: Boat Ramp; Ramp: Concrete; Fee: No; Parking: PARKING_LOT; Motor: None; ADA: Yes","launch_type":"Boat Ramp","land_type":"Public Access Site","dnr_accessid":326,"id":"launch-0496"}},{"type":"Feature","geometry":{"type":"Point","coordinates":[-86.027383,40.857495]},"properties":{"name":"Chili Canoe Site","access":"public","lake":"Eel River","county":"Miami","lat":40.857495,"lng":-86.027383,"source":"Indiana DNR Fish & Wildlife \u2014 Fishing Access Sites","source_url":"https://gisdata.in.gov/server/rest/services/Hosted/Fish_Access_RO/FeatureServer/0","notes":"Launch: Carry Down; Fee: No; Motor: NA; ADA: No","launch_type":"Carry Down","land_type":"Public Access Site","dnr_accessid":1017,"id":"launch-0497"}},{"type":"Feature","geometry":{"type":"Point","coordinates":[-87.182327,39.017085]},"properties":{"name":"Thousand Islands","access":"public","lake":"Thousand Islands Lake","county":"Greene","lat":39.017085,"lng":-87.182327,"source":"Indiana DNR Fish & Wildlife \u2014 Fishing Access Sites","source_url":"https://gisdata.in.gov/server/rest/services/Hosted/Fish_Access_RO/FeatureServer/0","notes":"Launch: Boat Ramp; Ramp: Concrete; Fee: No; Parking: PARKING_LOT; Motor: Electric only; ADA: Yes","launch_type":"Boat Ramp","land_type":"Public Access Site","dnr_accessid":1018,"id":"launch-0498"}},{"type":"Feature","geometry":{"type":"Point","coordinates":[-85.074027,41.167686]},"properties":{"name":"Mayhew Bridge","access":"public","lake":"St. Joseph River","county":"Allen","lat":41.167686,"lng":-85.074027,"source":"Indiana DNR Fish & Wildlife \u2014 Fishing Access Sites","source_url":"https://gisdata.in.gov/server/rest/services/Hosted/Fish_Access_RO/FeatureServer/0","notes":"Launch: Boat Ramp; Ramp: Concrete; Fee: No; ADA: Yes","launch_type":"Boat Ramp","land_type":"Public Access Site","dnr_accessid":1019,"id":"launch-0499"}},{"type":"Feature","geometry":{"type":"Point","coordinates":[-86.929943,41.554697]},"properties":{"name":"Westville","access":"public","lake":"Clear Lake","county":"LaPorte","lat":41.554697,"lng":-86.929943,"source":"Indiana DNR Fish & Wildlife \u2014 Fishing Access Sites","source_url":"https://gisdata.in.gov/server/rest/services/Hosted/Fish_Access_RO/FeatureServer/0","notes":"Launch: Boat Ramp; Ramp: Concrete; Fee: No; Parking: PARKING_LOT; ADA: Yes","launch_type":"Boat Ramp","land_type":"Public Access Site","dnr_accessid":1020,"id":"launch-0500"}},{"type":"Feature","geometry":{"type":"Point","coordinates":[-85.59532,40.870334]},"properties":{"name":"Andrews","access":"public","lake":"Wabash River","county":"Huntington","lat":40.870334,"lng":-85.59532,"source":"Indiana DNR Fish & Wildlife \u2014 Fishing Access Sites","source_url":"https://gisdata.in.gov/server/rest/services/Hosted/Fish_Access_RO/FeatureServer/0","notes":"Launch: Carry Down; Ramp: N/A; Fee: No; Parking: PARKING_LOT; ADA: No","launch_type":"Carry Down","land_type":"Public Access Site","dnr_accessid":1021,"id":"launch-0501"}},{"type":"Feature","geometry":{"type":"Point","coordinates":[-86.111759,40.483371]},"properties":{"name":"Waterworks Park","access":"public","lake":"Wildcat Creek","county":"Howard","lat":40.483371,"lng":-86.111759,"source":"Indiana DNR Fish & Wildlife \u2014 Fishing Access Sites","source_url":"https://gisdata.in.gov/server/rest/services/Hosted/Fish_Access_RO/FeatureServer/0","notes":"Launch: Boat Ramp; Ramp: Concrete; Fee: No; ADA: No","launch_type":"Boat Ramp","land_type":"Public Access Site","dnr_accessid":1022,"id":"launch-0502"}},{"type":"Feature","geometry":{"type":"Point","coordinates":[-86.76165,40.444269]},"properties":{"name":"Mis-So-La","access":"public","lake":"Wildcat Creek","county":"Tippcanoe","lat":40.444269,"lng":-86.76165,"source":"Indiana DNR Fish & Wildlife \u2014 Fishing Access Sites","source_url":"https://gisdata.in.gov/server/rest/services/Hosted/Fish_Access_RO/FeatureServer/0","notes":"Launch: Carry Down; Fee: No; Parking: PULL_OFF; Motor: NA; ADA: No","launch_type":"Carry Down","land_type":"Public Access Site","dnr_accessid":1023,"id":"launch-0503"}},{"type":"Feature","geometry":{"type":"Point","coordinates":[-86.829908,40.441686]},"properties":{"name":"Peter's Mill","access":"public","lake":"Wildcat Creek","county":"Tippcanoe","lat":40.441686,"lng":-86.829908,"source":"Indiana DNR Fish & Wildlife \u2014 Fishing Access Sites","source_url":"https://gisdata.in.gov/server/rest/services/Hosted/Fish_Access_RO/FeatureServer/0","notes":"Launch: Carry Down; Fee: No; Parking: PARKING_LOT; Motor: NA; ADA: No","launch_type":"Carry Down","land_type":"Public Access Site","dnr_accessid":1024,"id":"launch-0504"}},{"type":"Feature","geometry":{"type":"Point","coordinates":[-85.727932,40.837254]},"properties":{"name":"Lagro","access":"public","lake":"Wabash River","county":"Wabash","lat":40.837254,"lng":-85.727932,"source":"Indiana DNR Fish & Wildlife \u2014 Fishing Access Sites","source_url":"https://gisdata.in.gov/server/rest/services/Hosted/Fish_Access_RO/FeatureServer/0","notes":"Launch: Boat Ramp; Ramp: Concrete; Fee: No; Motor: NA; ADA: No","launch_type":"Boat Ramp","land_type":"Public Access Site","dnr_accessid":1025,"id":"launch-0505"}},{"type":"Feature","geometry":{"type":"Point","coordinates":[-85.143262,41.083658]},"properties":{"name":"Promenade Park","access":"public","lake":"St. Marys River","county":"Allen","lat":41.083658,"lng":-85.143262,"source":"Indiana DNR Fish & Wildlife \u2014 Fishing Access Sites","source_url":"https://gisdata.in.gov/server/rest/services/Hosted/Fish_Access_RO/FeatureServer/0","notes":"Launch: Carry Down; Ramp: Concrete; Fee: No; Motor: NA; ADA: Yes","launch_type":"Carry Down","land_type":"Public Access Site","dnr_accessid":1026,"id":"launch-0506"}},{"type":"Feature","geometry":{"type":"Point","coordinates":[-85.745924,39.530976]},"properties":{"name":"Shelbyville","access":"public","lake":"Little Blue River","county":"Shelby","lat":39.530976,"lng":-85.745924,"source":"Indiana DNR Fish & Wildlife \u2014 Fishing Access Sites","source_url":"https://gisdata.in.gov/server/rest/services/Hosted/Fish_Access_RO/FeatureServer/0","notes":"Launch: Carry Down; Ramp: Concrete; Fee: No; Parking: PARKING_LOT; Motor: NA; ADA: No","launch_type":"Carry Down","land_type":"Public Access Site","dnr_accessid":1027,"id":"launch-0507"}},{"type":"Feature","geometry":{"type":"Point","coordinates":[-85.778439,41.281674]},"properties":{"name":"Big Chapman Lake","access":"public","lake":"Big Chapman Lake","county":"Kosciusko","lat":41.281674,"lng":-85.778439,"source":"Indiana DNR Fish & Wildlife \u2014 Fishing Access Sites","source_url":"https://gisdata.in.gov/server/rest/services/Hosted/Fish_Access_RO/FeatureServer/0","notes":"Launch: Boat Ramp; Ramp: Concrete; Fee: None; Parking: PARKING_LOT; Motor: None; ADA: Yes","launch_type":"Boat Ramp","land_type":"Public Access Site","dnr_accessid":122,"id":"launch-0508"}},{"type":"Feature","geometry":{"type":"Point","coordinates":[-86.369629,41.544603]},"properties":{"name":"Worster Lake West Boat Launch","access":"public","lake":"Worster Lake","county":"St. Joseph","lat":41.544603,"lng":-86.369629,"source":"Indiana DNR Fish & Wildlife \u2014 Fishing Access Sites","source_url":"https://gisdata.in.gov/server/rest/services/Hosted/Fish_Access_RO/FeatureServer/0","notes":"Launch: Boat Ramp; Ramp: Concrete; Fee: Yes; Parking: PARKING_LOT; Motor: Electric only; ADA: No","launch_type":"Boat Ramp","land_type":"Public Access Site","dnr_accessid":320,"id":"launch-0509"}},{"type":"Feature","geometry":{"type":"Point","coordinates":[-85.581709,40.751271]},"properties":{"name":"Mt. Etna","access":"public","lake":"Salamonie Lake","county":"Huntington","lat":40.751271,"lng":-85.581709,"source":"Indiana DNR Fish & Wildlife \u2014 Fishing Access Sites","source_url":"https://gisdata.in.gov/server/rest/services/Hosted/Fish_Access_RO/FeatureServer/0","notes":"Launch: Boat Ramp; Ramp: Concrete; Fee: Yes; Parking: PARKING_LOT; Motor: NA; ADA: No","launch_type":"Boat Ramp","land_type":"Public Access Site","dnr_accessid":88,"id":"launch-0510"}},{"type":"Feature","geometry":{"type":"Point","coordinates":[-87.130766,41.521585]},"properties":{"name":"Chustak State Fishing Area","access":"public","lake":"Salt Creek","county":"Porter","lat":41.521585,"lng":-87.130766,"source":"Indiana DNR Fish & Wildlife \u2014 Fishing Access Sites","source_url":"https://gisdata.in.gov/server/rest/services/Hosted/Fish_Access_RO/FeatureServer/0","notes":"Launch: Carry Down; Ramp:  ; Fee: No; Parking: PARKING_LOT; Motor: NA; ADA: Yes","launch_type":"Carry Down","land_type":"Public Fishing Area","dnr_accessid":280,"id":"launch-0511"}},{"type":"Feature","geometry":{"type":"Point","coordinates":[-86.394805,39.985298]},"properties":{"name":"Boone's Pond","access":"public","lake":"Boone's Pond","county":"Boone","lat":39.985298,"lng":-86.394805,"source":"Indiana DNR Fish & Wildlife \u2014 Fishing Access Sites","source_url":"https://gisdata.in.gov/server/rest/services/Hosted/Fish_Access_RO/FeatureServer/0","notes":"Launch: Boat Ramp; Ramp: Concrete; Fee: No; Parking: PARKING_LOT; Motor: Electric only; ADA: Yes","launch_type":"Boat Ramp","land_type":"Public Fishing Area","dnr_accessid":15,"id":"launch-0512"}},{"type":"Feature","geometry":{"type":"Point","coordinates":[-85.890648,40.947836]},"properties":{"name":"Bear Grass","access":"public","lake":"Eel River","county":"Wabash","lat":40.947836,"lng":-85.890648,"source":"Indiana DNR Fish & Wildlife \u2014 Fishing Access Sites","source_url":"https://gisdata.in.gov/server/rest/services/Hosted/Fish_Access_RO/FeatureServer/0","notes":"Launch: Boat Ramp; Ramp: Concrete; Fee: No; Motor: None; ADA: Yes","launch_type":"Boat Ramp","land_type":"Public Access Site","dnr_accessid":381,"id":"launch-0513"}},{"type":"Feature","geometry":{"type":"Point","coordinates":[-87.262847,38.352196]},"properties":{"name":"Bluebird Pit","access":"public","lake":"Bluebird Pit","county":"Pike","lat":38.352196,"lng":-87.262847,"source":"Indiana DNR Fish & Wildlife \u2014 Fishing Access Sites","source_url":"https://gisdata.in.gov/server/rest/services/Hosted/Fish_Access_RO/FeatureServer/0","notes":"Launch: Carry Down; Ramp: Dirt; Fee: No; Parking: PULL_OFF; Motor: Electric only; ADA: No","launch_type":"Carry Down","land_type":"Public Access Site","dnr_accessid":636,"id":"launch-0514"}},{"type":"Feature","geometry":{"type":"Point","coordinates":[-86.006168,39.38104]},"properties":{"name":"Sugar Creek Dam","access":"public","lake":"Sugar Creek","county":"Johnson","lat":39.38104,"lng":-86.006168,"source":"Indiana DNR Fish & Wildlife \u2014 Fishing Access Sites","source_url":"https://gisdata.in.gov/server/rest/services/Hosted/Fish_Access_RO/FeatureServer/0","notes":"Launch: Carry Down; Ramp: N/A; Fee: No; Motor: Electric only; ADA: No","launch_type":"Carry Down","land_type":"Public Access Site","dnr_accessid":658,"id":"launch-0515"}},{"type":"Feature","geometry":{"type":"Point","coordinates":[-87.239428,38.962539]},"properties":{"name":"Frank Pit (Greene-Sullivan)","access":"public","lake":"Frank Pit","county":"Greene","lat":38.962539,"lng":-87.239428,"source":"Indiana DNR Fish & Wildlife \u2014 Fishing Access Sites","source_url":"https://gisdata.in.gov/server/rest/services/Hosted/Fish_Access_RO/FeatureServer/0","notes":"Launch: Boat Ramp; Ramp: Gravel; Fee: Yes; Parking: PARKING_LOT; Motor: Electric only; ADA: No","launch_type":"Boat Ramp","land_type":"Public Fishing Area","dnr_accessid":832,"id":"launch-0516"}},{"type":"Feature","geometry":{"type":"Point","coordinates":[-85.675843,41.363669]},"properties":{"name":"Hammond Lake","access":"public","lake":"Hammond Lake","county":"Kosciusko","lat":41.363669,"lng":-85.675843,"source":"Indiana DNR Fish & Wildlife \u2014 Fishing Access Sites","source_url":"https://gisdata.in.gov/server/rest/services/Hosted/Fish_Access_RO/FeatureServer/0","notes":"Launch: Boat Ramp; Ramp: Concrete; Fee: No; Parking: PARKING_LOT; Motor: Electric only; ADA: No","launch_type":"Boat Ramp","land_type":"Public Access Site","dnr_accessid":137,"id":"launch-0517"}},{"type":"Feature","geometry":{"type":"Point","coordinates":[-86.789391,38.669573]},"properties":{"name":"Shoals","access":"public","lake":"East Fork White River","county":"Martin","lat":38.669573,"lng":-86.789391,"source":"Indiana DNR Fish & Wildlife \u2014 Fishing Access Sites","source_url":"https://gisdata.in.gov/server/rest/services/Hosted/Fish_Access_RO/FeatureServer/0","notes":"Launch: Boat Ramp; Ramp: Concrete; Fee: No; Parking: PARKING_LOT; Motor: None; ADA: No","launch_type":"Boat Ramp","land_type":"Public Access Site","dnr_accessid":201,"id":"launch-0518"}},{"type":"Feature","geometry":{"type":"Point","coordinates":[-85.670496,41.725334]},"properties":{"name":"Hunter Lake","access":"public","lake":"Hunter Lake","county":"Elkhart","lat":41.725334,"lng":-85.670496,"source":"Indiana DNR Fish & Wildlife \u2014 Fishing Access Sites","source_url":"https://gisdata.in.gov/server/rest/services/Hosted/Fish_Access_RO/FeatureServer/0","notes":"Launch: Boat Ramp; Ramp: Concrete; Fee: Yes; Motor: Speed Limit; ADA: No; 10 mph speed limit","launch_type":"Boat Ramp","land_type":"Public Access Site","dnr_accessid":1035,"id":"launch-0519"}},{"type":"Feature","geometry":{"type":"Point","coordinates":[-87.233205,38.20779]},"properties":{"name":"Bass Lake","access":"public","lake":"Bass Lake","county":"Warrick","lat":38.20779,"lng":-87.233205,"source":"Indiana DNR Fish & Wildlife \u2014 Fishing Access Sites","source_url":"https://gisdata.in.gov/server/rest/services/Hosted/Fish_Access_RO/FeatureServer/0","notes":"Launch: Boat Ramp; Ramp: Concrete; Fee: No; Parking: PULL_OFF; Motor: Electric only; ADA: Yes","launch_type":"Boat Ramp","land_type":"Public Access Site","dnr_accessid":1036,"id":"launch-0520"}},{"type":"Feature","geometry":{"type":"Point","coordinates":[-85.650345,41.742598]},"properties":{"name":"Stone Lake","access":"public","lake":"Stone Lake","county":"LaGrange","lat":41.742598,"lng":-85.650345,"source":"Indiana DNR Fish & Wildlife \u2014 Fishing Access Sites","source_url":"https://gisdata.in.gov/server/rest/services/Hosted/Fish_Access_RO/FeatureServer/0","notes":"Launch: Boat Ramp; Fee: No; Parking: PARKING_LOT; Motor: None; ADA: Yes","launch_type":"Boat Ramp","land_type":"Public Access Site","dnr_accessid":984,"id":"launch-0521"}},{"type":"Feature","geometry":{"type":"Point","coordinates":[-85.027226,41.202624]},"properties":{"name":"Cedar Creek","access":"public","lake":"Cedar Creek","county":"Allen","lat":41.202624,"lng":-85.027226,"source":"Indiana DNR Fish & Wildlife \u2014 Fishing Access Sites","source_url":"https://gisdata.in.gov/server/rest/services/Hosted/Fish_Access_RO/FeatureServer/0","notes":"Launch: Carry Down; Ramp: Gravel; Fee: No; Motor: None; ADA: No","launch_type":"Carry Down","land_type":"Public Access Site","dnr_accessid":1,"id":"launch-0522"}},{"type":"Feature","geometry":{"type":"Point","coordinates":[-86.080683,38.878892]},"properties":{"name":"Brownstown","access":"public","lake":"East Fork White River","county":"Jackson","lat":38.878892,"lng":-86.080683,"source":"Indiana DNR Fish & Wildlife \u2014 Fishing Access Sites","source_url":"https://gisdata.in.gov/server/rest/services/Hosted/Fish_Access_RO/FeatureServer/0","notes":"Launch: Boat Ramp; Ramp: Concrete; Fee: No; Parking: PARKING_LOT; Motor: None; ADA: Yes","launch_type":"Boat Ramp","land_type":"Public Fishing Area","dnr_accessid":91,"id":"launch-0523"}},{"type":"Feature","geometry":{"type":"Point","coordinates":[-85.735045,41.307633]},"properties":{"name":"Grassy Creek","access":"public","lake":"Grassy Creek","county":"Kosciusko","lat":41.307633,"lng":-85.735045,"source":"Indiana DNR Fish & Wildlife \u2014 Fishing Access Sites","source_url":"https://gisdata.in.gov/server/rest/services/Hosted/Fish_Access_RO/FeatureServer/0","notes":"Launch: Boat Ramp; Ramp: Concrete; Fee: No; Parking: PARKING_LOT; Motor: None; ADA: No","launch_type":"Boat Ramp","land_type":"Public Access Site","dnr_accessid":125,"id":"launch-0524"}},{"type":"Feature","geometry":{"type":"Point","coordinates":[-86.930856,39.72681]},"properties":{"name":"Glenn Flint Lake","access":"public","lake":"Glenn Flint Lake","county":"Putnam","lat":39.72681,"lng":-86.930856,"source":"Indiana DNR Fish & Wildlife \u2014 Fishing Access Sites","source_url":"https://gisdata.in.gov/server/rest/services/Hosted/Fish_Access_RO/FeatureServer/0","notes":"Launch: Boat Ramp; Ramp: Concrete; Fee: Yes; Parking: PARKING_LOT; Motor: None; ADA: No","launch_type":"Boat Ramp","land_type":"Public Access Site","dnr_accessid":296,"id":"launch-0525"}},{"type":"Feature","geometry":{"type":"Point","coordinates":[-85.66997,41.316214]},"properties":{"name":"Backwater Lake","access":"public","lake":"Backwater Lake","county":"Kosciusko","lat":41.316214,"lng":-85.66997,"source":"Indiana DNR Fish & Wildlife \u2014 Fishing Access Sites","source_url":"https://gisdata.in.gov/server/rest/services/Hosted/Fish_Access_RO/FeatureServer/0","notes":"Launch: Boat Ramp; Ramp: Concrete; Fee: No; Parking: PULL_OFF; Motor: None; ADA: Yes","launch_type":"Boat Ramp","land_type":"Public Access Site","dnr_accessid":117,"id":"launch-0526"}},{"type":"Feature","geometry":{"type":"Point","coordinates":[-86.399474,41.300038]},"properties":{"name":"Mill Pond","access":"public","lake":"Mill Pond","county":"Marshall","lat":41.300038,"lng":-86.399474,"source":"Indiana DNR Fish & Wildlife \u2014 Fishing Access Sites","source_url":"https://gisdata.in.gov/server/rest/services/Hosted/Fish_Access_RO/FeatureServer/0","notes":"Launch: Boat Ramp; Ramp: Concrete; Fee: No; Parking: PARKING_LOT; Motor: None; ADA: Yes","launch_type":"Boat Ramp","land_type":"Public Access Site","dnr_accessid":198,"id":"launch-0527"}},{"type":"Feature","geometry":{"type":"Point","coordinates":[-85.98101,39.349373]},"properties":{"name":"Plover Pit - North Boat Ramp","access":"public","lake":"Plover Pit","county":"Bartholomew","lat":39.349373,"lng":-85.98101,"source":"Indiana DNR Fish & Wildlife \u2014 Fishing Access Sites","source_url":"https://gisdata.in.gov/server/rest/services/Hosted/Fish_Access_RO/FeatureServer/0","notes":"Launch: Boat Ramp; Ramp: Concrete; Fee: No; Parking: PULL_OFF; Motor: Electric only; ADA: No","launch_type":"Boat Ramp","land_type":"Public Access Site","dnr_accessid":1037,"id":"launch-0528"}},{"type":"Feature","geometry":{"type":"Point","coordinates":[-85.979772,39.343376]},"properties":{"name":"Meadowlark Pit","access":"public","lake":"Meadowlark Pit","county":"Bartholomew","lat":39.343376,"lng":-85.979772,"source":"Indiana DNR Fish & Wildlife \u2014 Fishing Access Sites","source_url":"https://gisdata.in.gov/server/rest/services/Hosted/Fish_Access_RO/FeatureServer/0","notes":"Launch: Boat Ramp; Ramp: Gravel; Fee: No; Parking: PULL_OFF; Motor: Electric only; ADA: No","launch_type":"Boat Ramp","land_type":"Public Access Site","dnr_accessid":1039,"id":"launch-0529"}},{"type":"Feature","geometry":{"type":"Point","coordinates":[-85.141916,39.629999]},"properties":{"name":"Smalley's Lake","access":"public","lake":"Smalleys Lake","county":"Fayette","lat":39.629999,"lng":-85.141916,"source":"Indiana DNR Fish & Wildlife \u2014 Fishing Access Sites","source_url":"https://gisdata.in.gov/server/rest/services/Hosted/Fish_Access_RO/FeatureServer/0","notes":"Launch: Carry Down; Ramp: N/A; Fee: No; Parking: PULL_OFF; Motor: Electric only; ADA: Yes","launch_type":"Carry Down","land_type":"Public Access Site","dnr_accessid":1040,"id":"launch-0530"}},{"type":"Feature","geometry":{"type":"Point","coordinates":[-86.421447,39.760698]},"properties":{"name":"Washington Township Park North Pond","access":"public","lake":"North Pond","county":"Hendricks","lat":39.760698,"lng":-86.421447,"source":"Indiana DNR Fish & Wildlife \u2014 Fishing Access Sites","source_url":"https://gisdata.in.gov/server/rest/services/Hosted/Fish_Access_RO/FeatureServer/0","notes":"Launch: Carry Down; Ramp: N/A; Fee: Yes; Parking: PARKING_LOT; Motor: NA; ADA: No","launch_type":"Carry Down","land_type":"Public Access Site","dnr_accessid":1041,"id":"launch-0531"}},{"type":"Feature","geometry":{"type":"Point","coordinates":[-86.002976,39.87359]},"properties":{"name":"Duck Pond (Fort Harrison State Park","access":"public","lake":"Duck Pond","county":"Marion","lat":39.87359,"lng":-86.002976,"source":"Indiana DNR Fish & Wildlife \u2014 Fishing Access Sites","source_url":"https://gisdata.in.gov/server/rest/services/Hosted/Fish_Access_RO/FeatureServer/0","notes":"Launch: Carry Down; Ramp: N/A; Fee: Yes; Parking: PARKING_LOT; Motor: Electric only; ADA: No","launch_type":"Carry Down","land_type":"Public Access Site","dnr_accessid":652,"id":"launch-0532"}},{"type":"Feature","geometry":{"type":"Point","coordinates":[-86.024239,40.130066]},"properties":{"name":"Morse Reservoir Red Bridge Park","access":"public","lake":"Morse Reservoir","county":"Hamilton","lat":40.130066,"lng":-86.024239,"source":"Indiana DNR Fish & Wildlife \u2014 Fishing Access Sites","source_url":"https://gisdata.in.gov/server/rest/services/Hosted/Fish_Access_RO/FeatureServer/0","notes":"Launch: Carry Down; Ramp: N/A; Fee: No; Parking: PARKING_LOT; ADA: Yes","launch_type":"Carry Down","land_type":"Public Access Site","dnr_accessid":1044,"id":"launch-0533"}},{"type":"Feature","geometry":{"type":"Point","coordinates":[-86.034365,40.093485]},"properties":{"name":"Morse Lake Marina and Boat Launch","access":"public","lake":"Morse Reservoir","county":"Hamilton","lat":40.093485,"lng":-86.034365,"source":"Indiana DNR Fish & Wildlife \u2014 Fishing Access Sites","source_url":"https://gisdata.in.gov/server/rest/services/Hosted/Fish_Access_RO/FeatureServer/0","notes":"Launch: Boat Ramp; Ramp: Concrete; Fee: Yes; Parking: PARKING_LOT; ADA: No","launch_type":"Boat Ramp","land_type":"Public Access Site","dnr_accessid":1045,"id":"launch-0534"}},{"type":"Feature","geometry":{"type":"Point","coordinates":[-87.052878,38.555565]},"properties":{"name":"Catfish Pond","access":"public","lake":"Catfish Pond","county":"Daviess","lat":38.555565,"lng":-87.052878,"source":"Indiana DNR Fish & Wildlife \u2014 Fishing Access Sites","source_url":"https://gisdata.in.gov/server/rest/services/Hosted/Fish_Access_RO/FeatureServer/0","notes":"Launch: Boat Ramp; Ramp: Concrete; Fee: No; Parking: PARKING_LOT; Motor: Electric only; ADA: No","launch_type":"Boat Ramp","land_type":"Public Access Site","dnr_accessid":654,"id":"launch-0535"}},{"type":"Feature","geometry":{"type":"Point","coordinates":[-85.961723,39.757317]},"properties":{"name":"Paul Ruster Park Pond","access":"public","lake":"Paul Ruster Park Pond","county":"Marion","lat":39.757317,"lng":-85.961723,"source":"Indiana DNR Fish & Wildlife \u2014 Fishing Access Sites","source_url":"https://gisdata.in.gov/server/rest/services/Hosted/Fish_Access_RO/FeatureServer/0","notes":"Launch: Carry Down; Ramp: N/A; Fee: Yes; Parking: PARKING_LOT; ADA: Yes","launch_type":"Carry Down","land_type":"Public Access Site","dnr_accessid":1047,"id":"launch-0536"}},{"type":"Feature","geometry":{"type":"Point","coordinates":[-87.260929,38.968035]},"properties":{"name":"Locust Pit (Greene-Sullivan)","access":"public","lake":"Locust Pit","county":"Sullivan","lat":38.968035,"lng":-87.260929,"source":"Indiana DNR Fish & Wildlife \u2014 Fishing Access Sites","source_url":"https://gisdata.in.gov/server/rest/services/Hosted/Fish_Access_RO/FeatureServer/0","notes":"Launch: Boat Ramp; Ramp:  ; Fee: Yes; Parking: PARKING_LOT; Motor: Electric only; ADA: No","launch_type":"Boat Ramp","land_type":"Public Access Site","dnr_accessid":823,"id":"launch-0537"}},{"type":"Feature","geometry":{"type":"Point","coordinates":[-86.422175,38.120565]},"properties":{"name":"Alton","access":"public","lake":"Ohio River","county":"Crawford","lat":38.120565,"lng":-86.422175,"source":"Indiana DNR Fish & Wildlife \u2014 Fishing Access Sites","source_url":"https://gisdata.in.gov/server/rest/services/Hosted/Fish_Access_RO/FeatureServer/0","notes":"Launch: Boat Ramp; Ramp: Concrete; Fee: No; Parking: PULL_OFF; Motor: None; ADA: Yes","launch_type":"Boat Ramp","land_type":"Public Access Site","dnr_accessid":27,"id":"launch-0538"}},{"type":"Feature","geometry":{"type":"Point","coordinates":[-87.231051,38.998737]},"properties":{"name":"Corky Pit","access":"public","lake":"Corky Pit","county":"Greene","lat":38.998737,"lng":-87.231051,"source":"Indiana DNR Fish & Wildlife \u2014 Fishing Access Sites","source_url":"https://gisdata.in.gov/server/rest/services/Hosted/Fish_Access_RO/FeatureServer/0","notes":"Launch: Boat Ramp; Ramp:  ; Fee: Yes; Parking: PARKING_LOT; Motor: Electric only; ADA: No","launch_type":"Boat Ramp","land_type":"Public Access Site","dnr_accessid":583,"id":"launch-0539"}},{"type":"Feature","geometry":{"type":"Point","coordinates":[-87.420121,39.455903]},"properties":{"name":"Fairbanks Park","access":"public","lake":"Wabash River","county":"Vigo","lat":39.455903,"lng":-87.420121,"source":"Indiana DNR Fish & Wildlife \u2014 Fishing Access Sites","source_url":"https://gisdata.in.gov/server/rest/services/Hosted/Fish_Access_RO/FeatureServer/0","notes":"Launch: Boat Ramp; Ramp: Concrete; Fee: No; Parking: PARKING_LOT; Motor: None; ADA: Yes","launch_type":"Boat Ramp","land_type":"Public Access Site","dnr_accessid":375,"id":"launch-0540"}},{"type":"Feature","geometry":{"type":"Point","coordinates":[-85.631308,38.400538]},"properties":{"name":"Charlestown Landing","access":"public","lake":"Ohio River","county":"Clark","lat":38.400538,"lng":-85.631308,"source":"Indiana DNR Fish & Wildlife \u2014 Fishing Access Sites","source_url":"https://gisdata.in.gov/server/rest/services/Hosted/Fish_Access_RO/FeatureServer/0","notes":"Launch: Boat Ramp; Ramp:  ; Fee: Yes; Parking: PARKING_LOT; Motor: None; ADA: Yes","launch_type":"Boat Ramp","land_type":"Public Access Site","dnr_accessid":964,"id":"launch-0541"}},{"type":"Feature","geometry":{"type":"Point","coordinates":[-84.954495,41.539736]},"properties":{"name":"Ball Lake","access":"public","lake":"Ball Lake","county":"Steuben","lat":41.539736,"lng":-84.954495,"source":"Indiana DNR Fish & Wildlife \u2014 Fishing Access Sites","source_url":"https://gisdata.in.gov/server/rest/services/Hosted/Fish_Access_RO/FeatureServer/0","notes":"Launch: Boat Ramp; Ramp: Concrete; Fee: No; Parking: PARKING_LOT; Motor: None; ADA: Yes","launch_type":"Boat Ramp","land_type":"Public Access Site","dnr_accessid":323,"id":"launch-0542"}},{"type":"Feature","geometry":{"type":"Point","coordinates":[-86.064419,39.956182]},"properties":{"name":"116th Street","access":"public","lake":"White River","county":"Hamilton","lat":39.956182,"lng":-86.064419,"source":"Indiana DNR Fish & Wildlife \u2014 Fishing Access Sites","source_url":"https://gisdata.in.gov/server/rest/services/Hosted/Fish_Access_RO/FeatureServer/0","notes":"Launch: Boat Ramp; Ramp:  ; Fee: No; Parking: PARKING_LOT; Motor: None; ADA: No","launch_type":"Boat Ramp","land_type":"Public Access Site","dnr_accessid":902,"id":"launch-0543"}},{"type":"Feature","geometry":{"type":"Point","coordinates":[-87.457807,41.167828]},"properties":{"name":"Kankakee River / Campgrnd, White Oak","access":"public","lake":"Kankakee River","county":"Newton","lat":41.167828,"lng":-87.457807,"source":"Indiana DNR Fish & Wildlife \u2014 Fishing Access Sites","source_url":"https://gisdata.in.gov/server/rest/services/Hosted/Fish_Access_RO/FeatureServer/0","notes":"Launch: Boat Ramp; Ramp:  ; Fee: No; Parking: PARKING_LOT; Motor: None; ADA: Yes","launch_type":"Boat Ramp","land_type":"Public Access Site","dnr_accessid":219,"id":"launch-0544"}},{"type":"Feature","geometry":{"type":"Point","coordinates":[-86.535367,37.973015]},"properties":{"name":"Poison Creek","access":"public","lake":"Ohio River","county":"Perry","lat":37.973015,"lng":-86.535367,"source":"Indiana DNR Fish & Wildlife \u2014 Fishing Access Sites","source_url":"https://gisdata.in.gov/server/rest/services/Hosted/Fish_Access_RO/FeatureServer/0","notes":"Launch: Boat Ramp; Ramp:  ; Fee: No; Parking: PARKING_LOT; Motor: None; ADA: No","launch_type":"Boat Ramp","land_type":"Public Access Site","dnr_accessid":259,"id":"launch-0545"}},{"type":"Feature","geometry":{"type":"Point","coordinates":[-86.870765,40.475415]},"properties":{"name":"Davis Ferry Park","access":"public","lake":"Wabash River","county":"Tippecanoe","lat":40.475415,"lng":-86.870765,"source":"Indiana DNR Fish & Wildlife \u2014 Fishing Access Sites","source_url":"https://gisdata.in.gov/server/rest/services/Hosted/Fish_Access_RO/FeatureServer/0","notes":"Launch: Boat Ramp; Ramp: Concrete; Fee: No; Parking: PULL_OFF; Motor: None; ADA: No","launch_type":"Boat Ramp","land_type":"Public Access Site","dnr_accessid":360,"id":"launch-0546"}},{"type":"Feature","geometry":{"type":"Point","coordinates":[-86.52518,38.029124]},"properties":{"name":"Derby","access":"public","lake":"Ohio River","county":"Perry","lat":38.029124,"lng":-86.52518,"source":"Indiana DNR Fish & Wildlife \u2014 Fishing Access Sites","source_url":"https://gisdata.in.gov/server/rest/services/Hosted/Fish_Access_RO/FeatureServer/0","notes":"Launch: Boat Ramp; Ramp:  ; Fee: Yes; Parking: PULL_OFF; Motor: None; ADA: No","launch_type":"Boat Ramp","land_type":"Public Access Site","dnr_accessid":431,"id":"launch-0547"}},{"type":"Feature","geometry":{"type":"Point","coordinates":[-86.508066,40.480675]},"properties":{"name":"Adam's Mill","access":"public","lake":"Wildcat Creek","county":"Carroll","lat":40.480675,"lng":-86.508066,"source":"Indiana DNR Fish & Wildlife \u2014 Fishing Access Sites","source_url":"https://gisdata.in.gov/server/rest/services/Hosted/Fish_Access_RO/FeatureServer/0","notes":"Launch: Carry Down; Ramp:  ; Fee: No; Parking: PARKING_LOT; Motor: None; ADA: No","launch_type":"Carry Down","land_type":"Public Access Site","dnr_accessid":18,"id":"launch-0548"}},{"type":"Feature","geometry":{"type":"Point","coordinates":[-86.611668,41.211925]},"properties":{"name":"Bass Lake","access":"public","lake":"Bass Lake","county":"Starke","lat":41.211925,"lng":-86.611668,"source":"Indiana DNR Fish & Wildlife \u2014 Fishing Access Sites","source_url":"https://gisdata.in.gov/server/rest/services/Hosted/Fish_Access_RO/FeatureServer/0","notes":"Launch: Boat Ramp; Ramp:  ; Fee: No; Parking: PARKING_LOT; Motor: None; ADA: Yes","launch_type":"Boat Ramp","land_type":"Public Access Site","dnr_accessid":893,"id":"launch-0549"}},{"type":"Feature","geometry":{"type":"Point","coordinates":[-86.997234,38.103699]},"properties":{"name":"Lincoln State Park Lake","access":"public","lake":"Lake Lincoln","county":"Spencer","lat":38.103699,"lng":-86.997234,"source":"Indiana DNR Fish & Wildlife \u2014 Fishing Access Sites","source_url":"https://gisdata.in.gov/server/rest/services/Hosted/Fish_Access_RO/FeatureServer/0","notes":"Launch: Boat Ramp; Ramp: Concrete; Fee: Yes; Parking: PARKING_LOT; Motor: Electric only; ADA: No","launch_type":"Boat Ramp","land_type":"Public Access Site","dnr_accessid":303,"id":"launch-0550"}},{"type":"Feature","geometry":{"type":"Point","coordinates":[-84.918429,41.281216]},"properties":{"name":"Spencerville Public Access Site","access":"public","lake":"St. Joseph River","county":"DeKalb","lat":41.281216,"lng":-84.918429,"source":"Indiana DNR Fish & Wildlife \u2014 Fishing Access Sites","source_url":"https://gisdata.in.gov/server/rest/services/Hosted/Fish_Access_RO/FeatureServer/0","notes":"Launch: Boat Ramp; Ramp: Concrete; Fee: No; Parking: PARKING_LOT; ADA: Yes","launch_type":"Boat Ramp","land_type":"Public Access Site","dnr_accessid":982,"id":"launch-0551"}},{"type":"Feature","geometry":{"type":"Point","coordinates":[-86.121611,41.671328]},"properties":{"name":"Prickett Landing","access":"public","lake":"St. Joseph River","county":"St. Joseph","lat":41.671328,"lng":-86.121611,"source":"Indiana DNR Fish & Wildlife \u2014 Fishing Access Sites","source_url":"https://gisdata.in.gov/server/rest/services/Hosted/Fish_Access_RO/FeatureServer/0","notes":"Launch: Boat Ramp; Ramp: Concrete; Fee: No; Parking: PARKING_LOT; Motor: None; ADA: Yes","launch_type":"Boat Ramp","land_type":"Public Access Site","dnr_accessid":314,"id":"launch-0552"}},{"type":"Feature","geometry":{"type":"Point","coordinates":[-86.147884,38.818881]},"properties":{"name":"Medora","access":"public","lake":"East Fork White River","county":"Jackson","lat":38.818881,"lng":-86.147884,"source":"Indiana DNR Fish & Wildlife \u2014 Fishing Access Sites","source_url":"https://gisdata.in.gov/server/rest/services/Hosted/Fish_Access_RO/FeatureServer/0","notes":"Launch: Boat Ramp; Ramp: Concrete; Fee: No; Parking: PARKING_LOT; Motor: None; ADA: No","launch_type":"Boat Ramp","land_type":"Public Access Site","dnr_accessid":94,"id":"launch-0553"}},{"type":"Feature","geometry":{"type":"Point","coordinates":[-85.998871,41.679341]},"properties":{"name":"Edgewater Park","access":"public","lake":"Elkhart River","county":"Elkhart","lat":41.679341,"lng":-85.998871,"source":"Indiana DNR Fish & Wildlife \u2014 Fishing Access Sites","source_url":"https://gisdata.in.gov/server/rest/services/Hosted/Fish_Access_RO/FeatureServer/0","notes":"Launch: Boat Ramp; Ramp:  ; Fee: No; Parking: PARKING_LOT; Motor: None; ADA: Yes","launch_type":"Boat Ramp","land_type":"Public Access Site","dnr_accessid":420,"id":"launch-0554"}},{"type":"Feature","geometry":{"type":"Point","coordinates":[-85.255575,41.575277]},"properties":{"name":"Pretty Lake","access":"public","lake":"Pretty Lake","county":"LaGrange","lat":41.575277,"lng":-85.255575,"source":"Indiana DNR Fish & Wildlife \u2014 Fishing Access Sites","source_url":"https://gisdata.in.gov/server/rest/services/Hosted/Fish_Access_RO/FeatureServer/0","notes":"Launch: Boat Ramp; Ramp: Concrete; Fee: No; Parking: PARKING_LOT; Motor: None; ADA: No","launch_type":"Boat Ramp","land_type":"Public Access Site","dnr_accessid":156,"id":"launch-0555"}},{"type":"Feature","geometry":{"type":"Point","coordinates":[-86.116041,41.2186]},"properties":{"name":"Old Tip Town","access":"public","lake":"Tippecanoe River","county":"Marshall","lat":41.2186,"lng":-86.116041,"source":"Indiana DNR Fish & Wildlife \u2014 Fishing Access Sites","source_url":"https://gisdata.in.gov/server/rest/services/Hosted/Fish_Access_RO/FeatureServer/0","notes":"Launch: Boat Ramp; Ramp: Concrete; Fee: No; Parking: PARKING_LOT; Motor: None; ADA: No","launch_type":"Boat Ramp","land_type":"Public Access Site","dnr_accessid":199,"id":"launch-0556"}},{"type":"Feature","geometry":{"type":"Point","coordinates":[-85.203868,41.592089]},"properties":{"name":"Big Turkey Lake","access":"public","lake":"Big Turkey Lake","county":"Steuben","lat":41.592089,"lng":-85.203868,"source":"Indiana DNR Fish & Wildlife \u2014 Fishing Access Sites","source_url":"https://gisdata.in.gov/server/rest/services/Hosted/Fish_Access_RO/FeatureServer/0","notes":"Launch: Boat Ramp; Ramp: Concrete; Fee: No; Parking: PARKING_LOT; Motor: None; ADA: Yes","launch_type":"Boat Ramp","land_type":"Public Access Site","dnr_accessid":327,"id":"launch-0557"}},{"type":"Feature","geometry":{"type":"Point","coordinates":[-85.582129,38.955065]},"properties":{"name":"Crosley Fish & Wildlife Area","access":"public","lake":"Nighthawk Lake","county":"Jennings","lat":38.955065,"lng":-85.582129,"source":"Indiana DNR Fish & Wildlife \u2014 Fishing Access Sites","source_url":"https://gisdata.in.gov/server/rest/services/Hosted/Fish_Access_RO/FeatureServer/0","notes":"Launch: Boat Ramp; Ramp: Gravel; Fee: No; Parking: PARKING_LOT; Motor: Electric only; ADA: No","launch_type":"Boat Ramp","land_type":"Public Access Site","dnr_accessid":1068,"id":"launch-0558"}},{"type":"Feature","geometry":{"type":"Point","coordinates":[-85.587842,38.964596]},"properties":{"name":"Crosley Fish & Wildlife Area","access":"public","lake":"Harsin Pond","county":"Jennings","lat":38.964596,"lng":-85.587842,"source":"Indiana DNR Fish & Wildlife \u2014 Fishing Access Sites","source_url":"https://gisdata.in.gov/server/rest/services/Hosted/Fish_Access_RO/FeatureServer/0","notes":"Launch: Boat Ramp; Ramp: Gravel; Fee: No; Parking: PARKING_LOT; Motor: Electric only; ADA: No","launch_type":"Boat Ramp","land_type":"Public Access Site","dnr_accessid":1070,"id":"launch-0559"}},{"type":"Feature","geometry":{"type":"Point","coordinates":[-85.625672,38.954034]},"properties":{"name":"Crosley Fish & Wildlife Area","access":"public","lake":"Wood Duck Pond","county":"Jennings","lat":38.954034,"lng":-85.625672,"source":"Indiana DNR Fish & Wildlife \u2014 Fishing Access Sites","source_url":"https://gisdata.in.gov/server/rest/services/Hosted/Fish_Access_RO/FeatureServer/0","notes":"Launch: Boat Ramp; Ramp: Gravel; Fee: No; Parking: PARKING_LOT; Motor: Electric only; ADA: No","launch_type":"Boat Ramp","land_type":"Public Access Site","dnr_accessid":1071,"id":"launch-0560"}},{"type":"Feature","geometry":{"type":"Point","coordinates":[-87.586325,38.402397]},"properties":{"name":"Town of Patoka","access":"public","lake":"Paw Paw Creek","county":"Gibson","lat":38.402397,"lng":-87.586325,"source":"Indiana DNR Fish & Wildlife \u2014 Fishing Access Sites","source_url":"https://gisdata.in.gov/server/rest/services/Hosted/Fish_Access_RO/FeatureServer/0","notes":"Launch: Boat Ramp; Ramp: Concrete; Fee: No; Parking: PARKING_LOT; Motor: None; ADA: Yes","launch_type":"Boat Ramp","land_type":"Public Access Site","dnr_accessid":1074,"id":"launch-0561"}},{"type":"Feature","geometry":{"type":"Point","coordinates":[-84.879579,38.923449]},"properties":{"name":"Arnold's Creek","access":"public","lake":"Arnold's Creek","county":"Ohio","lat":38.923449,"lng":-84.879579,"source":"Indiana DNR Fish & Wildlife \u2014 Fishing Access Sites","source_url":"https://gisdata.in.gov/server/rest/services/Hosted/Fish_Access_RO/FeatureServer/0","notes":"Launch: Boat Ramp; Ramp: Concrete; Fee: No; Motor: None; ADA: No","launch_type":"Boat Ramp","land_type":"Public Access Site","dnr_accessid":1075,"id":"launch-0562"}},{"type":"Feature","geometry":{"type":"Point","coordinates":[-86.329168,38.182407]},"properties":{"name":"Lock & Dam #44","access":"public","lake":"Blue River","county":"Crawford","lat":38.182407,"lng":-86.329168,"source":"Indiana DNR Fish & Wildlife \u2014 Fishing Access Sites","source_url":"https://gisdata.in.gov/server/rest/services/Hosted/Fish_Access_RO/FeatureServer/0","notes":"Launch: Boat Ramp; Ramp: Concrete; Fee: No; Motor: None; ADA: No","launch_type":"Boat Ramp","land_type":"Public Access Site","dnr_accessid":1076,"id":"launch-0563"}},{"type":"Feature","geometry":{"type":"Point","coordinates":[-87.407911,38.377551]},"properties":{"name":"Oatsville Station","access":"public","lake":"Patoka River","county":"Gibson","lat":38.377551,"lng":-87.407911,"source":"Indiana DNR Fish & Wildlife \u2014 Fishing Access Sites","source_url":"https://gisdata.in.gov/server/rest/services/Hosted/Fish_Access_RO/FeatureServer/0","notes":"Launch: Boat Ramp; Ramp: Concrete; Fee: No; Parking: PARKING_LOT; Motor: None; ADA: Yes","launch_type":"Boat Ramp","land_type":"Public Access Site","dnr_accessid":1096,"id":"launch-0564"}},{"type":"Feature","geometry":{"type":"Point","coordinates":[-85.064008,38.744537]},"properties":{"name":"Vevay River Park","access":"public","lake":"Ohio River","county":"Switzerland","lat":38.744537,"lng":-85.064008,"source":"Indiana DNR Fish & Wildlife \u2014 Fishing Access Sites","source_url":"https://gisdata.in.gov/server/rest/services/Hosted/Fish_Access_RO/FeatureServer/0","notes":"Launch: Boat Ramp; Ramp: Concrete; Fee: No; Motor: None; ADA: Yes","launch_type":"Boat Ramp","land_type":"Public Access Site","dnr_accessid":1078,"id":"launch-0565"}},{"type":"Feature","geometry":{"type":"Point","coordinates":[-87.055244,38.540274]},"properties":{"name":"Dogwood Lake South Ramp & Fishing Pier","access":"public","lake":"Dogwood Lake","county":"Daviess","lat":38.540274,"lng":-87.055244,"source":"Indiana DNR Fish & Wildlife \u2014 Fishing Access Sites","source_url":"https://gisdata.in.gov/server/rest/services/Hosted/Fish_Access_RO/FeatureServer/0","notes":"Launch: Boat Ramp; Ramp: Concrete; Fee: No; Parking: PARKING_LOT; Motor: Speed Limit; ADA: Yes","launch_type":"Boat Ramp","land_type":"Public Access Site","dnr_accessid":911,"id":"launch-0566"}},{"type":"Feature","geometry":{"type":"Point","coordinates":[-85.441196,40.837017]},"properties":{"name":"J. Edward Roush Lake (Little Turtle)","access":"public","lake":"J. Edward Roush Lake","county":"Huntington","lat":40.837017,"lng":-85.441196,"source":"Indiana DNR Fish & Wildlife \u2014 Fishing Access Sites","source_url":"https://gisdata.in.gov/server/rest/services/Hosted/Fish_Access_RO/FeatureServer/0","notes":"Launch: Boat Ramp; Ramp: Only open when north ramp floods; Fee: No; Motor: None; ADA: No","launch_type":"Boat Ramp","land_type":"Public Access Site","dnr_accessid":87,"id":"launch-0567"}},{"type":"Feature","geometry":{"type":"Point","coordinates":[-86.431562,39.487306]},"properties":{"name":"Three Rivers Public Fishing Area","access":"public","lake":"White River","county":"Morgan","lat":39.487306,"lng":-86.431562,"source":"Indiana DNR Fish & Wildlife \u2014 Fishing Access Sites","source_url":"https://gisdata.in.gov/server/rest/services/Hosted/Fish_Access_RO/FeatureServer/0","notes":"Launch: Carry Down; Ramp:  ; Fee: no; Parking: PULL_OFF; Motor: NA; ADA: No","launch_type":"Carry Down","land_type":"Public Fishing Area","dnr_accessid":1104,"id":"launch-0568"}},{"type":"Feature","geometry":{"type":"Point","coordinates":[-87.240729,38.794156]},"properties":{"name":"Carnahan","access":"public","lake":"White River","county":"Daviess","lat":38.794156,"lng":-87.240729,"source":"Indiana DNR Fish & Wildlife \u2014 Fishing Access Sites","source_url":"https://gisdata.in.gov/server/rest/services/Hosted/Fish_Access_RO/FeatureServer/0","notes":"Launch: Boat Ramp; Ramp: Concrete; Fee: No; Parking: PARKING_LOT; Motor: None; ADA: Yes","launch_type":"Boat Ramp","land_type":"Public Access Site","dnr_accessid":32,"id":"launch-0569"}},{"type":"Feature","geometry":{"type":"Point","coordinates":[-87.282084,40.278635]},"properties":{"name":"Water Street Access Site","access":"public","lake":"Wabash River","county":"Warren","lat":40.278635,"lng":-87.282084,"source":"Indiana DNR Fish & Wildlife \u2014 Fishing Access Sites","source_url":"https://gisdata.in.gov/server/rest/services/Hosted/Fish_Access_RO/FeatureServer/0","notes":"Launch: Boat Ramp; Ramp: Concrete; Fee: No; Motor: None; ADA: No","launch_type":"Boat Ramp","land_type":"Public Access Site","dnr_accessid":945,"id":"launch-0570"}},{"type":"Feature","geometry":{"type":"Point","coordinates":[-86.923383,38.73009]},"properties":{"name":"West Boggs Creek Reservoir","access":"public","lake":"West Boggs Lake","county":"Daviess","lat":38.73009,"lng":-86.923383,"source":"Indiana DNR Fish & Wildlife \u2014 Fishing Access Sites","source_url":"https://gisdata.in.gov/server/rest/services/Hosted/Fish_Access_RO/FeatureServer/0","notes":"Launch: Boat Ramp; Ramp: Concrete; Fee: Yes; Parking: PARKING_LOT; Motor: None; ADA: Yes","launch_type":"Boat Ramp","land_type":"Public Access Site","dnr_accessid":39,"id":"launch-0571"}},{"type":"Feature","geometry":{"type":"Point","coordinates":[-87.081586,39.888669]},"properties":{"name":"Lake Waveland","access":"public","lake":"Lake Waveland","county":"Montgomery","lat":39.888669,"lng":-87.081586,"source":"Indiana DNR Fish & Wildlife \u2014 Fishing Access Sites","source_url":"https://gisdata.in.gov/server/rest/services/Hosted/Fish_Access_RO/FeatureServer/0","notes":"Launch: Boat Ramp; Ramp: Concrete; Fee: Yes; Motor: None; ADA: Yes","launch_type":"Boat Ramp","land_type":"Public Access Site","dnr_accessid":213,"id":"launch-0572"}},{"type":"Feature","geometry":{"type":"Point","coordinates":[-87.542952,38.490769]},"properties":{"name":"Hazleton","access":"public","lake":"White River","county":"Gibson","lat":38.490769,"lng":-87.542952,"source":"Indiana DNR Fish & Wildlife \u2014 Fishing Access Sites","source_url":"https://gisdata.in.gov/server/rest/services/Hosted/Fish_Access_RO/FeatureServer/0","notes":"Launch: Boat Ramp; Ramp: Concrete; Fee: No; Parking: PARKING_LOT; Motor: None; ADA: Yes","launch_type":"Boat Ramp","land_type":"Public Access Site","dnr_accessid":69,"id":"launch-0573"}},{"type":"Feature","geometry":{"type":"Point","coordinates":[-87.23749,38.647019]},"properties":{"name":"Washington","access":"public","lake":"White River","county":"Daviess","lat":38.647019,"lng":-87.23749,"source":"Indiana DNR Fish & Wildlife \u2014 Fishing Access Sites","source_url":"https://gisdata.in.gov/server/rest/services/Hosted/Fish_Access_RO/FeatureServer/0","notes":"Launch: Boat Ramp; Ramp: Concrete; Fee: No; Parking: PARKING_LOT; Motor: None; ADA: Yes","launch_type":"Boat Ramp","land_type":"Public Access Site","dnr_accessid":38,"id":"launch-0574"}},{"type":"Feature","geometry":{"type":"Point","coordinates":[-84.96985,39.605282]},"properties":{"name":"Whitewater State Park","access":"public","lake":"Whitewater Lake","county":"Union","lat":39.605282,"lng":-84.96985,"source":"Indiana DNR Fish & Wildlife \u2014 Fishing Access Sites","source_url":"https://gisdata.in.gov/server/rest/services/Hosted/Fish_Access_RO/FeatureServer/0","notes":"Launch: Boat Ramp; Ramp: Concrete; Fee: Yes; Parking: PARKING_LOT; Motor: None; ADA: Yes","launch_type":"Boat Ramp","land_type":"Public Access Site","dnr_accessid":370,"id":"launch-0575"}},{"type":"Feature","geometry":{"type":"Point","coordinates":[-87.103046,38.900011]},"properties":{"name":"Elnora","access":"public","lake":"White River","county":"Daviess","lat":38.900011,"lng":-87.103046,"source":"Indiana DNR Fish & Wildlife \u2014 Fishing Access Sites","source_url":"https://gisdata.in.gov/server/rest/services/Hosted/Fish_Access_RO/FeatureServer/0","notes":"Launch: Boat Ramp; Ramp: Concrete; Fee: No; Parking: PARKING_LOT; Motor: None; ADA: Yes","launch_type":"Boat Ramp","land_type":"Public Access Site","dnr_accessid":35,"id":"launch-0576"}},{"type":"Feature","geometry":{"type":"Point","coordinates":[-87.288937,38.512219]},"properties":{"name":"Petersburg","access":"public","lake":"White River","county":"Knox","lat":38.512219,"lng":-87.288937,"source":"Indiana DNR Fish & Wildlife \u2014 Fishing Access Sites","source_url":"https://gisdata.in.gov/server/rest/services/Hosted/Fish_Access_RO/FeatureServer/0","notes":"Launch: Boat Ramp; Ramp: Concrete; Fee: Yes; Parking: PARKING_LOT; Motor: None; ADA: No","launch_type":"Boat Ramp","land_type":"Public Access Site","dnr_accessid":114,"id":"launch-0577"}},{"type":"Feature","geometry":{"type":"Point","coordinates":[-85.195196,41.696512]},"properties":{"name":"Beaver Dam Lake","access":"public","lake":"Beaver Dam Lake","county":"Steuben","lat":41.696512,"lng":-85.195196,"source":"Indiana DNR Fish & Wildlife \u2014 Fishing Access Sites","source_url":"https://gisdata.in.gov/server/rest/services/Hosted/Fish_Access_RO/FeatureServer/0","notes":"Launch: Boat Ramp; Ramp:  ; Fee: No; Parking: PARKING_LOT; Motor: Electric only; ADA: No","launch_type":"Boat Ramp","land_type":"Public Access Site","dnr_accessid":324,"id":"launch-0578"}},{"type":"Feature","geometry":{"type":"Point","coordinates":[-86.035577,39.395843]},"properties":{"name":"Beaver Bottom","access":"public","lake":"Beaver Bottom","county":"Johnson","lat":39.395843,"lng":-86.035577,"source":"Indiana DNR Fish & Wildlife \u2014 Fishing Access Sites","source_url":"https://gisdata.in.gov/server/rest/services/Hosted/Fish_Access_RO/FeatureServer/0","notes":"Launch: Boat Ramp; Ramp: Concrete; Fee: No; Parking: PARKING_LOT; Motor: Electric only; ADA: Yes","launch_type":"Boat Ramp","land_type":"Public Access Site","dnr_accessid":107,"id":"launch-0579"}},{"type":"Feature","geometry":{"type":"Point","coordinates":[-87.333111,39.054685]},"properties":{"name":"Bass Lake","access":"public","lake":"Bass Lake","county":"Sullivan","lat":39.054685,"lng":-87.333111,"source":"Indiana DNR Fish & Wildlife \u2014 Fishing Access Sites","source_url":"https://gisdata.in.gov/server/rest/services/Hosted/Fish_Access_RO/FeatureServer/0","notes":"Launch: Boat Ramp; Ramp: Concrete; Fee: Yes; Parking: PULL_OFF; Motor: Electric only; ADA: Yes","launch_type":"Boat Ramp","land_type":"Public Access Site","dnr_accessid":567,"id":"launch-0580"}},{"type":"Feature","geometry":{"type":"Point","coordinates":[-86.836859,38.393339]},"properties":{"name":"Beaver Dam Lake","access":"public","lake":"Beaver Dam Lake","county":"Dubois","lat":38.393339,"lng":-86.836859,"source":"Indiana DNR Fish & Wildlife \u2014 Fishing Access Sites","source_url":"https://gisdata.in.gov/server/rest/services/Hosted/Fish_Access_RO/FeatureServer/0","notes":"Launch: Boat Ramp; Ramp: Concrete; Fee: Yes; Parking: PARKING_LOT; Motor: None; ADA: No","launch_type":"Boat Ramp","land_type":"Public Access Site","dnr_accessid":870,"id":"launch-0581"}},{"type":"Feature","geometry":{"type":"Point","coordinates":[-85.685956,41.347094]},"properties":{"name":"Bass Pond","access":"public","lake":"Bass Pond","county":"Kosciusko","lat":41.347094,"lng":-85.685956,"source":"Indiana DNR Fish & Wildlife \u2014 Fishing Access Sites","source_url":"https://gisdata.in.gov/server/rest/services/Hosted/Fish_Access_RO/FeatureServer/0","notes":"Launch: Boat Ramp; Ramp: Gravel; Fee: No; Parking: PARKING_LOT; Motor: Electric only; ADA: No","launch_type":"Boat Ramp","land_type":"Public Access Site","dnr_accessid":837,"id":"launch-0582"}},{"type":"Feature","geometry":{"type":"Point","coordinates":[-86.355045,39.311897]},"properties":{"name":"Bear Lake","access":"public","lake":"Bear Lake","county":"Brown","lat":39.311897,"lng":-86.355045,"source":"Indiana DNR Fish & Wildlife \u2014 Fishing Access Sites","source_url":"https://gisdata.in.gov/server/rest/services/Hosted/Fish_Access_RO/FeatureServer/0","notes":"Launch: Boat Ramp; Ramp: Gravel; Fee: No; Parking: PULL_OFF; Motor: Electric only; ADA: No","launch_type":"Boat Ramp","land_type":"Public Access Site","dnr_accessid":637,"id":"launch-0583"}},{"type":"Feature","geometry":{"type":"Point","coordinates":[-86.493605,41.177273]},"properties":{"name":"Hartz Lake","access":"public","lake":"Hartz Lake","county":"Starke","lat":41.177273,"lng":-86.493605,"source":"Indiana DNR Fish & Wildlife \u2014 Fishing Access Sites","source_url":"https://gisdata.in.gov/server/rest/services/Hosted/Fish_Access_RO/FeatureServer/0","notes":"Launch: Boat Ramp; Ramp: Gravel; Fee: No; Parking: PULL_OFF; Motor: Speed Limit; ADA: No; 10 mph speed limit","launch_type":"Boat Ramp","land_type":"Public Access Site","dnr_accessid":1100,"id":"launch-0584"}},{"type":"Feature","geometry":{"type":"Point","coordinates":[-85.981809,39.346251]},"properties":{"name":"Driftwood PFA-Plover Pit","access":"public","lake":"Plover Pit","county":"Bartholomew","lat":39.346251,"lng":-85.981809,"source":"Indiana DNR Fish & Wildlife \u2014 Fishing Access Sites","source_url":"https://gisdata.in.gov/server/rest/services/Hosted/Fish_Access_RO/FeatureServer/0","notes":"Launch: Boat Ramp; Ramp: Concrete; Fee: No; Parking: PULL_OFF; Motor: Electric only; ADA: Yes","launch_type":"Boat Ramp","land_type":"Public Access Site","dnr_accessid":12,"id":"launch-0585"}},{"type":"Feature","geometry":{"type":"Point","coordinates":[-85.283637,40.127746]},"properties":{"name":"Prairie Creek Reservoir","access":"public","lake":"Prairie Creek Reservoir","county":"Delaware","lat":40.127746,"lng":-85.283637,"source":"Indiana DNR Fish & Wildlife \u2014 Fishing Access Sites","source_url":"https://gisdata.in.gov/server/rest/services/Hosted/Fish_Access_RO/FeatureServer/0","notes":"Launch: Boat Ramp; Ramp: Concrete; Fee: Yes; Parking: PULL_OFF; Motor: Speed Limit; ADA: No","launch_type":"Boat Ramp","land_type":"Public Access Site","dnr_accessid":842,"id":"launch-0586"}},{"type":"Feature","geometry":{"type":"Point","coordinates":[-85.979359,39.342328]},"properties":{"name":"Driftwood PFA-Sandpiper Pit","access":"public","lake":"Sandpiper Pit","county":"Bartholomew","lat":39.342328,"lng":-85.979359,"source":"Indiana DNR Fish & Wildlife \u2014 Fishing Access Sites","source_url":"https://gisdata.in.gov/server/rest/services/Hosted/Fish_Access_RO/FeatureServer/0","notes":"Launch: Boat Ramp; Ramp: Gravel; Fee: No; Parking: PULL_OFF; Motor: Electric only; ADA: No","launch_type":"Boat Ramp","land_type":"Public Fishing Area","dnr_accessid":14,"id":"launch-0587"}},{"type":"Feature","geometry":{"type":"Point","coordinates":[-86.021236,39.387407]},"properties":{"name":"Pisgah #2","access":"public","lake":"Pisgah Lake","county":"Johnson","lat":39.387407,"lng":-86.021236,"source":"Indiana DNR Fish & Wildlife \u2014 Fishing Access Sites","source_url":"https://gisdata.in.gov/server/rest/services/Hosted/Fish_Access_RO/FeatureServer/0","notes":"Launch: Boat Ramp; Ramp: Concrete; Fee: No; Parking: PARKING_LOT; Motor: Electric only; ADA: No","launch_type":"Boat Ramp","land_type":"Public Access Site","dnr_accessid":110,"id":"launch-0588"}},{"type":"Feature","geometry":{"type":"Point","coordinates":[-87.243092,39.176269]},"properties":{"name":"Lake Shakamak","access":"public","lake":"Lake Shakamak","county":"Sullivan","lat":39.176269,"lng":-87.243092,"source":"Indiana DNR Fish & Wildlife \u2014 Fishing Access Sites","source_url":"https://gisdata.in.gov/server/rest/services/Hosted/Fish_Access_RO/FeatureServer/0","notes":"Launch: Boat Ramp; Ramp: Concrete; Fee: Yes; Parking: PARKING_LOT; Motor: Electric only; ADA: No","launch_type":"Boat Ramp","land_type":"Public Access Site","dnr_accessid":566,"id":"launch-0589"}},{"type":"Feature","geometry":{"type":"Point","coordinates":[-87.250905,38.061198]},"properties":{"name":"Scales Lake (Warrick Co. Parks Dept)","access":"public","lake":"Scales Lake","county":"Warrick","lat":38.061198,"lng":-87.250905,"source":"Indiana DNR Fish & Wildlife \u2014 Fishing Access Sites","source_url":"https://gisdata.in.gov/server/rest/services/Hosted/Fish_Access_RO/FeatureServer/0","notes":"Launch: Boat Ramp; Ramp: Concrete; Fee: Yes; Parking: PULL_OFF; Motor: Electric only; ADA: Yes","launch_type":"Boat Ramp","land_type":"Public Access Site","dnr_accessid":402,"id":"launch-0590"}},{"type":"Feature","geometry":{"type":"Point","coordinates":[-86.663527,38.059605]},"properties":{"name":"Saddle Lake","access":"public","lake":"Saddle Lake","county":"Perry","lat":38.059605,"lng":-86.663527,"source":"Indiana DNR Fish & Wildlife \u2014 Fishing Access Sites","source_url":"https://gisdata.in.gov/server/rest/services/Hosted/Fish_Access_RO/FeatureServer/0","notes":"Launch: Boat Ramp; Ramp: Concrete; Fee: No; Parking: PARKING_LOT; Motor: Electric only; ADA: No","launch_type":"Boat Ramp","land_type":"Public Access Site","dnr_accessid":260,"id":"launch-0591"}},{"type":"Feature","geometry":{"type":"Point","coordinates":[-87.21889,39.779064]},"properties":{"name":"Rockville Lake","access":"public","lake":"Rockville Lake","county":"Parke","lat":39.779064,"lng":-87.21889,"source":"Indiana DNR Fish & Wildlife \u2014 Fishing Access Sites","source_url":"https://gisdata.in.gov/server/rest/services/Hosted/Fish_Access_RO/FeatureServer/0","notes":"Launch: Boat Ramp; Ramp: Concrete; Fee: Yes; Parking: PARKING_LOT; Motor: Electric only; ADA: No","launch_type":"Boat Ramp","land_type":"Public Access Site","dnr_accessid":253,"id":"launch-0592"}},{"type":"Feature","geometry":{"type":"Point","coordinates":[-86.085939,38.574731]},"properties":{"name":"Lake Salinda","access":"public","lake":"Lake Salinda","county":"Washington","lat":38.574731,"lng":-86.085939,"source":"Indiana DNR Fish & Wildlife \u2014 Fishing Access Sites","source_url":"https://gisdata.in.gov/server/rest/services/Hosted/Fish_Access_RO/FeatureServer/0","notes":"Launch: Boat Ramp; Ramp:  ; Fee: Yes; Parking: PULL_OFF; Motor: Electric only; ADA: Yes","launch_type":"Boat Ramp","land_type":"Public Access Site","dnr_accessid":549,"id":"launch-0593"}},{"type":"Feature","geometry":{"type":"Point","coordinates":[-85.692768,41.355504]},"properties":{"name":"Shock Lake","access":"public","lake":"Shock Lake","county":"Kosciusko","lat":41.355504,"lng":-85.692768,"source":"Indiana DNR Fish & Wildlife \u2014 Fishing Access Sites","source_url":"https://gisdata.in.gov/server/rest/services/Hosted/Fish_Access_RO/FeatureServer/0","notes":"Launch: Boat Ramp; Ramp: Concrete; Fee: No; Parking: PARKING_LOT; Motor: Electric only; ADA: No","launch_type":"Boat Ramp","land_type":"Public Access Site","dnr_accessid":131,"id":"launch-0594"}},{"type":"Feature","geometry":{"type":"Point","coordinates":[-86.193573,40.953641]},"properties":{"name":"South Mud Lake","access":"public","lake":"South Mud Lake","county":"Fulton","lat":40.953641,"lng":-86.193573,"source":"Indiana DNR Fish & Wildlife \u2014 Fishing Access Sites","source_url":"https://gisdata.in.gov/server/rest/services/Hosted/Fish_Access_RO/FeatureServer/0","notes":"Launch: Boat Ramp; Ramp: Concrete; Fee: No; Parking: PARKING_LOT; Motor: None; ADA: Yes","launch_type":"Boat Ramp","land_type":"Public Access Site","dnr_accessid":66,"id":"launch-0595"}},{"type":"Feature","geometry":{"type":"Point","coordinates":[-86.41272,38.736984]},"properties":{"name":"Spring Mill Park Lake","access":"public","lake":"Spring Mill Park Lake","county":"Lawrence","lat":38.736984,"lng":-86.41272,"source":"Indiana DNR Fish & Wildlife \u2014 Fishing Access Sites","source_url":"https://gisdata.in.gov/server/rest/services/Hosted/Fish_Access_RO/FeatureServer/0","notes":"Launch: Carry Down; Ramp: Concrete; Fee: Yes; Parking: PARKING_LOT; Motor: Electric only; ADA: No","launch_type":"Carry Down","land_type":"Public Access Site","dnr_accessid":187,"id":"launch-0596"}},{"type":"Feature","geometry":{"type":"Point","coordinates":[-85.338415,41.610538]},"properties":{"name":"Royer Lake (boat ramp on Fish Lake)","access":"public","lake":"Royer Lake","county":"LaGrange","lat":41.610538,"lng":-85.338415,"source":"Indiana DNR Fish & Wildlife \u2014 Fishing Access Sites","source_url":"https://gisdata.in.gov/server/rest/services/Hosted/Fish_Access_RO/FeatureServer/0","notes":"Launch: Boat Ramp; Ramp: Concrete; Fee: No; Motor: Speed Limit; ADA: No","launch_type":"Boat Ramp","land_type":"Public Access Site","dnr_accessid":635,"id":"launch-0597"}},{"type":"Feature","geometry":{"type":"Point","coordinates":[-86.372155,41.690638]},"properties":{"name":"South Chain","access":"public","lake":"South Chain Lake","county":"St. Joseph","lat":41.690638,"lng":-86.372155,"source":"Indiana DNR Fish & Wildlife \u2014 Fishing Access Sites","source_url":"https://gisdata.in.gov/server/rest/services/Hosted/Fish_Access_RO/FeatureServer/0","notes":"Launch: Boat Ramp; Ramp: Concrete; Fee: Yes; Motor: Speed Limit; ADA: No; 10 mph speed limit","launch_type":"Boat Ramp","land_type":"Public Access Site","dnr_accessid":1101,"id":"launch-0598"}},{"type":"Feature","geometry":{"type":"Point","coordinates":[-85.785096,41.373954]},"properties":{"name":"Dewart Lake","access":"public","lake":"Dewart Lake","county":"Kosciusko","lat":41.373954,"lng":-85.785096,"source":"Indiana DNR Fish & Wildlife \u2014 Fishing Access Sites","source_url":"https://gisdata.in.gov/server/rest/services/Hosted/Fish_Access_RO/FeatureServer/0","notes":"Launch: Boat Ramp; Ramp: Concrete; Fee: No; Parking: PARKING_LOT; Motor: None; ADA: Yes","launch_type":"Boat Ramp","land_type":"Public Access Site","dnr_accessid":123,"id":"launch-0599"}},{"type":"Feature","geometry":{"type":"Point","coordinates":[-87.342971,39.059874]},"properties":{"name":"Duck Lake","access":"public","lake":"Duck Lake","county":"Sullivan","lat":39.059874,"lng":-87.342971,"source":"Indiana DNR Fish & Wildlife \u2014 Fishing Access Sites","source_url":"https://gisdata.in.gov/server/rest/services/Hosted/Fish_Access_RO/FeatureServer/0","notes":"Launch: Boat Ramp; Ramp:  ; Fee: Yes; Parking: PARKING_LOT; Motor: Electric only; ADA: No","launch_type":"Boat Ramp","land_type":"Public Access Site","dnr_accessid":570,"id":"launch-0600"}},{"type":"Feature","geometry":{"type":"Point","coordinates":[-85.518336,41.437382]},"properties":{"name":"Diamond Lake","access":"public","lake":"Diamond Lake","county":"Noble","lat":41.437382,"lng":-85.518336,"source":"Indiana DNR Fish & Wildlife \u2014 Fishing Access Sites","source_url":"https://gisdata.in.gov/server/rest/services/Hosted/Fish_Access_RO/FeatureServer/0","notes":"Launch: Boat Ramp; Ramp: Concrete; Fee: No; Parking: PULL_OFF; Motor: None; ADA: Yes","launch_type":"Boat Ramp","land_type":"Public Access Site","dnr_accessid":228,"id":"launch-0601"}},{"type":"Feature","geometry":{"type":"Point","coordinates":[-86.651206,38.195958]},"properties":{"name":"Indian Lake","access":"public","lake":"Indian Lake","county":"Perry","lat":38.195958,"lng":-86.651206,"source":"Indiana DNR Fish & Wildlife \u2014 Fishing Access Sites","source_url":"https://gisdata.in.gov/server/rest/services/Hosted/Fish_Access_RO/FeatureServer/0","notes":"Launch: Boat Ramp; Ramp: Concrete; Fee: Yes; Parking: PARKING_LOT; Motor: Electric only; ADA: No","launch_type":"Boat Ramp","land_type":"Public Access Site","dnr_accessid":256,"id":"launch-0602"}},{"type":"Feature","geometry":{"type":"Point","coordinates":[-87.244199,39.171689]},"properties":{"name":"Kickapoo Lake","access":"public","lake":"Kickapoo Lake","county":"Sullivan","lat":39.171689,"lng":-87.244199,"source":"Indiana DNR Fish & Wildlife \u2014 Fishing Access Sites","source_url":"https://gisdata.in.gov/server/rest/services/Hosted/Fish_Access_RO/FeatureServer/0","notes":"Launch: Boat Ramp; Ramp: Concrete; Fee: Yes; Parking: PARKING_LOT; Motor: Electric only; ADA: No","launch_type":"Boat Ramp","land_type":"Public Access Site","dnr_accessid":348,"id":"launch-0603"}},{"type":"Feature","geometry":{"type":"Point","coordinates":[-87.518476,40.973024]},"properties":{"name":"J.C. Murphey Lake","access":"public","lake":"J.C. Murphey Lake","county":"Newton","lat":40.973024,"lng":-87.518476,"source":"Indiana DNR Fish & Wildlife \u2014 Fishing Access Sites","source_url":"https://gisdata.in.gov/server/rest/services/Hosted/Fish_Access_RO/FeatureServer/0","notes":"Launch: Boat Ramp; Ramp: Concrete; Fee: No; Parking: PARKING_LOT; Motor: Electric only; ADA: Yes","launch_type":"Boat Ramp","land_type":"Public Access Site","dnr_accessid":217,"id":"launch-0604"}},{"type":"Feature","geometry":{"type":"Point","coordinates":[-85.958397,40.121698]},"properties":{"name":"Koteewi Lake","access":"public","lake":"Koteewi Lake","county":"Hamilton","lat":40.121698,"lng":-85.958397,"source":"Indiana DNR Fish & Wildlife \u2014 Fishing Access Sites","source_url":"https://gisdata.in.gov/server/rest/services/Hosted/Fish_Access_RO/FeatureServer/0","notes":"Launch: Boat Ramp; Ramp: Concrete; Fee: No; Motor: Electric only; ADA: No","launch_type":"Boat Ramp","land_type":"Public Access Site","dnr_accessid":638,"id":"launch-0605"}},{"type":"Feature","geometry":{"type":"Point","coordinates":[-86.168882,41.050213]},"properties":{"name":"Lake Manitou","access":"public","lake":"Lake Manitou","county":"Fulton","lat":41.050213,"lng":-86.168882,"source":"Indiana DNR Fish & Wildlife \u2014 Fishing Access Sites","source_url":"https://gisdata.in.gov/server/rest/services/Hosted/Fish_Access_RO/FeatureServer/0","notes":"Launch: Boat Ramp; Ramp: Concrete; Fee: No; Parking: PARKING_LOT; Motor: None; ADA: No","launch_type":"Boat Ramp","land_type":"Public Access Site","dnr_accessid":63,"id":"launch-0606"}},{"type":"Feature","geometry":{"type":"Point","coordinates":[-86.759026,40.77668]},"properties":{"name":"Norway Dam PFA","access":"public","lake":"Tippecanoe River","county":"White","lat":40.77668,"lng":-86.759026,"source":"Indiana DNR Fish & Wildlife \u2014 Fishing Access Sites","source_url":"https://gisdata.in.gov/server/rest/services/Hosted/Fish_Access_RO/FeatureServer/0","notes":"Launch: Carry Down; Ramp: Gravel; Fee: No; Parking: PARKING_LOT; Motor: None; ADA: No","launch_type":"Carry Down","land_type":"Public Fishing Area","dnr_accessid":411,"id":"launch-0607"}},{"type":"Feature","geometry":{"type":"Point","coordinates":[-87.07693,39.730959]},"properties":{"name":"Raccoon Ramp","access":"public","lake":"Cecil M Harden Lake","county":"Parke","lat":39.730959,"lng":-87.07693,"source":"Indiana DNR Fish & Wildlife \u2014 Fishing Access Sites","source_url":"https://gisdata.in.gov/server/rest/services/Hosted/Fish_Access_RO/FeatureServer/0","notes":"Launch: Boat Ramp; Ramp: Concrete; Fee: Yes; Parking: PARKING_LOT; Motor: None; ADA: Yes","launch_type":"Boat Ramp","land_type":"Public Access Site","dnr_accessid":474,"id":"launch-0608"}},{"type":"Feature","geometry":{"type":"Point","coordinates":[-86.042076,38.724757]},"properties":{"name":"Delaney Creek Park Lake","access":"public","lake":"Delaney Creek Park Lake","county":"Washington","lat":38.724757,"lng":-86.042076,"source":"Indiana DNR Fish & Wildlife \u2014 Fishing Access Sites","source_url":"https://gisdata.in.gov/server/rest/services/Hosted/Fish_Access_RO/FeatureServer/0","notes":"Launch: Boat Ramp; Ramp: Concrete; Fee: Yes; Parking: PARKING_LOT; Motor:  ; ADA:  ","launch_type":"Boat Ramp","land_type":"Public Access Site","dnr_accessid":547,"id":"launch-0609"}},{"type":"Feature","geometry":{"type":"Point","coordinates":[-85.517491,39.3324]},"properties":{"name":"Decatur Lake","access":"public","lake":"Decatur Lake","county":"Decatur","lat":39.3324,"lng":-85.517491,"source":"Indiana DNR Fish & Wildlife \u2014 Fishing Access Sites","source_url":"https://gisdata.in.gov/server/rest/services/Hosted/Fish_Access_RO/FeatureServer/0","notes":"Launch: Boat Ramp; Ramp: Concrete; Fee: Yes; Parking: PULL_OFF; Motor: Electric only; ADA: No","launch_type":"Boat Ramp","land_type":"Public Access Site","dnr_accessid":1102,"id":"launch-0610"}},{"type":"Feature","geometry":{"type":"Point","coordinates":[-85.324976,41.625352]},"properties":{"name":"Fish Lake","access":"public","lake":"Fish Lake","county":"LaGrange","lat":41.625352,"lng":-85.324976,"source":"Indiana DNR Fish & Wildlife \u2014 Fishing Access Sites","source_url":"https://gisdata.in.gov/server/rest/services/Hosted/Fish_Access_RO/FeatureServer/0","notes":"Launch: Boat Ramp; Ramp: Concrete; Fee: ccc; Parking: PARKING_LOT; Motor: None; ADA: Yes","launch_type":"Boat Ramp","land_type":"Public Access Site","dnr_accessid":146,"id":"launch-0611"}},{"type":"Feature","geometry":{"type":"Point","coordinates":[-85.68674,38.780248]},"properties":{"name":"Carmel Ramp","access":"public","lake":"Hardy Lake","county":"Scott","lat":38.780248,"lng":-85.68674,"source":"Indiana DNR Fish & Wildlife \u2014 Fishing Access Sites","source_url":"https://gisdata.in.gov/server/rest/services/Hosted/Fish_Access_RO/FeatureServer/0","notes":"Launch: Boat Ramp; Ramp: Concrete; Fee: Yes; Parking: PARKING_LOT; Motor: None; ADA: No","launch_type":"Boat Ramp","land_type":"Public Access Site","dnr_accessid":844,"id":"launch-0612"}},{"type":"Feature","geometry":{"type":"Point","coordinates":[-85.690432,38.772918]},"properties":{"name":"Wooster Ramp","access":"public","lake":"Hardy Lake","county":"Scott","lat":38.772918,"lng":-85.690432,"source":"Indiana DNR Fish & Wildlife \u2014 Fishing Access Sites","source_url":"https://gisdata.in.gov/server/rest/services/Hosted/Fish_Access_RO/FeatureServer/0","notes":"Launch: Canoe Ramp; Ramp: Concrete; Fee: Yes; Parking: PARKING_LOT; Motor: None; ADA: No","launch_type":"Canoe Ramp","land_type":"Public Access Site","dnr_accessid":843,"id":"launch-0613"}},{"type":"Feature","geometry":{"type":"Point","coordinates":[-87.506227,39.510515]},"properties":{"name":"Green Valley PFA","access":"public","lake":"Green Valley Mine Pond","county":"Vigo","lat":39.510515,"lng":-87.506227,"source":"Indiana DNR Fish & Wildlife \u2014 Fishing Access Sites","source_url":"https://gisdata.in.gov/server/rest/services/Hosted/Fish_Access_RO/FeatureServer/0","notes":"Launch: Boat Ramp; Ramp: Concrete; Fee: No; Parking: PARKING_LOT; Motor: Electric only; ADA: No","launch_type":"Boat Ramp","land_type":"Public Fishing Area","dnr_accessid":377,"id":"launch-0614"}},{"type":"Feature","geometry":{"type":"Point","coordinates":[-86.339485,41.29798]},"properties":{"name":"Lawrence Lake","access":"public","lake":"Lawrence Lake","county":"Marshall","lat":41.29798,"lng":-86.339485,"source":"Indiana DNR Fish & Wildlife \u2014 Fishing Access Sites","source_url":"https://gisdata.in.gov/server/rest/services/Hosted/Fish_Access_RO/FeatureServer/0","notes":"Launch: Boat Ramp; Ramp: Concrete; Fee: No; Parking: PARKING_LOT; Motor: None; ADA: Yes","launch_type":"Boat Ramp","land_type":"Public Access Site","dnr_accessid":196,"id":"launch-0615"}},{"type":"Feature","geometry":{"type":"Point","coordinates":[-84.962338,41.235622]},"properties":{"name":"Hurshtown Reservoir","access":"public","lake":"Hurshtown Reservoir","county":"Allen","lat":41.235622,"lng":-84.962338,"source":"Indiana DNR Fish & Wildlife \u2014 Fishing Access Sites","source_url":"https://gisdata.in.gov/server/rest/services/Hosted/Fish_Access_RO/FeatureServer/0","notes":"Launch: Boat Ramp; Ramp: Concrete; Fee: Yes; Parking: PARKING_LOT; Motor: Electric only; ADA: Yes","launch_type":"Boat Ramp","land_type":"Public Access Site","dnr_accessid":4,"id":"launch-0616"}},{"type":"Feature","geometry":{"type":"Point","coordinates":[-86.193905,41.061029]},"properties":{"name":"Lake Manitou","access":"public","lake":"Lake Manitou","county":"Fulton","lat":41.061029,"lng":-86.193905,"source":"Indiana DNR Fish & Wildlife \u2014 Fishing Access Sites","source_url":"https://gisdata.in.gov/server/rest/services/Hosted/Fish_Access_RO/FeatureServer/0","notes":"Launch: Boat Ramp; Ramp: Concrete; Fee: No; Parking: PARKING_LOT; Motor: None; ADA: Yes","launch_type":"Boat Ramp","land_type":"Public Access Site","dnr_accessid":62,"id":"launch-0617"}},{"type":"Feature","geometry":{"type":"Point","coordinates":[-87.235937,39.169102]},"properties":{"name":"Lake Lenape","access":"public","lake":"Lake Lenape","county":"Greene","lat":39.169102,"lng":-87.235937,"source":"Indiana DNR Fish & Wildlife \u2014 Fishing Access Sites","source_url":"https://gisdata.in.gov/server/rest/services/Hosted/Fish_Access_RO/FeatureServer/0","notes":"Launch: Boat Ramp; Ramp:  ; Fee: Yes; Parking: PARKING_LOT; Motor: Electric only; ADA: No","launch_type":"Boat Ramp","land_type":"Public Access Site","dnr_accessid":565,"id":"launch-0618"}},{"type":"Feature","geometry":{"type":"Point","coordinates":[-87.461324,38.070222]},"properties":{"name":"Blue Grass FWA New Harmony Rd","access":"public","lake":"Loon Pit","county":"Warrick","lat":38.070222,"lng":-87.461324,"source":"Indiana DNR Fish & Wildlife \u2014 Fishing Access Sites","source_url":"https://gisdata.in.gov/server/rest/services/Hosted/Fish_Access_RO/FeatureServer/0","notes":"Launch: Boat Ramp; Ramp: Gravel; Fee: No; Parking: PULL_OFF; Motor: Electric only; ADA: No","launch_type":"Boat Ramp","land_type":"Public Access Site","dnr_accessid":477,"id":"launch-0619"}},{"type":"Feature","geometry":{"type":"Point","coordinates":[-87.062338,41.517662]},"properties":{"name":"Loomis Lake","access":"public","lake":"Loomis Lake","county":"Porter","lat":41.517662,"lng":-87.062338,"source":"Indiana DNR Fish & Wildlife \u2014 Fishing Access Sites","source_url":"https://gisdata.in.gov/server/rest/services/Hosted/Fish_Access_RO/FeatureServer/0","notes":"Launch: Boat Ramp; Ramp:  ; Fee: Yes; Parking: PARKING_LOT; Motor: Electric only; ADA: No","launch_type":"Boat Ramp","land_type":"Public Access Site","dnr_accessid":283,"id":"launch-0620"}},{"type":"Feature","geometry":{"type":"Point","coordinates":[-86.455057,39.069423]},"properties":{"name":"Moore's Creek","access":"public","lake":"Monroe Lake","county":"Monroe","lat":39.069423,"lng":-86.455057,"source":"Indiana DNR Fish & Wildlife \u2014 Fishing Access Sites","source_url":"https://gisdata.in.gov/server/rest/services/Hosted/Fish_Access_RO/FeatureServer/0","notes":"Launch: Boat Ramp; Ramp: Concrete; Fee: Yes; Parking: PARKING_LOT; Motor: None; ADA: No","launch_type":"Boat Ramp","land_type":"Public Access Site","dnr_accessid":208,"id":"launch-0621"}},{"type":"Feature","geometry":{"type":"Point","coordinates":[-87.075026,39.71804]},"properties":{"name":"Mansfield Ramp","access":"public","lake":"Cecil M Harden Lake","county":"Parke","lat":39.71804,"lng":-87.075026,"source":"Indiana DNR Fish & Wildlife \u2014 Fishing Access Sites","source_url":"https://gisdata.in.gov/server/rest/services/Hosted/Fish_Access_RO/FeatureServer/0","notes":"Launch: Boat Ramp; Ramp: Concrete; Fee: Yes; Parking: PARKING_LOT; Motor: None; ADA: Yes","launch_type":"Boat Ramp","land_type":"Public Access Site","dnr_accessid":473,"id":"launch-0622"}},{"type":"Feature","geometry":{"type":"Point","coordinates":[-86.512756,39.19805]},"properties":{"name":"Griffy Lake","access":"public","lake":"Griffy Lake","county":"Monroe","lat":39.19805,"lng":-86.512756,"source":"Indiana DNR Fish & Wildlife \u2014 Fishing Access Sites","source_url":"https://gisdata.in.gov/server/rest/services/Hosted/Fish_Access_RO/FeatureServer/0","notes":"Launch: Boat Ramp; Ramp: Concrete; Fee: Yes; Parking: PARKING_LOT; Motor: Electric only; ADA: No","launch_type":"Boat Ramp","land_type":"Public Access Site","dnr_accessid":456,"id":"launch-0623"}},{"type":"Feature","geometry":{"type":"Point","coordinates":[-85.017376,41.623078]},"properties":{"name":"Fox Lake","access":"public","lake":"Fox Lake","county":"Steuben","lat":41.623078,"lng":-85.017376,"source":"Indiana DNR Fish & Wildlife \u2014 Fishing Access Sites","source_url":"https://gisdata.in.gov/server/rest/services/Hosted/Fish_Access_RO/FeatureServer/0","notes":"Launch: Boat Ramp; Ramp: Concrete; Fee: No; Parking: PARKING_LOT; Motor: None; ADA: No","launch_type":"Boat Ramp","land_type":"Public Access Site","dnr_accessid":329,"id":"launch-0624"}},{"type":"Feature","geometry":{"type":"Point","coordinates":[-87.055307,39.730701]},"properties":{"name":"Walker Ramp","access":"public","lake":"Cecil M Harden Lake","county":"Parke","lat":39.730701,"lng":-87.055307,"source":"Indiana DNR Fish & Wildlife \u2014 Fishing Access Sites","source_url":"https://gisdata.in.gov/server/rest/services/Hosted/Fish_Access_RO/FeatureServer/0","notes":"Launch: Boat Ramp; Ramp: Concrete; Fee: Yes; Parking: PARKING_LOT; Motor: None; ADA: Yes","launch_type":"Boat Ramp","land_type":"Public Access Site","dnr_accessid":472,"id":"launch-0625"}},{"type":"Feature","geometry":{"type":"Point","coordinates":[-87.059936,39.754107]},"properties":{"name":"Hollandsburg","access":"public","lake":"Cecil M Harden Lake","county":"Parke","lat":39.754107,"lng":-87.059936,"source":"Indiana DNR Fish & Wildlife \u2014 Fishing Access Sites","source_url":"https://gisdata.in.gov/server/rest/services/Hosted/Fish_Access_RO/FeatureServer/0","notes":"Launch: Boat Ramp; Ramp: Concrete; Fee: Yes; Parking: PARKING_LOT; Motor: None; ADA: Yes","launch_type":"Boat Ramp","land_type":"Public Access Site","dnr_accessid":251,"id":"launch-0626"}},{"type":"Feature","geometry":{"type":"Point","coordinates":[-85.949671,38.649808]},"properties":{"name":"Elk Creek PFA","access":"public","lake":"Elk Creek Lake","county":"Washington","lat":38.649808,"lng":-85.949671,"source":"Indiana DNR Fish & Wildlife \u2014 Fishing Access Sites","source_url":"https://gisdata.in.gov/server/rest/services/Hosted/Fish_Access_RO/FeatureServer/0","notes":"Launch: Boat Ramp; Ramp: Concrete; Fee: No; Parking: PARKING_LOT; Motor: Electric only; ADA: No","launch_type":"Boat Ramp","land_type":"Public Fishing Area","dnr_accessid":403,"id":"launch-0627"}},{"type":"Feature","geometry":{"type":"Point","coordinates":[-86.54795,41.566844]},"properties":{"name":"Upper/Lower Fish Lake","access":"public","lake":"Upper Fish Lake","county":"LaPorte","lat":41.566844,"lng":-86.54795,"source":"Indiana DNR Fish & Wildlife \u2014 Fishing Access Sites","source_url":"https://gisdata.in.gov/server/rest/services/Hosted/Fish_Access_RO/FeatureServer/0","notes":"Launch: Boat Ramp; Ramp: Concrete; Fee: No; Parking: PARKING_LOT; Motor: None; ADA: No","launch_type":"Boat Ramp","land_type":"Public Access Site","dnr_accessid":174,"id":"launch-0628"}},{"type":"Feature","geometry":{"type":"Point","coordinates":[-87.460597,38.088791]},"properties":{"name":"Blue Grass FWA Kansas Rd","access":"public","lake":"Loon Pit","county":"Warrick","lat":38.088791,"lng":-87.460597,"source":"Indiana DNR Fish & Wildlife \u2014 Fishing Access Sites","source_url":"https://gisdata.in.gov/server/rest/services/Hosted/Fish_Access_RO/FeatureServer/0","notes":"Launch: Boat Ramp; Ramp: Concrete; Fee: No; Parking: PULL_OFF; Motor: Electric only; ADA: No","launch_type":"Boat Ramp","land_type":"Public Access Site","dnr_accessid":398,"id":"launch-0629"}},{"type":"Feature","geometry":{"type":"Point","coordinates":[-86.327693,39.093827]},"properties":{"name":"Crooked Creek","access":"public","lake":"Monroe Lake","county":"Brown","lat":39.093827,"lng":-86.327693,"source":"Indiana DNR Fish & Wildlife \u2014 Fishing Access Sites","source_url":"https://gisdata.in.gov/server/rest/services/Hosted/Fish_Access_RO/FeatureServer/0","notes":"Launch: Boat Ramp; Ramp: Concrete; Fee: Yes; Parking: PARKING_LOT; Motor: None; ADA: No","launch_type":"Boat Ramp","land_type":"Public Access Site","dnr_accessid":470,"id":"launch-0630"}},{"type":"Feature","geometry":{"type":"Point","coordinates":[-86.248223,39.160735]},"properties":{"name":"Ogle Lake","access":"public","lake":"Ogle Lake","county":"Brown","lat":39.160735,"lng":-86.248223,"source":"Indiana DNR Fish & Wildlife \u2014 Fishing Access Sites","source_url":"https://gisdata.in.gov/server/rest/services/Hosted/Fish_Access_RO/FeatureServer/0","notes":"Launch: Carry Down; Ramp:  ; Fee: Yes; Parking: PARKING_LOT; Motor: NA; ADA: No","launch_type":"Carry Down","land_type":"Public Fishing Area","dnr_accessid":555,"id":"launch-0631"}},{"type":"Feature","geometry":{"type":"Point","coordinates":[-86.189231,40.960898]},"properties":{"name":"Nyona Lake","access":"public","lake":"Nyona Lake","county":"Fulton","lat":40.960898,"lng":-86.189231,"source":"Indiana DNR Fish & Wildlife \u2014 Fishing Access Sites","source_url":"https://gisdata.in.gov/server/rest/services/Hosted/Fish_Access_RO/FeatureServer/0","notes":"Launch: Boat Ramp; Ramp: Concrete; Fee: No; Parking: PARKING_LOT; Motor: None; ADA: No","launch_type":"Boat Ramp","land_type":"Public Access Site","dnr_accessid":65,"id":"launch-0632"}},{"type":"Feature","geometry":{"type":"Point","coordinates":[-86.373869,41.701361]},"properties":{"name":"Lentz Landing","access":"public","lake":"North Chain Lake","county":"St. Joseph","lat":41.701361,"lng":-86.373869,"source":"Indiana DNR Fish & Wildlife \u2014 Fishing Access Sites","source_url":"https://gisdata.in.gov/server/rest/services/Hosted/Fish_Access_RO/FeatureServer/0","notes":"Launch: Boat Ramp; Ramp: Concrete; Fee: No; Parking: PARKING_LOT; Motor: None; ADA: No","launch_type":"Boat Ramp","land_type":"Public Access Site","dnr_accessid":309,"id":"launch-0633"}},{"type":"Feature","geometry":{"type":"Point","coordinates":[-86.339615,41.297928]},"properties":{"name":"Myers Lake (launch at Lawrence Lake)","access":"public","lake":"Myers Lake","county":"Marshall","lat":41.297928,"lng":-86.339615,"source":"Indiana DNR Fish & Wildlife \u2014 Fishing Access Sites","source_url":"https://gisdata.in.gov/server/rest/services/Hosted/Fish_Access_RO/FeatureServer/0","notes":"Launch: Boat Ramp; Ramp: Concrete; Fee: No; Parking: PARKING_LOT; Motor: Speed Limit; ADA: Yes; 10 mph speed limit","launch_type":"Boat Ramp","land_type":"Public Access Site","dnr_accessid":1084,"id":"launch-0634"}},{"type":"Feature","geometry":{"type":"Point","coordinates":[-84.990147,39.444041]},"properties":{"name":"Overlook Ramp","access":"public","lake":"Brookville Lake","county":"Franklin","lat":39.444041,"lng":-84.990147,"source":"Indiana DNR Fish & Wildlife \u2014 Fishing Access Sites","source_url":"https://gisdata.in.gov/server/rest/services/Hosted/Fish_Access_RO/FeatureServer/0","notes":"Launch: Boat Ramp; Ramp: Concrete; Fee: Yes; Parking: PARKING_LOT; Motor: None; ADA: Yes","launch_type":"Boat Ramp","land_type":"Public Access Site","dnr_accessid":60,"id":"launch-0635"}},{"type":"Feature","geometry":{"type":"Point","coordinates":[-87.012991,39.778639]},"properties":{"name":"Portland Mills","access":"public","lake":"Cecil M Harden Lake","county":"Parke","lat":39.778639,"lng":-87.012991,"source":"Indiana DNR Fish & Wildlife \u2014 Fishing Access Sites","source_url":"https://gisdata.in.gov/server/rest/services/Hosted/Fish_Access_RO/FeatureServer/0","notes":"Launch: Boat Ramp; Ramp: Concrete; Fee: Yes; Parking: PARKING_LOT; Motor: None; ADA: No","launch_type":"Boat Ramp","land_type":"Public Access Site","dnr_accessid":856,"id":"launch-0636"}},{"type":"Feature","geometry":{"type":"Point","coordinates":[-86.512668,39.0126]},"properties":{"name":"Salt Creek","access":"public","lake":"Monroe Lake","county":"Monroe","lat":39.0126,"lng":-86.512668,"source":"Indiana DNR Fish & Wildlife \u2014 Fishing Access Sites","source_url":"https://gisdata.in.gov/server/rest/services/Hosted/Fish_Access_RO/FeatureServer/0","notes":"Launch: Boat Ramp; Ramp: Concrete; Fee: Yes; Parking: PARKING_LOT; Motor: None; ADA: No","launch_type":"Boat Ramp","land_type":"Public Access Site","dnr_accessid":211,"id":"launch-0637"}},{"type":"Feature","geometry":{"type":"Point","coordinates":[-86.446444,39.031039]},"properties":{"name":"Allen's Creek","access":"public","lake":"Monroe Lake","county":"Monroe","lat":39.031039,"lng":-86.446444,"source":"Indiana DNR Fish & Wildlife \u2014 Fishing Access Sites","source_url":"https://gisdata.in.gov/server/rest/services/Hosted/Fish_Access_RO/FeatureServer/0","notes":"Launch: Boat Ramp; Ramp: Concrete; Fee: Yes; Parking: PARKING_LOT; Motor: None; ADA: No","launch_type":"Boat Ramp","land_type":"Public Access Site","dnr_accessid":203,"id":"launch-0638"}},{"type":"Feature","geometry":{"type":"Point","coordinates":[-86.398212,39.106945]},"properties":{"name":"Pinegrove","access":"public","lake":"Monroe Lake","county":"Monroe","lat":39.106945,"lng":-86.398212,"source":"Indiana DNR Fish & Wildlife \u2014 Fishing Access Sites","source_url":"https://gisdata.in.gov/server/rest/services/Hosted/Fish_Access_RO/FeatureServer/0","notes":"Launch: Boat Ramp; Ramp: Concrete; Fee: Yes; Parking: PARKING_LOT; Motor: None; ADA: No","launch_type":"Boat Ramp","land_type":"Public Access Site","dnr_accessid":210,"id":"launch-0639"}},{"type":"Feature","geometry":{"type":"Point","coordinates":[-86.440811,39.081709]},"properties":{"name":"Paynetown","access":"public","lake":"Monroe Lake","county":"Monroe","lat":39.081709,"lng":-86.440811,"source":"Indiana DNR Fish & Wildlife \u2014 Fishing Access Sites","source_url":"https://gisdata.in.gov/server/rest/services/Hosted/Fish_Access_RO/FeatureServer/0","notes":"Launch: Boat Ramp; Ramp: Concrete; Fee: Yes; Parking: PARKING_LOT; Motor: None; ADA: Yes","launch_type":"Boat Ramp","land_type":"Public Access Site","dnr_accessid":209,"id":"launch-0640"}},{"type":"Feature","geometry":{"type":"Point","coordinates":[-86.479029,39.011581]},"properties":{"name":"Fairfax","access":"public","lake":"Monroe Lake","county":"Monroe","lat":39.011581,"lng":-86.479029,"source":"Indiana DNR Fish & Wildlife \u2014 Fishing Access Sites","source_url":"https://gisdata.in.gov/server/rest/services/Hosted/Fish_Access_RO/FeatureServer/0","notes":"Launch: Boat Ramp; Ramp: Concrete; Fee: Yes; Parking: PARKING_LOT; Motor: None; ADA: No","launch_type":"Boat Ramp","land_type":"Public Access Site","dnr_accessid":205,"id":"launch-0641"}},{"type":"Feature","geometry":{"type":"Point","coordinates":[-84.978379,39.484101]},"properties":{"name":"Templeton Creek Ramp","access":"public","lake":"Brookville Lake","county":"Franklin","lat":39.484101,"lng":-84.978379,"source":"Indiana DNR Fish & Wildlife \u2014 Fishing Access Sites","source_url":"https://gisdata.in.gov/server/rest/services/Hosted/Fish_Access_RO/FeatureServer/0","notes":"Launch: Boat Ramp; Ramp: Concrete; Fee: Yes; Parking: PARKING_LOT; Motor: None; ADA: No","launch_type":"Boat Ramp","land_type":"Public Access Site","dnr_accessid":463,"id":"launch-0642"}},{"type":"Feature","geometry":{"type":"Point","coordinates":[-84.96483,39.479837]},"properties":{"name":"Gar Hill Ramp","access":"public","lake":"Brookville Lake","county":"Franklin","lat":39.479837,"lng":-84.96483,"source":"Indiana DNR Fish & Wildlife \u2014 Fishing Access Sites","source_url":"https://gisdata.in.gov/server/rest/services/Hosted/Fish_Access_RO/FeatureServer/0","notes":"Launch: Boat Ramp; Ramp: Concrete; Fee: Yes; Parking: PARKING_LOT; Motor: None; ADA: No","launch_type":"Boat Ramp","land_type":"Public Access Site","dnr_accessid":464,"id":"launch-0643"}},{"type":"Feature","geometry":{"type":"Point","coordinates":[-85.494392,41.269554]},"properties":{"name":"Big Lake (Walter Langhor)","access":"public","lake":"Big Lake","county":"Noble","lat":41.269554,"lng":-85.494392,"source":"Indiana DNR Fish & Wildlife \u2014 Fishing Access Sites","source_url":"https://gisdata.in.gov/server/rest/services/Hosted/Fish_Access_RO/FeatureServer/0","notes":"Launch: Boat Ramp; Ramp: Concrete; Fee: No; Parking: PULL_OFF; Motor: None; ADA: Yes","launch_type":"Boat Ramp","land_type":"Public Access Site","dnr_accessid":222,"id":"launch-0644"}},{"type":"Feature","geometry":{"type":"Point","coordinates":[-87.464674,38.089703]},"properties":{"name":"Blue Grass FWA Blue Grass Pit","access":"public","lake":"Blue Grass Pit","county":"Warrick","lat":38.089703,"lng":-87.464674,"source":"Indiana DNR Fish & Wildlife \u2014 Fishing Access Sites","source_url":"https://gisdata.in.gov/server/rest/services/Hosted/Fish_Access_RO/FeatureServer/0","notes":"Launch: Boat Ramp; Ramp: Concrete; Fee: No; Parking: PARKING_LOT; Motor: Electric only; ADA: No","launch_type":"Boat Ramp","land_type":"Public Access Site","dnr_accessid":397,"id":"launch-0645"}},{"type":"Feature","geometry":{"type":"Point","coordinates":[-85.213592,41.6258]},"properties":{"name":"Appleman Lake","access":"public","lake":"Appleman Lake","county":"LaGrange","lat":41.6258,"lng":-85.213592,"source":"Indiana DNR Fish & Wildlife \u2014 Fishing Access Sites","source_url":"https://gisdata.in.gov/server/rest/services/Hosted/Fish_Access_RO/FeatureServer/0","notes":"Launch: Boat Ramp; Ramp: Concrete; Fee: No; Parking: PARKING_LOT; ADA: Yes","launch_type":"Boat Ramp","land_type":"Public Access Site","dnr_accessid":140,"id":"launch-0646"}},{"type":"Feature","geometry":{"type":"Point","coordinates":[-86.868668,40.447579]},"properties":{"name":"Bicentennial Nature Park Big Pond","access":"public","lake":"Bicentennial Nature Park Big Pond","county":"Tippecanoe","lat":40.447579,"lng":-86.868668,"source":"Indiana DNR Fish & Wildlife \u2014 Fishing Access Sites","source_url":"https://gisdata.in.gov/server/rest/services/Hosted/Fish_Access_RO/FeatureServer/0","notes":"Launch: Boat Ramp; Ramp: Gravel; Fee: No; Parking: PARKING_LOT; Motor: Electric only; ADA: No","launch_type":"Boat Ramp","land_type":"Public Access Site","dnr_accessid":639,"id":"launch-0647"}},{"type":"Feature","geometry":{"type":"Point","coordinates":[-86.629299,41.707972]},"properties":{"name":"Hog Lake","access":"public","lake":"Hog Lake","county":"LaPorte","lat":41.707972,"lng":-86.629299,"source":"Indiana DNR Fish & Wildlife \u2014 Fishing Access Sites","source_url":"https://gisdata.in.gov/server/rest/services/Hosted/Fish_Access_RO/FeatureServer/0","notes":"Launch: Boat Ramp; Ramp: Concrete; Fee: No; Parking: PARKING_LOT; Motor: None; ADA: Yes","launch_type":"Boat Ramp","land_type":"Public Access Site","dnr_accessid":175,"id":"launch-0648"}},{"type":"Feature","geometry":{"type":"Point","coordinates":[-87.958631,37.815629]},"properties":{"name":"Hovey Lake","access":"public","lake":"Hovey Lake","county":"Posey","lat":37.815629,"lng":-87.958631,"source":"Indiana DNR Fish & Wildlife \u2014 Fishing Access Sites","source_url":"https://gisdata.in.gov/server/rest/services/Hosted/Fish_Access_RO/FeatureServer/0","notes":"Launch: Boat Ramp; Ramp: Concrete; Fee: No; Parking: PULL_OFF; Motor: <10hp; ADA: No","launch_type":"Boat Ramp","land_type":"Public Access Site","dnr_accessid":288,"id":"launch-0649"}},{"type":"Feature","geometry":{"type":"Point","coordinates":[-86.637219,38.130908]},"properties":{"name":"Tipsaw Lake","access":"public","lake":"Tipsaw Lake","county":"Perry","lat":38.130908,"lng":-86.637219,"source":"Indiana DNR Fish & Wildlife \u2014 Fishing Access Sites","source_url":"https://gisdata.in.gov/server/rest/services/Hosted/Fish_Access_RO/FeatureServer/0","notes":"Launch: Boat Ramp; Ramp: Concrete; Fee: Yes; Parking: PARKING_LOT; Motor: Electric only; ADA: No","launch_type":"Boat Ramp","land_type":"Public Access Site","dnr_accessid":262,"id":"launch-0650"}},{"type":"Feature","geometry":{"type":"Point","coordinates":[-87.381056,39.103009]},"properties":{"name":"Lake Sullivan","access":"public","lake":"Lake Sullivan","county":"Sullivan","lat":39.103009,"lng":-87.381056,"source":"Indiana DNR Fish & Wildlife \u2014 Fishing Access Sites","source_url":"https://gisdata.in.gov/server/rest/services/Hosted/Fish_Access_RO/FeatureServer/0","notes":"Launch: Boat Ramp; Ramp: Concrete; Fee: Yes; Parking: PARKING_LOT; Motor: None; ADA: No","launch_type":"Boat Ramp","land_type":"Public Access Site","dnr_accessid":354,"id":"launch-0651"}},{"type":"Feature","geometry":{"type":"Point","coordinates":[-86.070123,39.377698]},"properties":{"name":"Stone Arch","access":"public","lake":"Stone Arch","county":"Johnson","lat":39.377698,"lng":-86.070123,"source":"Indiana DNR Fish & Wildlife \u2014 Fishing Access Sites","source_url":"https://gisdata.in.gov/server/rest/services/Hosted/Fish_Access_RO/FeatureServer/0","notes":"Launch: Boat Ramp; Ramp: Concrete; Fee: No; Parking: PARKING_LOT; Motor: Electric only; ADA: No","launch_type":"Boat Ramp","land_type":"Public Access Site","dnr_accessid":111,"id":"launch-0652"}},{"type":"Feature","geometry":{"type":"Point","coordinates":[-86.601145,38.405913]},"properties":{"name":"Osborn Ramp","access":"public","lake":"Patoka Lake","county":"Orange","lat":38.405913,"lng":-86.601145,"source":"Indiana DNR Fish & Wildlife \u2014 Fishing Access Sites","source_url":"https://gisdata.in.gov/server/rest/services/Hosted/Fish_Access_RO/FeatureServer/0","notes":"Launch: Boat Ramp; Ramp: Concrete; Fee: Yes; Parking: PARKING_LOT; Motor: None; ADA: Yes","launch_type":"Boat Ramp","land_type":"Public Access Site","dnr_accessid":429,"id":"launch-0653"}},{"type":"Feature","geometry":{"type":"Point","coordinates":[-86.460697,39.020941]},"properties":{"name":"Hardin Ridge","access":"public","lake":"Monroe Lake","county":"Monroe","lat":39.020941,"lng":-86.460697,"source":"Indiana DNR Fish & Wildlife \u2014 Fishing Access Sites","source_url":"https://gisdata.in.gov/server/rest/services/Hosted/Fish_Access_RO/FeatureServer/0","notes":"Launch: Boat Ramp; Ramp: Concrete; Fee: Yes; Parking: PARKING_LOT; Motor: None; ADA: Yes","launch_type":"Boat Ramp","land_type":"Public Access Site","dnr_accessid":206,"id":"launch-0654"}},{"type":"Feature","geometry":{"type":"Point","coordinates":[-86.409212,39.069343]},"properties":{"name":"Cutright","access":"public","lake":"Monroe Lake","county":"Monroe","lat":39.069343,"lng":-86.409212,"source":"Indiana DNR Fish & Wildlife \u2014 Fishing Access Sites","source_url":"https://gisdata.in.gov/server/rest/services/Hosted/Fish_Access_RO/FeatureServer/0","notes":"Launch: Boat Ramp; Ramp: Concrete; Fee: Yes; Parking: PARKING_LOT; Motor: None; ADA: Yes","launch_type":"Boat Ramp","land_type":"Public Access Site","dnr_accessid":204,"id":"launch-0655"}},{"type":"Feature","geometry":{"type":"Point","coordinates":[-86.706008,38.406791]},"properties":{"name":"Lick Fork","access":"public","lake":"Patoka Lake","county":"Dubois","lat":38.406791,"lng":-86.706008,"source":"Indiana DNR Fish & Wildlife \u2014 Fishing Access Sites","source_url":"https://gisdata.in.gov/server/rest/services/Hosted/Fish_Access_RO/FeatureServer/0","notes":"Launch: Boat Ramp; Ramp: Concrete; Fee: Yes; Parking: PARKING_LOT; Motor: None; ADA: No","launch_type":"Boat Ramp","land_type":"Public Access Site","dnr_accessid":509,"id":"launch-0656"}},{"type":"Feature","geometry":{"type":"Point","coordinates":[-86.569389,38.405251]},"properties":{"name":"Wall's Lake Ramp","access":"public","lake":"Patoka Lake","county":"Orange","lat":38.405251,"lng":-86.569389,"source":"Indiana DNR Fish & Wildlife \u2014 Fishing Access Sites","source_url":"https://gisdata.in.gov/server/rest/services/Hosted/Fish_Access_RO/FeatureServer/0","notes":"Launch: Boat Ramp; Ramp: Concrete; Fee: Yes; Parking: PARKING_LOT; Motor: None; ADA: No","launch_type":"Boat Ramp","land_type":"Public Access Site","dnr_accessid":249,"id":"launch-0657"}},{"type":"Feature","geometry":{"type":"Point","coordinates":[-87.295861,37.910335]},"properties":{"name":"Alcoa","access":"public","lake":"Ohio River","county":"Warrick","lat":37.910335,"lng":-87.295861,"source":"Indiana DNR Fish & Wildlife \u2014 Fishing Access Sites","source_url":"https://gisdata.in.gov/server/rest/services/Hosted/Fish_Access_RO/FeatureServer/0","notes":"Launch: Boat Ramp; Ramp: Concrete; Fee: No; Parking: PARKING_LOT; Motor: None; ADA: No","launch_type":"Boat Ramp","land_type":"Public Access Site","dnr_accessid":395,"id":"launch-0658"}},{"type":"Feature","geometry":{"type":"Point","coordinates":[-87.400717,37.942345]},"properties":{"name":"Ohio River (Newburgh Park Dept)","access":"public","lake":"Ohio River","county":"Warrick","lat":37.942345,"lng":-87.400717,"source":"Indiana DNR Fish & Wildlife \u2014 Fishing Access Sites","source_url":"https://gisdata.in.gov/server/rest/services/Hosted/Fish_Access_RO/FeatureServer/0","notes":"Launch: Boat Ramp; Ramp: Concrete; Fee: Yes; Parking: PARKING_LOT; Motor: None; ADA: No","launch_type":"Boat Ramp","land_type":"Public Access Site","dnr_accessid":401,"id":"launch-0659"}},{"type":"Feature","geometry":{"type":"Point","coordinates":[-86.695887,38.372915]},"properties":{"name":"South Lick Fork","access":"public","lake":"Patoka Lake","county":"Dubois","lat":38.372915,"lng":-86.695887,"source":"Indiana DNR Fish & Wildlife \u2014 Fishing Access Sites","source_url":"https://gisdata.in.gov/server/rest/services/Hosted/Fish_Access_RO/FeatureServer/0","notes":"Launch: Boat Ramp; Ramp: Concrete; Fee: Yes; Parking: PARKING_LOT; Motor: None; ADA: No","launch_type":"Boat Ramp","land_type":"Public Access Site","dnr_accessid":510,"id":"launch-0660"}},{"type":"Feature","geometry":{"type":"Point","coordinates":[-86.625291,38.405515]},"properties":{"name":"Newton Stewart Ramp","access":"public","lake":"Patoka Lake","county":"Orange","lat":38.405515,"lng":-86.625291,"source":"Indiana DNR Fish & Wildlife \u2014 Fishing Access Sites","source_url":"https://gisdata.in.gov/server/rest/services/Hosted/Fish_Access_RO/FeatureServer/0","notes":"Launch: Boat Ramp; Ramp: Concrete; Fee: Yes; Parking: PARKING_LOT; Motor: None; ADA: No","launch_type":"Boat Ramp","land_type":"Public Access Site","dnr_accessid":428,"id":"launch-0661"}},{"type":"Feature","geometry":{"type":"Point","coordinates":[-86.661733,38.437872]},"properties":{"name":"Jackson","access":"public","lake":"Patoka Lake","county":"Orange","lat":38.437872,"lng":-86.661733,"source":"Indiana DNR Fish & Wildlife \u2014 Fishing Access Sites","source_url":"https://gisdata.in.gov/server/rest/services/Hosted/Fish_Access_RO/FeatureServer/0","notes":"Launch: Boat Ramp; Ramp: Concrete; Fee: Yes; Parking: PARKING_LOT; Motor: None; ADA: No","launch_type":"Boat Ramp","land_type":"Public Access Site","dnr_accessid":247,"id":"launch-0662"}},{"type":"Feature","geometry":{"type":"Point","coordinates":[-86.020608,39.385834]},"properties":{"name":"Pisgah #1","access":"public","lake":"Pisgah Lake","county":"Johnson","lat":39.385834,"lng":-86.020608,"source":"Indiana DNR Fish & Wildlife \u2014 Fishing Access Sites","source_url":"https://gisdata.in.gov/server/rest/services/Hosted/Fish_Access_RO/FeatureServer/0","notes":"Launch: Boat Ramp; Ramp: Concrete; Fee: No; Parking: PARKING_LOT; Motor: Electric only; ADA: No","launch_type":"Boat Ramp","land_type":"Public Access Site","dnr_accessid":109,"id":"launch-0663"}},{"type":"Feature","geometry":{"type":"Point","coordinates":[-85.704742,38.783594]},"properties":{"name":"Alpha Ramp","access":"public","lake":"Hardy Lake","county":"Scott","lat":38.783594,"lng":-85.704742,"source":"Indiana DNR Fish & Wildlife \u2014 Fishing Access Sites","source_url":"https://gisdata.in.gov/server/rest/services/Hosted/Fish_Access_RO/FeatureServer/0","notes":"Launch: Boat Ramp; Ramp: Concrete; Fee: Yes; Parking: PARKING_LOT; Motor: None; ADA: Yes","launch_type":"Boat Ramp","land_type":"Public Access Site","dnr_accessid":435,"id":"launch-0664"}},{"type":"Feature","geometry":{"type":"Point","coordinates":[-85.311174,40.017971]},"properties":{"name":"Summit Lake (Secondary Ramp)","access":"public","lake":"Summit Lake","county":"Henry","lat":40.017971,"lng":-85.311174,"source":"Indiana DNR Fish & Wildlife \u2014 Fishing Access Sites","source_url":"https://gisdata.in.gov/server/rest/services/Hosted/Fish_Access_RO/FeatureServer/0","notes":"Launch: Boat Ramp; Ramp: Concrete; Fee: Yes; Parking: PULL_OFF; Motor: Speed Limit; ADA: No","launch_type":"Boat Ramp","land_type":"Public Access Site","dnr_accessid":419,"id":"launch-0665"}},{"type":"Feature","geometry":{"type":"Point","coordinates":[-86.075361,38.816743]},"properties":{"name":"Starve Hollow Lake campground north","access":"public","lake":"Starve Hollow Lake","county":"Jackson","lat":38.816743,"lng":-86.075361,"source":"Indiana DNR Fish & Wildlife \u2014 Fishing Access Sites","source_url":"https://gisdata.in.gov/server/rest/services/Hosted/Fish_Access_RO/FeatureServer/0","notes":"Launch: Boat Ramp; Ramp: Concrete; Fee: Yes; Parking: NO_PARKING; Motor: Electric only; ADA: No","launch_type":"Boat Ramp","land_type":"Public Access Site","dnr_accessid":939,"id":"launch-0666"}},{"type":"Feature","geometry":{"type":"Point","coordinates":[-85.3013,40.028691]},"properties":{"name":"Summit Lake (Main Ramp)","access":"public","lake":"Summit Lake","county":"Henry","lat":40.028691,"lng":-85.3013,"source":"Indiana DNR Fish & Wildlife \u2014 Fishing Access Sites","source_url":"https://gisdata.in.gov/server/rest/services/Hosted/Fish_Access_RO/FeatureServer/0","notes":"Launch: Boat Ramp; Ramp: Concrete; Fee: Yes; Parking: PARKING_LOT; Motor: Speed Limit; ADA: No","launch_type":"Boat Ramp","land_type":"Public Access Site","dnr_accessid":81,"id":"launch-0667"}},{"type":"Feature","geometry":{"type":"Point","coordinates":[-86.082516,38.810709]},"properties":{"name":"Starve Hollow Lake","access":"public","lake":"Starve Hollow Lake","county":"Jackson","lat":38.810709,"lng":-86.082516,"source":"Indiana DNR Fish & Wildlife \u2014 Fishing Access Sites","source_url":"https://gisdata.in.gov/server/rest/services/Hosted/Fish_Access_RO/FeatureServer/0","notes":"Launch: Boat Ramp; Ramp: Concrete; Fee: Yes; Parking: PARKING_LOT; Motor: Electric only; ADA: No","launch_type":"Boat Ramp","land_type":"Public Access Site","dnr_accessid":96,"id":"launch-0668"}},{"type":"Feature","geometry":{"type":"Point","coordinates":[-86.07665,38.81479]},"properties":{"name":"Starve Hollow Lake campground south","access":"public","lake":"Starve Hollow Lake","county":"Jackson","lat":38.81479,"lng":-86.07665,"source":"Indiana DNR Fish & Wildlife \u2014 Fishing Access Sites","source_url":"https://gisdata.in.gov/server/rest/services/Hosted/Fish_Access_RO/FeatureServer/0","notes":"Launch: Boat Ramp; Ramp:  ; Fee: Yes; Parking: NO_PARKING; Motor: Electric only; ADA: No","launch_type":"Boat Ramp","land_type":"Public Access Site","dnr_accessid":1105,"id":"launch-0669"}},{"type":"Feature","geometry":{"type":"Point","coordinates":[-86.898679,39.475387]},"properties":{"name":"Cagle Mill Lake","access":"public","lake":"Cagles Mill Lake","county":"Putnam","lat":39.475387,"lng":-86.898679,"source":"Indiana DNR Fish & Wildlife \u2014 Fishing Access Sites","source_url":"https://gisdata.in.gov/server/rest/services/Hosted/Fish_Access_RO/FeatureServer/0","notes":"Launch: Boat Ramp; Ramp: Concrete; Fee: Yes; Parking: PARKING_LOT; Motor: None; ADA: Yes","launch_type":"Boat Ramp","land_type":"Public Access Site","dnr_accessid":475,"id":"launch-0670"}},{"type":"Feature","geometry":{"type":"Point","coordinates":[-86.604513,38.437395]},"properties":{"name":"Painter Creek Ramp","access":"public","lake":"Patoka Lake","county":"Orange","lat":38.437395,"lng":-86.604513,"source":"Indiana DNR Fish & Wildlife \u2014 Fishing Access Sites","source_url":"https://gisdata.in.gov/server/rest/services/Hosted/Fish_Access_RO/FeatureServer/0","notes":"Launch: Boat Ramp; Ramp: Concrete; Fee: Yes; Parking: PARKING_LOT; Motor: None; ADA: No","launch_type":"Boat Ramp","land_type":"Public Access Site","dnr_accessid":430,"id":"launch-0671"}},{"type":"Feature","geometry":{"type":"Point","coordinates":[-87.458388,38.065646]},"properties":{"name":"Otter Pit Blue Grass FWA","access":"public","lake":"Otter Pit","county":"Warrick","lat":38.065646,"lng":-87.458388,"source":"Indiana DNR Fish & Wildlife \u2014 Fishing Access Sites","source_url":"https://gisdata.in.gov/server/rest/services/Hosted/Fish_Access_RO/FeatureServer/0","notes":"Launch: Boat Ramp; Ramp: Concrete & Gravel; Fee: No; Parking: PARKING_LOT; Motor: <10hp; ADA: No","launch_type":"Boat Ramp","land_type":"Public Access Site","dnr_accessid":399,"id":"launch-0672"}},{"type":"Feature","geometry":{"type":"Point","coordinates":[-85.702636,38.783544]},"properties":{"name":"Sunnyside Ramp","access":"public","lake":"Hardy Lake","county":"Scott","lat":38.783544,"lng":-85.702636,"source":"Indiana DNR Fish & Wildlife \u2014 Fishing Access Sites","source_url":"https://gisdata.in.gov/server/rest/services/Hosted/Fish_Access_RO/FeatureServer/0","notes":"Launch: Boat Ramp; Ramp: Concrete; Fee: Yes; Parking: PARKING_LOT; Motor: None; ADA: No","launch_type":"Boat Ramp","land_type":"Public Access Site","dnr_accessid":540,"id":"launch-0673"}},{"type":"Feature","geometry":{"type":"Point","coordinates":[-86.724318,41.623139]},"properties":{"name":"Clear Lake","access":"public","lake":"Clear Lake","county":"LaPorte","lat":41.623139,"lng":-86.724318,"source":"Indiana DNR Fish & Wildlife \u2014 Fishing Access Sites","source_url":"https://gisdata.in.gov/server/rest/services/Hosted/Fish_Access_RO/FeatureServer/0","notes":"Launch: Boat Ramp; Ramp: Concrete; Fee: No; Parking: PARKING_LOT; Motor: None; ADA: No","launch_type":"Boat Ramp","land_type":"Public Access Site","dnr_accessid":173,"id":"launch-0674"}},{"type":"Feature","geometry":{"type":"Point","coordinates":[-87.431095,41.38419]},"properties":{"name":"Cedar Lake","access":"public","lake":"Cedar Lake","county":"Lake","lat":41.38419,"lng":-87.431095,"source":"Indiana DNR Fish & Wildlife \u2014 Fishing Access Sites","source_url":"https://gisdata.in.gov/server/rest/services/Hosted/Fish_Access_RO/FeatureServer/0","notes":"Launch: Boat Ramp; Ramp: Concrete; Fee: Yes; Parking: PARKING_LOT; Motor: None; ADA: No","launch_type":"Boat Ramp","land_type":"Public Access Site","dnr_accessid":163,"id":"launch-0675"}},{"type":"Feature","geometry":{"type":"Point","coordinates":[-87.025135,38.012208]},"properties":{"name":"Chrisney Lake","access":"public","lake":"Chrisney Lake","county":"Spencer","lat":38.012208,"lng":-87.025135,"source":"Indiana DNR Fish & Wildlife \u2014 Fishing Access Sites","source_url":"https://gisdata.in.gov/server/rest/services/Hosted/Fish_Access_RO/FeatureServer/0","notes":"Launch: Boat Ramp; Ramp: Concrete; Fee:  ; Parking: PARKING_LOT; Motor: Electric only; ADA: No","launch_type":"Boat Ramp","land_type":"Public Access Site","dnr_accessid":852,"id":"launch-0676"}},{"type":"Feature","geometry":{"type":"Point","coordinates":[-85.488899,41.27014]},"properties":{"name":"Crooked Lake","access":"public","lake":"Crooked Lake","county":"Noble","lat":41.27014,"lng":-85.488899,"source":"Indiana DNR Fish & Wildlife \u2014 Fishing Access Sites","source_url":"https://gisdata.in.gov/server/rest/services/Hosted/Fish_Access_RO/FeatureServer/0","notes":"Launch: Boat Ramp; Ramp: Concrete; Fee: No; Parking: PARKING_LOT; Motor: None; ADA: Yes","launch_type":"Boat Ramp","land_type":"Public Access Site","dnr_accessid":227,"id":"launch-0677"}},{"type":"Feature","geometry":{"type":"Point","coordinates":[-86.612886,38.188357]},"properties":{"name":"Lake Celina","access":"public","lake":"Lake Celina","county":"Perry","lat":38.188357,"lng":-86.612886,"source":"Indiana DNR Fish & Wildlife \u2014 Fishing Access Sites","source_url":"https://gisdata.in.gov/server/rest/services/Hosted/Fish_Access_RO/FeatureServer/0","notes":"Launch: Boat Ramp; Ramp: Concrete; Fee: Yes; Parking: PARKING_LOT; Motor: Electric only; ADA: Yes","launch_type":"Boat Ramp","land_type":"Public Access Site","dnr_accessid":257,"id":"launch-0678"}},{"type":"Feature","geometry":{"type":"Point","coordinates":[-86.298849,39.123294]},"properties":{"name":"Crooked Creek Lake","access":"public","lake":"Crooked Creek Lake","county":"Brown","lat":39.123294,"lng":-86.298849,"source":"Indiana DNR Fish & Wildlife \u2014 Fishing Access Sites","source_url":"https://gisdata.in.gov/server/rest/services/Hosted/Fish_Access_RO/FeatureServer/0","notes":"Launch: Boat Ramp; Ramp: Gravel; Fee: No; Parking: PARKING_LOT; Motor: Electric only; ADA: No","launch_type":"Boat Ramp","land_type":"Public Access Site","dnr_accessid":1106,"id":"launch-0679"}},{"type":"Feature","geometry":{"type":"Point","coordinates":[-85.862165,38.468414]},"properties":{"name":"Deam Lake","access":"public","lake":"Deam Lake","county":"Clark","lat":38.468414,"lng":-85.862165,"source":"Indiana DNR Fish & Wildlife \u2014 Fishing Access Sites","source_url":"https://gisdata.in.gov/server/rest/services/Hosted/Fish_Access_RO/FeatureServer/0","notes":"Launch: Boat Ramp; Ramp: Concrete; Fee: Yes; Parking: PARKING_LOT; Motor: Electric only; ADA: No","launch_type":"Boat Ramp","land_type":"Public Access Site","dnr_accessid":546,"id":"launch-0680"}},{"type":"Feature","geometry":{"type":"Point","coordinates":[-87.052143,38.553019]},"properties":{"name":"Dogwood Lake","access":"public","lake":"Dogwood Lake","county":"Daviess","lat":38.553019,"lng":-87.052143,"source":"Indiana DNR Fish & Wildlife \u2014 Fishing Access Sites","source_url":"https://gisdata.in.gov/server/rest/services/Hosted/Fish_Access_RO/FeatureServer/0","notes":"Launch: Boat Ramp; Ramp: Concrete; Fee: No; Parking: PARKING_LOT; Motor: Speed Limit; ADA: Yes","launch_type":"Boat Ramp","land_type":"Public Access Site","dnr_accessid":33,"id":"launch-0681"}},{"type":"Feature","geometry":{"type":"Point","coordinates":[-87.418782,39.951425]},"properties":{"name":"Waterman","access":"public","lake":"Wabash River","county":"Parke","lat":39.951425,"lng":-87.418782,"source":"Indiana DNR Fish & Wildlife \u2014 Fishing Access Sites","source_url":"https://gisdata.in.gov/server/rest/services/Hosted/Fish_Access_RO/FeatureServer/0","notes":"Launch: Boat Ramp; Ramp: Concrete; Fee: No; Parking: PARKING_LOT; Motor: None; ADA: No","launch_type":"Boat Ramp","land_type":"Public Access Site","dnr_accessid":254,"id":"launch-0682"}},{"type":"Feature","geometry":{"type":"Point","coordinates":[-87.257329,40.29272]},"properties":{"name":"Attica","access":"public","lake":"Wabash River","county":"Fountain","lat":40.29272,"lng":-87.257329,"source":"Indiana DNR Fish & Wildlife \u2014 Fishing Access Sites","source_url":"https://gisdata.in.gov/server/rest/services/Hosted/Fish_Access_RO/FeatureServer/0","notes":"Launch: Boat Ramp; Ramp: Concrete; Fee: No; Parking: PARKING_LOT; Motor: None; ADA: Yes","launch_type":"Boat Ramp","land_type":"Public Access Site","dnr_accessid":58,"id":"launch-0683"}},{"type":"Feature","geometry":{"type":"Point","coordinates":[-87.970015,38.062402]},"properties":{"name":"Harmonie State Park","access":"public","lake":"Wabash River","county":"Posey","lat":38.062402,"lng":-87.970015,"source":"Indiana DNR Fish & Wildlife \u2014 Fishing Access Sites","source_url":"https://gisdata.in.gov/server/rest/services/Hosted/Fish_Access_RO/FeatureServer/0","notes":"Launch: Boat Ramp; Ramp: Concrete; Fee: Yes; Parking: PARKING_LOT; Motor: None; ADA: No","launch_type":"Boat Ramp","land_type":"Public Access Site","dnr_accessid":551,"id":"launch-0684"}},{"type":"Feature","geometry":{"type":"Point","coordinates":[-87.519551,38.695076]},"properties":{"name":"Vincennes","access":"public","lake":"Wabash River","county":"Knox","lat":38.695076,"lng":-87.519551,"source":"Indiana DNR Fish & Wildlife \u2014 Fishing Access Sites","source_url":"https://gisdata.in.gov/server/rest/services/Hosted/Fish_Access_RO/FeatureServer/0","notes":"Launch: Boat Ramp; Ramp: Concrete; Fee: No; Parking: PARKING_LOT; Motor: None; ADA: Yes","launch_type":"Boat Ramp","land_type":"Public Access Site","dnr_accessid":115,"id":"launch-0685"}},{"type":"Feature","geometry":{"type":"Point","coordinates":[-87.395639,39.65821]},"properties":{"name":"Clinton","access":"public","lake":"Wabash River","county":"Vermillion","lat":39.65821,"lng":-87.395639,"source":"Indiana DNR Fish & Wildlife \u2014 Fishing Access Sites","source_url":"https://gisdata.in.gov/server/rest/services/Hosted/Fish_Access_RO/FeatureServer/0","notes":"Launch: Boat Ramp; Ramp: Concrete; Fee: No; Parking: PARKING_LOT; Motor: None; ADA: No","launch_type":"Boat Ramp","land_type":"Public Access Site","dnr_accessid":374,"id":"launch-0686"}},{"type":"Feature","geometry":{"type":"Point","coordinates":[-84.872332,39.08216]},"properties":{"name":"Ratliff Landing Tanners Creek","access":"public","lake":"Ohio River","county":"Dearborn","lat":39.08216,"lng":-84.872332,"source":"Indiana DNR Fish & Wildlife \u2014 Fishing Access Sites","source_url":"https://gisdata.in.gov/server/rest/services/Hosted/Fish_Access_RO/FeatureServer/0","notes":"Launch: Boat Ramp; Ramp: Concrete; Fee: No; Parking: PARKING_LOT; Motor: None","launch_type":"Boat Ramp","land_type":"Public Access Site","dnr_accessid":423,"id":"launch-0687"}},{"type":"Feature","geometry":{"type":"Point","coordinates":[-86.536541,38.414336]},"properties":{"name":"Kings Bridge Ramp","access":"public","lake":"Patoka Lake","county":"Orange","lat":38.414336,"lng":-86.536541,"source":"Indiana DNR Fish & Wildlife \u2014 Fishing Access Sites","source_url":"https://gisdata.in.gov/server/rest/services/Hosted/Fish_Access_RO/FeatureServer/0","notes":"Launch: Boat Ramp; Ramp: Gravel; Fee: Yes; Parking: PULL_OFF; Motor: None; ADA: No","launch_type":"Boat Ramp","land_type":"Public Access Site","dnr_accessid":427,"id":"launch-0688"}},{"type":"Feature","geometry":{"type":"Point","coordinates":[-86.682833,38.402567]},"properties":{"name":"Fishermen Campground Ramp","access":"public","lake":"Patoka Lake","county":"Dubois","lat":38.402567,"lng":-86.682833,"source":"Indiana DNR Fish & Wildlife \u2014 Fishing Access Sites","source_url":"https://gisdata.in.gov/server/rest/services/Hosted/Fish_Access_RO/FeatureServer/0","notes":"Launch: Boat Ramp; Ramp: Concrete; Fee: Yes; Parking: PARKING_LOT; Motor: None; ADA: Yes","launch_type":"Boat Ramp","land_type":"Public Access Site","dnr_accessid":422,"id":"launch-0689"}},{"type":"Feature","geometry":{"type":"Point","coordinates":[-86.586711,38.38235]},"properties":{"name":"Little Patoka Ramp","access":"public","lake":"Patoka Lake","county":"Crawford","lat":38.38235,"lng":-86.586711,"source":"Indiana DNR Fish & Wildlife \u2014 Fishing Access Sites","source_url":"https://gisdata.in.gov/server/rest/services/Hosted/Fish_Access_RO/FeatureServer/0","notes":"Launch: Boat Ramp; Ramp: Concrete; Fee: Yes; Parking: PARKING_LOT; Motor: None; ADA: No","launch_type":"Boat Ramp","land_type":"Public Access Site","dnr_accessid":31,"id":"launch-0690"}},{"type":"Feature","geometry":{"type":"Point","coordinates":[-86.639983,38.394359]},"properties":{"name":"South Ramp","access":"public","lake":"Patoka Lake","county":"Crawford","lat":38.394359,"lng":-86.639983,"source":"Indiana DNR Fish & Wildlife \u2014 Fishing Access Sites","source_url":"https://gisdata.in.gov/server/rest/services/Hosted/Fish_Access_RO/FeatureServer/0","notes":"Launch: Boat Ramp; Ramp: Concrete; Fee: Yes; Parking: PARKING_LOT; Motor: None; ADA: Yes","launch_type":"Boat Ramp","land_type":"Public Access Site","dnr_accessid":857,"id":"launch-0691"}},{"type":"Feature","geometry":{"type":"Point","coordinates":[-86.771634,38.254268]},"properties":{"name":"Ferdinand State Forest Lake","access":"public","lake":"Ferdinand State Forest Lake","county":"Dubois","lat":38.254268,"lng":-86.771634,"source":"Indiana DNR Fish & Wildlife \u2014 Fishing Access Sites","source_url":"https://gisdata.in.gov/server/rest/services/Hosted/Fish_Access_RO/FeatureServer/0","notes":"Launch: Boat Ramp; Ramp: Concrete; Fee: Yes; Parking: PULL_OFF; Motor: Electric only; ADA: No","launch_type":"Boat Ramp","land_type":"Public Access Site","dnr_accessid":850,"id":"launch-0692"}},{"type":"Feature","geometry":{"type":"Point","coordinates":[-87.239522,38.230614]},"properties":{"name":"Locust Pit","access":"public","lake":"Locust Pit","county":"Warrick","lat":38.230614,"lng":-87.239522,"source":"Indiana DNR Fish & Wildlife \u2014 Fishing Access Sites","source_url":"https://gisdata.in.gov/server/rest/services/Hosted/Fish_Access_RO/FeatureServer/0","notes":"Launch: Shoreline; Ramp: N/A; Fee: Yes; Parking: PULL_OFF; Motor: Electric only; ADA: No","launch_type":"Shoreline","land_type":"Public Access Site","dnr_accessid":640,"id":"launch-0693"}},{"type":"Feature","geometry":{"type":"Point","coordinates":[-87.526341,41.166945]},"properties":{"name":"Stateline Public Access Site","access":"public","lake":"Kankakee River","county":"Lake","lat":41.166945,"lng":-87.526341,"source":"Indiana DNR Fish & Wildlife \u2014 Fishing Access Sites","source_url":"https://gisdata.in.gov/server/rest/services/Hosted/Fish_Access_RO/FeatureServer/0","notes":"Launch: Boat Ramp; Ramp: Concrete; Fee: No; Motor: None; ADA: Yes","launch_type":"Boat Ramp","land_type":"Public Access Site","dnr_accessid":1088,"id":"launch-0694"}},{"type":"Feature","geometry":{"type":"Point","coordinates":[-86.04975,39.968172]},"properties":{"name":"Prather Park","access":"public","lake":"White River","county":"Hamilton","lat":39.968172,"lng":-86.04975,"source":"Indiana DNR Fish & Wildlife \u2014 Fishing Access Sites","source_url":"https://gisdata.in.gov/server/rest/services/Hosted/Fish_Access_RO/FeatureServer/0","notes":"Launch: Carry Down; Ramp: Concrete; Fee: None; Parking: PULL_OFF; ADA: No","launch_type":"Carry Down","land_type":"Public Access Site","dnr_accessid":644,"id":"launch-0695"}},{"type":"Feature","geometry":{"type":"Point","coordinates":[-87.373461,39.335499]},"properties":{"name":"W. Keith Ruble Lake","access":"public","lake":"W. Keith Ruble Lake","county":"Vigo","lat":39.335499,"lng":-87.373461,"source":"Indiana DNR Fish & Wildlife \u2014 Fishing Access Sites","source_url":"https://gisdata.in.gov/server/rest/services/Hosted/Fish_Access_RO/FeatureServer/0","notes":"Launch: Boat Ramp; Ramp: Concrete; Fee: No; Parking: PARKING_LOT; Motor: Electric only; ADA: Yes","launch_type":"Boat Ramp","land_type":"Public Access Site","dnr_accessid":376,"id":"launch-0696"}},{"type":"Feature","geometry":{"type":"Point","coordinates":[-87.041358,38.67037]},"properties":{"name":"Montgomery City Lake","access":"public","lake":"Montgomery City Lake","county":"Daviess","lat":38.67037,"lng":-87.041358,"source":"Indiana DNR Fish & Wildlife \u2014 Fishing Access Sites","source_url":"https://gisdata.in.gov/server/rest/services/Hosted/Fish_Access_RO/FeatureServer/0","notes":"Launch: Boat Ramp; Ramp: Gravel; Fee: Yes; Parking: PARKING_LOT; Motor: None; ADA: No","launch_type":"Boat Ramp","land_type":"Public Access Site","dnr_accessid":1113,"id":"launch-0697"}},{"type":"Feature","geometry":{"type":"Point","coordinates":[-86.371845,41.295359]},"properties":{"name":"Cook Lake","access":"public","lake":"Cook Lake","county":"Marshall","lat":41.295359,"lng":-86.371845,"source":"Indiana DNR Fish & Wildlife \u2014 Fishing Access Sites","source_url":"https://gisdata.in.gov/server/rest/services/Hosted/Fish_Access_RO/FeatureServer/0","notes":"Launch: Boat Ramp; Ramp: Gravel; Fee: No; Parking: PARKING_LOT; Motor: Speed Limit; ADA: No","launch_type":"Boat Ramp","land_type":"Public Access Site","dnr_accessid":1121,"id":"launch-0698"}},{"type":"Feature","geometry":{"type":"Point","coordinates":[-85.690744,40.118058]},"properties":{"name":"Derby Downs Park","access":"public","lake":"White River","county":"Madison","lat":40.118058,"lng":-85.690744,"source":"Indiana DNR Fish & Wildlife \u2014 Fishing Access Sites","source_url":"https://gisdata.in.gov/server/rest/services/Hosted/Fish_Access_RO/FeatureServer/0","notes":"Launch: Carry Down; Ramp: Concrete; Fee: No; Parking: PARKING_LOT; Motor: None; ADA: No","launch_type":"Carry Down","land_type":"Public Access Site","dnr_accessid":1123,"id":"launch-0699"}},{"type":"Feature","geometry":{"type":"Point","coordinates":[-86.435859,41.331674]},"properties":{"name":"Flat Lake","access":"public","lake":"Flat Lake","county":"Marshall","lat":41.331674,"lng":-86.435859,"source":"Indiana DNR Fish & Wildlife \u2014 Fishing Access Sites","source_url":"https://gisdata.in.gov/server/rest/services/Hosted/Fish_Access_RO/FeatureServer/0","notes":"Launch: Boat Ramp; Ramp: Dirt; Fee: No; Parking: PARKING_LOT; Motor: <10hp; ADA: No","launch_type":"Boat Ramp","land_type":"Public Access Site","dnr_accessid":1030,"id":"launch-0700"}},{"type":"Feature","geometry":{"type":"Point","coordinates":[-85.918488,39.949698]},"properties":{"name":"Geist Reservoir","access":"public","lake":"Geist Reservoir","county":"Hamilton","lat":39.949698,"lng":-85.918488,"source":"Indiana DNR Fish & Wildlife \u2014 Fishing Access Sites","source_url":"https://gisdata.in.gov/server/rest/services/Hosted/Fish_Access_RO/FeatureServer/0","notes":"Launch: Boat Ramp; Ramp: Concrete; Fee: Yes; Parking: PARKING_LOT; Motor: None; ADA: Yes","launch_type":"Boat Ramp","land_type":"Public Access Site","dnr_accessid":1032,"id":"launch-0701"}},{"type":"Feature","geometry":{"type":"Point","coordinates":[-86.31363,38.985826]},"properties":{"name":"Hickory Grove Park Pond","access":"public","lake":"Hickory Grove Park Pond","county":"Lawrence","lat":38.985826,"lng":-86.31363,"source":"Indiana DNR Fish & Wildlife \u2014 Fishing Access Sites","source_url":"https://gisdata.in.gov/server/rest/services/Hosted/Fish_Access_RO/FeatureServer/0","notes":"Launch: Carry Down; Ramp: None; Fee: No; Parking: PULL_OFF; Motor: Electric only; ADA: No","launch_type":"Carry Down","land_type":"Public Access Site","dnr_accessid":1124,"id":"launch-0702"}},{"type":"Feature","geometry":{"type":"Point","coordinates":[-87.951182,37.831991]},"properties":{"name":"Hovey Lake - Bebout Levee Carrydown Launch","access":"public","lake":"Hovey Lake","county":"Posey","lat":37.831991,"lng":-87.951182,"source":"Indiana DNR Fish & Wildlife \u2014 Fishing Access Sites","source_url":"https://gisdata.in.gov/server/rest/services/Hosted/Fish_Access_RO/FeatureServer/0","notes":"Launch: Carry Down; Ramp: N/A; Fee: No; Motor: Speed Limit; ADA: No","launch_type":"Carry Down","land_type":"Public Access Site","dnr_accessid":1125,"id":"launch-0703"}},{"type":"Feature","geometry":{"type":"Point","coordinates":[-87.958042,37.824015]},"properties":{"name":"Hovey Lake - Carry Down","access":"public","lake":"Hovey Lake","county":"Posey","lat":37.824015,"lng":-87.958042,"source":"Indiana DNR Fish & Wildlife \u2014 Fishing Access Sites","source_url":"https://gisdata.in.gov/server/rest/services/Hosted/Fish_Access_RO/FeatureServer/0","notes":"Launch: Carry Down; Ramp: Dirt; Fee: No; Parking: PARKING_LOT; Motor: Speed Limit; ADA: No","launch_type":"Carry Down","land_type":"Public Access Site","dnr_accessid":1126,"id":"launch-0704"}},{"type":"Feature","geometry":{"type":"Point","coordinates":[-86.758174,40.730986]},"properties":{"name":"Lake Freeman- City Park","access":"public","lake":"Lake Freeman","county":"Carroll","lat":40.730986,"lng":-86.758174,"source":"Indiana DNR Fish & Wildlife \u2014 Fishing Access Sites","source_url":"https://gisdata.in.gov/server/rest/services/Hosted/Fish_Access_RO/FeatureServer/0","notes":"Launch: Boat Ramp; Ramp: Concrete; Fee: No; Parking: PARKING_LOT; Motor: None; ADA: No","launch_type":"Boat Ramp","land_type":"Public Access Site","dnr_accessid":646,"id":"launch-0705"}},{"type":"Feature","geometry":{"type":"Point","coordinates":[-86.833683,38.216139]},"properties":{"name":"New Ferdinand Reservoir","access":"public","lake":"New Ferdinand Reservoir","county":"Dubois","lat":38.216139,"lng":-86.833683,"source":"Indiana DNR Fish & Wildlife \u2014 Fishing Access Sites","source_url":"https://gisdata.in.gov/server/rest/services/Hosted/Fish_Access_RO/FeatureServer/0","notes":"Launch: Boat Ramp; Ramp: Gravel; Fee: No; Parking: PARKING_LOT; Motor: Electric only; ADA: No","launch_type":"Boat Ramp","land_type":"Public Access Site","dnr_accessid":649,"id":"launch-0706"}},{"type":"Feature","geometry":{"type":"Point","coordinates":[-85.057983,41.63107]},"properties":{"name":"Silver Lake","access":"public","lake":"Silver Lake","county":"Steuben","lat":41.63107,"lng":-85.057983,"source":"Indiana DNR Fish & Wildlife \u2014 Fishing Access Sites","source_url":"https://gisdata.in.gov/server/rest/services/Hosted/Fish_Access_RO/FeatureServer/0","notes":"Launch: Carry Down; Ramp: None; Fee: No; Parking: PARKING_LOT; Motor: Speed Limit; ADA: No","launch_type":"Carry Down","land_type":"Public Access Site","dnr_accessid":1127,"id":"launch-0707"}},{"type":"Feature","geometry":{"type":"Point","coordinates":[-86.393338,41.292135]},"properties":{"name":"Thomas Lake","access":"public","lake":"Thomas Lake","county":"Marshall","lat":41.292135,"lng":-86.393338,"source":"Indiana DNR Fish & Wildlife \u2014 Fishing Access Sites","source_url":"https://gisdata.in.gov/server/rest/services/Hosted/Fish_Access_RO/FeatureServer/0","notes":"Launch: Boat Ramp; Ramp: Gravel; Fee: No; Parking: PULL_OFF; Motor: Speed Limit; ADA: No","launch_type":"Boat Ramp","land_type":"Public Access Site","dnr_accessid":1128,"id":"launch-0708"}},{"type":"Feature","geometry":{"type":"Point","coordinates":[-86.572485,41.116337]},"properties":{"name":"Tippecanoe River - Picnic Area/Nature Center","access":"public","lake":"Tippecanoe River","county":"Pulaski","lat":41.116337,"lng":-86.572485,"source":"Indiana DNR Fish & Wildlife \u2014 Fishing Access Sites","source_url":"https://gisdata.in.gov/server/rest/services/Hosted/Fish_Access_RO/FeatureServer/0","notes":"Launch: Carry Down; Ramp: None; Fee: No; Parking: PARKING_LOT; Motor: None; ADA: No","launch_type":"Carry Down","land_type":"Public Access Site","dnr_accessid":1129,"id":"launch-0709"}},{"type":"Feature","geometry":{"type":"Point","coordinates":[-86.574127,41.107551]},"properties":{"name":"Tippecanoe River - TSRP Otter Bend","access":"public","lake":"Tippecanoe River","county":"Pulaski","lat":41.107551,"lng":-86.574127,"source":"Indiana DNR Fish & Wildlife \u2014 Fishing Access Sites","source_url":"https://gisdata.in.gov/server/rest/services/Hosted/Fish_Access_RO/FeatureServer/0","notes":"Launch: Boat Ramp; Ramp: Gravel; Fee: No; Parking: PARKING_LOT; Motor: None; ADA: No","launch_type":"Boat Ramp","land_type":"Public Access Site","dnr_accessid":1130,"id":"launch-0710"}},{"type":"Feature","geometry":{"type":"Point","coordinates":[-85.439713,41.24863]},"properties":{"name":"Little Cedar Lake (Use Round Lake Ramp)","access":"public","lake":"Little Cedar Lake","county":"Whitley","lat":41.24863,"lng":-85.439713,"source":"Indiana DNR Fish & Wildlife \u2014 Fishing Access Sites","source_url":"https://gisdata.in.gov/server/rest/services/Hosted/Fish_Access_RO/FeatureServer/0","notes":"Launch: Boat Ramp; Ramp: Other; Fee: No; Motor: Speed Limit; ADA: No; Use Round Lake Ramp","launch_type":"Boat Ramp","land_type":"Public Access Site","dnr_accessid":1133,"id":"launch-0711"}},{"type":"Feature","geometry":{"type":"Point","coordinates":[-85.739321,41.301192]},"properties":{"name":"Banning Lake","access":"public","lake":"Banning Lake","county":"Kosciusko","lat":41.301192,"lng":-85.739321,"source":"Indiana DNR Fish & Wildlife \u2014 Fishing Access Sites","source_url":"https://gisdata.in.gov/server/rest/services/Hosted/Fish_Access_RO/FeatureServer/0","notes":"Launch: Boat Ramp; Ramp: Other; Fee: No; Motor: Speed Limit; ADA: No; Use Kuhn or Grassy Creek Lake Ramp","launch_type":"Boat Ramp","land_type":"Public Access Site","dnr_accessid":1139,"id":"launch-0712"}},{"type":"Feature","geometry":{"type":"Point","coordinates":[-85.726771,41.318892]},"properties":{"name":"James Lake (Use Grassy Creek Ramp)","access":"public","lake":"James Lake","county":"Kosciusko","lat":41.318892,"lng":-85.726771,"source":"Indiana DNR Fish & Wildlife \u2014 Fishing Access Sites","source_url":"https://gisdata.in.gov/server/rest/services/Hosted/Fish_Access_RO/FeatureServer/0","notes":"Launch: Boat Ramp; Ramp: Other; Fee: No; Motor: None; ADA: No; Use Grassy Creek Ramp","launch_type":"Boat Ramp","land_type":"Public Access Site","dnr_accessid":1140,"id":"launch-0713"}},{"type":"Feature","geometry":{"type":"Point","coordinates":[-85.656439,41.308277]},"properties":{"name":"Kiser Lake (Use Backwater Lake Ramp)","access":"public","lake":"Kiser Lake","county":"Kosciusko","lat":41.308277,"lng":-85.656439,"source":"Indiana DNR Fish & Wildlife \u2014 Fishing Access Sites","source_url":"https://gisdata.in.gov/server/rest/services/Hosted/Fish_Access_RO/FeatureServer/0","notes":"Launch: Boat Ramp; Ramp: Other; Fee: No; Motor: None; ADA: No; Use Backwater Lake Ramp","launch_type":"Boat Ramp","land_type":"Public Access Site","dnr_accessid":1141,"id":"launch-0714"}},{"type":"Feature","geometry":{"type":"Point","coordinates":[-85.722771,41.29173]},"properties":{"name":"Little Barbee Lake","access":"public","lake":"Little Barbee Lake","county":"Kosciusko","lat":41.29173,"lng":-85.722771,"source":"Indiana DNR Fish & Wildlife \u2014 Fishing Access Sites","source_url":"https://gisdata.in.gov/server/rest/services/Hosted/Fish_Access_RO/FeatureServer/0","notes":"Launch: Boat Ramp; Ramp: Other; Fee: No; Motor: Speed Limit; ADA: No; Use Kuhn or Grassy Creek Ramp","launch_type":"Boat Ramp","land_type":"Public Access Site","dnr_accessid":1142,"id":"launch-0715"}},{"type":"Feature","geometry":{"type":"Point","coordinates":[-85.790681,41.272174]},"properties":{"name":"Little Chapman Lake (Use Big Chapman Ramp)","access":"public","lake":"Little Chapman Lake","county":"Kosciusko","lat":41.272174,"lng":-85.790681,"source":"Indiana DNR Fish & Wildlife \u2014 Fishing Access Sites","source_url":"https://gisdata.in.gov/server/rest/services/Hosted/Fish_Access_RO/FeatureServer/0","notes":"Launch: Boat Ramp; Ramp: Other; Fee: No; Motor: Speed Limit; ADA: No; Use Big Chapman Ramp","launch_type":"Boat Ramp","land_type":"Public Access Site","dnr_accessid":1143,"id":"launch-0716"}},{"type":"Feature","geometry":{"type":"Point","coordinates":[-85.848741,41.25789]},"properties":{"name":"Little Pike Lake (Use Pike Lake Ramp)","access":"public","lake":"Little Pike Lake","county":"Kosciusko","lat":41.25789,"lng":-85.848741,"source":"Indiana DNR Fish & Wildlife \u2014 Fishing Access Sites","source_url":"https://gisdata.in.gov/server/rest/services/Hosted/Fish_Access_RO/FeatureServer/0","notes":"Launch: Boat Ramp; Ramp: Other; Fee: No; Motor: Speed Limit; ADA: No; Use Pike Lake Ramp","launch_type":"Boat Ramp","land_type":"Public Access Site","dnr_accessid":1144,"id":"launch-0717"}},{"type":"Feature","geometry":{"type":"Point","coordinates":[-85.759504,41.327226]},"properties":{"name":"Oswego Lake (Use Grassy Creek Ramp)","access":"public","lake":"Oswego Lake","county":"Kosciusko","lat":41.327226,"lng":-85.759504,"source":"Indiana DNR Fish & Wildlife \u2014 Fishing Access Sites","source_url":"https://gisdata.in.gov/server/rest/services/Hosted/Fish_Access_RO/FeatureServer/0","notes":"Launch: Boat Ramp; Ramp: Other; Fee: No; Motor: None; ADA: No; Use Grassy Creek Ramp","launch_type":"Boat Ramp","land_type":"Public Access Site","dnr_accessid":1145,"id":"launch-0718"}},{"type":"Feature","geometry":{"type":"Point","coordinates":[-85.717293,41.29596]},"properties":{"name":"Sechrist Lake (Use Kuhn or Grassy Creek Ramp)","access":"public","lake":"Sechrist Lake","county":"Kosciusko","lat":41.29596,"lng":-85.717293,"source":"Indiana DNR Fish & Wildlife \u2014 Fishing Access Sites","source_url":"https://gisdata.in.gov/server/rest/services/Hosted/Fish_Access_RO/FeatureServer/0","notes":"Launch: Boat Ramp; Ramp: Other; Fee: No; Motor: None; ADA: No; Use Kuhn or Grassy Creek Ramp","launch_type":"Boat Ramp","land_type":"Public Access Site","dnr_accessid":1146,"id":"launch-0719"}},{"type":"Feature","geometry":{"type":"Point","coordinates":[-85.683683,41.325]},"properties":{"name":"Webster Lake (Use Backwater Lake Ramp)","access":"public","lake":"Webster Lake","county":"Kosciusko","lat":41.325,"lng":-85.683683,"source":"Indiana DNR Fish & Wildlife \u2014 Fishing Access Sites","source_url":"https://gisdata.in.gov/server/rest/services/Hosted/Fish_Access_RO/FeatureServer/0","notes":"Launch: Boat Ramp; Ramp: Other; Fee: No; Motor: None; ADA: No; Use Backwater Lake Ramp","launch_type":"Boat Ramp","land_type":"Public Access Site","dnr_accessid":1147,"id":"launch-0720"}},{"type":"Feature","geometry":{"type":"Point","coordinates":[-85.65541,41.738759]},"properties":{"name":"Brokesha Lake","access":"public","lake":"Brokesha Lake","county":"LaGrange","lat":41.738759,"lng":-85.65541,"source":"Indiana DNR Fish & Wildlife \u2014 Fishing Access Sites","source_url":"https://gisdata.in.gov/server/rest/services/Hosted/Fish_Access_RO/FeatureServer/0","notes":"Launch: Boat Ramp; Ramp: Other; Fee: No; Motor: None; ADA: Yes; Use Stone Lake Ramp","launch_type":"Boat Ramp","land_type":"Public Access Site","dnr_accessid":1148,"id":"launch-0721"}},{"type":"Feature","geometry":{"type":"Point","coordinates":[-85.433928,41.558174]},"properties":{"name":"Hackenburg Lake (Use Messick Ramp)","access":"public","lake":"Hakenburg Lake","county":"LaGrange","lat":41.558174,"lng":-85.433928,"source":"Indiana DNR Fish & Wildlife \u2014 Fishing Access Sites","source_url":"https://gisdata.in.gov/server/rest/services/Hosted/Fish_Access_RO/FeatureServer/0","notes":"Launch: Boat Ramp; Ramp: Other; Fee: No; Motor: Speed Limit; ADA: Yes; Use McClish Ramp","launch_type":"Boat Ramp","land_type":"Public Access Site","dnr_accessid":1149,"id":"launch-0722"}},{"type":"Feature","geometry":{"type":"Point","coordinates":[-85.384806,41.564741]},"properties":{"name":"Martin Lake (Use Oliver Lake Ramp)","access":"public","lake":"Martin Lake","county":"LaGrange","lat":41.564741,"lng":-85.384806,"source":"Indiana DNR Fish & Wildlife \u2014 Fishing Access Sites","source_url":"https://gisdata.in.gov/server/rest/services/Hosted/Fish_Access_RO/FeatureServer/0","notes":"Launch: Boat Ramp; Ramp: Other; Fee: No; Motor: Electric only; ADA: Yes; Use Oliver Lake Ramp","launch_type":"Boat Ramp","land_type":"Public Access Site","dnr_accessid":1150,"id":"launch-0723"}},{"type":"Feature","geometry":{"type":"Point","coordinates":[-85.393003,41.562525]},"properties":{"name":"Olin Lake (Use Oliver Lake Ramp)","access":"public","lake":"Olin Lake","county":"LaGrange","lat":41.562525,"lng":-85.393003,"source":"Indiana DNR Fish & Wildlife \u2014 Fishing Access Sites","source_url":"https://gisdata.in.gov/server/rest/services/Hosted/Fish_Access_RO/FeatureServer/0","notes":"Launch: Boat Ramp; Ramp: Other; Fee: No; Motor: None; ADA: Yes; Use Oliver Lake Ramp","launch_type":"Boat Ramp","land_type":"Public Access Site","dnr_accessid":1151,"id":"launch-0724"}},{"type":"Feature","geometry":{"type":"Point","coordinates":[-87.304658,41.560435]},"properties":{"name":"Rosser Park Pond","access":"public","lake":"Rosser Park Pond","county":"Lake","lat":41.560435,"lng":-87.304658,"source":"Indiana DNR Fish & Wildlife \u2014 Fishing Access Sites","source_url":"https://gisdata.in.gov/server/rest/services/Hosted/Fish_Access_RO/FeatureServer/0","notes":"Launch: Boat Ramp; Ramp: Concrete; Fee: No; Parking: PULL_OFF; Motor: Electric only; ADA: No","launch_type":"Boat Ramp","land_type":"Public Access Site","dnr_accessid":1152,"id":"launch-0725"}},{"type":"Feature","geometry":{"type":"Point","coordinates":[-85.631903,41.357961]},"properties":{"name":"Duely Lake (Use Village or Knapp Lake)","access":"public","lake":"Duely Lake","county":"Noble","lat":41.357961,"lng":-85.631903,"source":"Indiana DNR Fish & Wildlife \u2014 Fishing Access Sites","source_url":"https://gisdata.in.gov/server/rest/services/Hosted/Fish_Access_RO/FeatureServer/0","notes":"Launch: Boat Ramp; Ramp: Other; Fee: No; Motor: Speed Limit; ADA: No; Use Village or Knapp Lake","launch_type":"Boat Ramp","land_type":"Public Access Site","dnr_accessid":1153,"id":"launch-0726"}},{"type":"Feature","geometry":{"type":"Point","coordinates":[-85.626753,41.350004]},"properties":{"name":"Gordy Lake (Use Village or Knapp Lake Ramp)","access":"public","lake":"Gordy Lake","county":"Noble","lat":41.350004,"lng":-85.626753,"source":"Indiana DNR Fish & Wildlife \u2014 Fishing Access Sites","source_url":"https://gisdata.in.gov/server/rest/services/Hosted/Fish_Access_RO/FeatureServer/0","notes":"Launch: Boat Ramp; Ramp: Other; Fee: No; Motor: Speed Limit; ADA: No; Use Village or Knapp Lake Ramp","launch_type":"Boat Ramp","land_type":"Public Access Site","dnr_accessid":1154,"id":"launch-0727"}},{"type":"Feature","geometry":{"type":"Point","coordinates":[-85.598558,41.337632]},"properties":{"name":"Harper Lake (Use Village or Knapp Lake)","access":"public","lake":"Harper Lake","county":"Noble","lat":41.337632,"lng":-85.598558,"source":"Indiana DNR Fish & Wildlife \u2014 Fishing Access Sites","source_url":"https://gisdata.in.gov/server/rest/services/Hosted/Fish_Access_RO/FeatureServer/0","notes":"Launch: Boat Ramp; Ramp: Other; Fee: No; Motor: Speed Limit; ADA: No; Use Village or Knapp Lake","launch_type":"Boat Ramp","land_type":"Public Access Site","dnr_accessid":1155,"id":"launch-0728"}},{"type":"Feature","geometry":{"type":"Point","coordinates":[-85.618857,41.346975]},"properties":{"name":"Hindman Lake (Use Village or Knapp Lake Ramp)","access":"public","lake":"Hindman Lake","county":"Noble","lat":41.346975,"lng":-85.618857,"source":"Indiana DNR Fish & Wildlife \u2014 Fishing Access Sites","source_url":"https://gisdata.in.gov/server/rest/services/Hosted/Fish_Access_RO/FeatureServer/0","notes":"Launch: Boat Ramp; Ramp: Other; Fee: No; Motor: Speed Limit; ADA: No; Use Village or Knapp Lake Ramp","launch_type":"Boat Ramp","land_type":"Public Access Site","dnr_accessid":1156,"id":"launch-0729"}},{"type":"Feature","geometry":{"type":"Point","coordinates":[-85.422386,41.505223]},"properties":{"name":"Jones Lake (Use Dukes Bridge Ramp)","access":"public","lake":"Jones Lake","county":"Noble","lat":41.505223,"lng":-85.422386,"source":"Indiana DNR Fish & Wildlife \u2014 Fishing Access Sites","source_url":"https://gisdata.in.gov/server/rest/services/Hosted/Fish_Access_RO/FeatureServer/0","notes":"Launch: Boat Ramp; Ramp: Other; Fee: No; Motor: None; ADA: No; Use Dukes Bridge Ramp","launch_type":"Boat Ramp","land_type":"Public Access Site","dnr_accessid":1157,"id":"launch-0730"}},{"type":"Feature","geometry":{"type":"Point","coordinates":[-85.615211,41.343131]},"properties":{"name":"Moss Lake (Use Village or Knapp Lake Ramp)","access":"public","lake":"Moss Lake","county":"Noble","lat":41.343131,"lng":-85.615211,"source":"Indiana DNR Fish & Wildlife \u2014 Fishing Access Sites","source_url":"https://gisdata.in.gov/server/rest/services/Hosted/Fish_Access_RO/FeatureServer/0","notes":"Launch: Boat Ramp; Ramp: Other; Fee: No; Motor: Speed Limit; ADA: No; Use Village or Knapp Lake Ramp","launch_type":"Boat Ramp","land_type":"Public Access Site","dnr_accessid":1158,"id":"launch-0731"}},{"type":"Feature","geometry":{"type":"Point","coordinates":[-85.40357,41.334478]},"properties":{"name":"Mud Lake (Use Sand or Miller Boat Ramp)","access":"public","lake":"Mud Lake","county":"Noble","lat":41.334478,"lng":-85.40357,"source":"Indiana DNR Fish & Wildlife \u2014 Fishing Access Sites","source_url":"https://gisdata.in.gov/server/rest/services/Hosted/Fish_Access_RO/FeatureServer/0","notes":"Launch: Boat Ramp; Ramp: Other; Fee: No; Motor: Electric only; ADA: No; Use Sand or Miller Boat Ramp","launch_type":"Boat Ramp","land_type":"Public Access Site","dnr_accessid":1159,"id":"launch-0732"}},{"type":"Feature","geometry":{"type":"Point","coordinates":[-85.00966,41.721612]},"properties":{"name":"Little Otter (Use Big Otter Ramp)","access":"public","lake":"Little Otter Lake","county":"Steuben","lat":41.721612,"lng":-85.00966,"source":"Indiana DNR Fish & Wildlife \u2014 Fishing Access Sites","source_url":"https://gisdata.in.gov/server/rest/services/Hosted/Fish_Access_RO/FeatureServer/0","notes":"Launch: Boat Ramp; Ramp: Other; Fee: No; Motor: Speed Limit; ADA: Yes; Use Big Otter Ramp","launch_type":"Boat Ramp","land_type":"Public Access Site","dnr_accessid":1160,"id":"launch-0733"}},{"type":"Feature","geometry":{"type":"Point","coordinates":[-85.63051,41.353364]},"properties":{"name":"Rider Lake (Use Village or Knapp Lake Ramp)","access":"public","lake":"Rider Lake","county":"Noble","lat":41.353364,"lng":-85.63051,"source":"Indiana DNR Fish & Wildlife \u2014 Fishing Access Sites","source_url":"https://gisdata.in.gov/server/rest/services/Hosted/Fish_Access_RO/FeatureServer/0","notes":"Launch: Boat Ramp; Ramp: Other; Fee: No; Motor: Speed Limit; ADA: No; Use Village or Knapp Lake Ramp","launch_type":"Boat Ramp","land_type":"Public Access Site","dnr_accessid":1161,"id":"launch-0734"}},{"type":"Feature","geometry":{"type":"Point","coordinates":[-85.410546,41.332496]},"properties":{"name":"Rivir Lake (Sand or Miller Boat Ramp)","access":"public","lake":"Rivir Lake","county":"Noble","lat":41.332496,"lng":-85.410546,"source":"Indiana DNR Fish & Wildlife \u2014 Fishing Access Sites","source_url":"https://gisdata.in.gov/server/rest/services/Hosted/Fish_Access_RO/FeatureServer/0","notes":"Launch: Boat Ramp; Ramp: Other; Fee: No; Motor: Electric only; ADA: No; Sand or Miller Boat Ramp","launch_type":"Boat Ramp","land_type":"Public Access Site","dnr_accessid":1162,"id":"launch-0735"}},{"type":"Feature","geometry":{"type":"Point","coordinates":[-84.842817,41.749581]},"properties":{"name":"Round Lake (Use Clear Lake Ramp)","access":"public","lake":"Round Lake","county":"Steuben","lat":41.749581,"lng":-84.842817,"source":"Indiana DNR Fish & Wildlife \u2014 Fishing Access Sites","source_url":"https://gisdata.in.gov/server/rest/services/Hosted/Fish_Access_RO/FeatureServer/0","notes":"Launch: Boat Ramp; Ramp: Other; Fee: No; ADA: Yes; Use Clear Lake Ramp","launch_type":"Boat Ramp","land_type":"Public Access Site","dnr_accessid":1163,"id":"launch-0736"}},{"type":"Feature","geometry":{"type":"Point","coordinates":[-85.415051,41.487618]},"properties":{"name":"Steinbarger Lake (Use Dukes Bridge Ramp)","access":"public","lake":"Steinbarger Lake","county":"Noble","lat":41.487618,"lng":-85.415051,"source":"Indiana DNR Fish & Wildlife \u2014 Fishing Access Sites","source_url":"https://gisdata.in.gov/server/rest/services/Hosted/Fish_Access_RO/FeatureServer/0","notes":"Launch: Boat Ramp; Ramp: Other; Fee: No; Motor: Speed Limit; ADA: No; Use Dukes Bridge Ramp","launch_type":"Boat Ramp","land_type":"Public Access Site","dnr_accessid":1164,"id":"launch-0737"}},{"type":"Feature","geometry":{"type":"Point","coordinates":[-85.407798,41.484379]},"properties":{"name":"Tamarack Lake (Use Dukes Bridge Ramp)","access":"public","lake":"Tamarack Lake","county":"Noble","lat":41.484379,"lng":-85.407798,"source":"Indiana DNR Fish & Wildlife \u2014 Fishing Access Sites","source_url":"https://gisdata.in.gov/server/rest/services/Hosted/Fish_Access_RO/FeatureServer/0","notes":"Launch: Boat Ramp; Ramp: Other; Fee: No; Motor: Speed Limit; ADA: No; Use Dukes Bridge Ramp","launch_type":"Boat Ramp","land_type":"Public Access Site","dnr_accessid":1165,"id":"launch-0738"}},{"type":"Feature","geometry":{"type":"Point","coordinates":[-85.426223,41.496284]},"properties":{"name":"Waldron Lake (Use Dukes Bridge Ramp)","access":"public","lake":"Waldron Lake","county":"Noble","lat":41.496284,"lng":-85.426223,"source":"Indiana DNR Fish & Wildlife \u2014 Fishing Access Sites","source_url":"https://gisdata.in.gov/server/rest/services/Hosted/Fish_Access_RO/FeatureServer/0","notes":"Launch: Boat Ramp; Ramp: Other; Fee: No; ADA: No; Use Dukes Bridge Ramp","launch_type":"Boat Ramp","land_type":"Public Access Site","dnr_accessid":1166,"id":"launch-0739"}},{"type":"Feature","geometry":{"type":"Point","coordinates":[-86.274106,41.714807]},"properties":{"name":"Pinhook Lake","access":"public","lake":"Pinhook Lake","county":"St. Joseph","lat":41.714807,"lng":-86.274106,"source":"Indiana DNR Fish & Wildlife \u2014 Fishing Access Sites","source_url":"https://gisdata.in.gov/server/rest/services/Hosted/Fish_Access_RO/FeatureServer/0","notes":"Launch: Boat Ramp; Ramp: Concrete; Fee: No; Parking: PARKING_LOT; Motor: Electric only","launch_type":"Boat Ramp","land_type":"Public Fishing Area","dnr_accessid":1167,"id":"launch-0740"}},{"type":"Feature","geometry":{"type":"Point","coordinates":[-85.975821,41.692409]},"properties":{"name":"Beardsley Park","access":"public","lake":"St. Joseph River","county":"Elkhart","lat":41.692409,"lng":-85.975821,"source":"Indiana DNR Fish & Wildlife \u2014 Fishing Access Sites","source_url":"https://gisdata.in.gov/server/rest/services/Hosted/Fish_Access_RO/FeatureServer/0","notes":"Launch: Carry Down; Ramp: None; Fee: No; Motor: NA; ADA: Yes; Floating Dock","launch_type":"Carry Down","land_type":"Public Access Site","dnr_accessid":1168,"id":"launch-0741"}},{"type":"Feature","geometry":{"type":"Point","coordinates":[-85.398862,39.027538]},"properties":{"name":"Old Timber Lake","access":"public","lake":"Old Timber Lake","county":"Ripley","lat":39.027538,"lng":-85.398862,"source":"Indiana DNR Fish & Wildlife \u2014 Fishing Access Sites","source_url":"https://gisdata.in.gov/server/rest/services/Hosted/Fish_Access_RO/FeatureServer/0","notes":"Launch: Boat Ramp; Ramp: Concrete; Fee: Yes; Parking: PARKING_LOT; Motor: Electric only","launch_type":"Boat Ramp","land_type":"Public Access Site","dnr_accessid":1170,"id":"launch-0742"}},{"type":"Feature","geometry":{"type":"Point","coordinates":[-85.604261,38.984453]},"properties":{"name":"The Commons","access":"public","lake":"Muscatatuck River","county":"Jennings","lat":38.984453,"lng":-85.604261,"source":"Indiana DNR Fish & Wildlife \u2014 Fishing Access Sites","source_url":"https://gisdata.in.gov/server/rest/services/Hosted/Fish_Access_RO/FeatureServer/0","notes":"Launch: Carry Down; Ramp: None; Fee: No; Parking: PARKING_LOT; Motor: None; ADA: No","launch_type":"Carry Down","land_type":"Public Access Site","dnr_accessid":1171,"id":"launch-0743"}},{"type":"Feature","geometry":{"type":"Point","coordinates":[-87.228942,38.233613]},"properties":{"name":"Overlook Lake","access":"public","lake":"Overlook Lake","county":"Pike","lat":38.233613,"lng":-87.228942,"source":"Indiana DNR Fish & Wildlife \u2014 Fishing Access Sites","source_url":"https://gisdata.in.gov/server/rest/services/Hosted/Fish_Access_RO/FeatureServer/0","notes":"Launch: Boat Ramp; Ramp: Dirt; Fee: Yes; Parking: PULL_OFF; Motor: Electric only; ADA: No","launch_type":"Boat Ramp","land_type":"Public Access Site","dnr_accessid":1172,"id":"launch-0744"}},{"type":"Feature","geometry":{"type":"Point","coordinates":[-87.242714,38.241071]},"properties":{"name":"Marion","access":"public","lake":"Marion Lake","county":"Pike","lat":38.241071,"lng":-87.242714,"source":"Indiana DNR Fish & Wildlife \u2014 Fishing Access Sites","source_url":"https://gisdata.in.gov/server/rest/services/Hosted/Fish_Access_RO/FeatureServer/0","notes":"Launch: Boat Ramp; Ramp: Dirt; Fee: Yes; Parking: PULL_OFF; Motor: Electric only; ADA: No","launch_type":"Boat Ramp","land_type":"Public Access Site","dnr_accessid":1173,"id":"launch-0745"}},{"type":"Feature","geometry":{"type":"Point","coordinates":[-87.221786,38.218552]},"properties":{"name":"Old Ben Lake","access":"public","lake":"Old Ben Lake","county":"Pike","lat":38.218552,"lng":-87.221786,"source":"Indiana DNR Fish & Wildlife \u2014 Fishing Access Sites","source_url":"https://gisdata.in.gov/server/rest/services/Hosted/Fish_Access_RO/FeatureServer/0","notes":"Launch: Boat Ramp; Ramp: Dirt; Fee: Yes; Parking: PULL_OFF; Motor: Electric only; ADA: No","launch_type":"Boat Ramp","land_type":"Public Access Site","dnr_accessid":1174,"id":"launch-0746"}},{"type":"Feature","geometry":{"type":"Point","coordinates":[-85.793655,38.661899]},"properties":{"name":"Scottsburg Reservoir","access":"public","lake":"Scottsburg Reservoir","county":"Scott","lat":38.661899,"lng":-85.793655,"source":"Indiana DNR Fish & Wildlife \u2014 Fishing Access Sites","source_url":"https://gisdata.in.gov/server/rest/services/Hosted/Fish_Access_RO/FeatureServer/0","notes":"Launch: Boat Ramp; Ramp: Gravel; Fee: Yes; Parking: PARKING_LOT; Motor: Electric only; ADA: No","launch_type":"Boat Ramp","land_type":"Public Access Site","dnr_accessid":1176,"id":"launch-0747"}},{"type":"Feature","geometry":{"type":"Point","coordinates":[-85.212758,39.277208]},"properties":{"name":"Mollenkramer Reservoir","access":"public","lake":"Mollenkramer Reservoir","county":"Ripley","lat":39.277208,"lng":-85.212758,"source":"Indiana DNR Fish & Wildlife \u2014 Fishing Access Sites","source_url":"https://gisdata.in.gov/server/rest/services/Hosted/Fish_Access_RO/FeatureServer/0","notes":"Launch: Boat Ramp; Ramp: Gravel; Fee: Yes; Parking: PARKING_LOT; Motor: Electric only","launch_type":"Boat Ramp","land_type":"Public Access Site","dnr_accessid":1177,"id":"launch-0748"}},{"type":"Feature","geometry":{"type":"Point","coordinates":[-87.154398,39.11256]},"properties":{"name":"Horseshoe Lake North Ramp","access":"public","lake":"Horseshoe Lake","county":"Greene","lat":39.11256,"lng":-87.154398,"source":"Indiana DNR Fish & Wildlife \u2014 Fishing Access Sites","source_url":"https://gisdata.in.gov/server/rest/services/Hosted/Fish_Access_RO/FeatureServer/0","notes":"Launch: Boat Ramp; Ramp: Gravel; Fee: No; Parking: PARKING_LOT; Motor: Electric only; ADA: No","launch_type":"Boat Ramp","land_type":"Public Access Site","dnr_accessid":1180,"id":"launch-0749"}},{"type":"Feature","geometry":{"type":"Point","coordinates":[-87.237593,38.989479]},"properties":{"name":"Graveyard Pit 2","access":"public","lake":"Graveyard Pit","county":"Greene","lat":38.989479,"lng":-87.237593,"source":"Indiana DNR Fish & Wildlife \u2014 Fishing Access Sites","source_url":"https://gisdata.in.gov/server/rest/services/Hosted/Fish_Access_RO/FeatureServer/0","notes":"Launch: Boat Ramp; Fee: Yes; Parking: PULL_OFF; Motor: Electric only; ADA: No","launch_type":"Boat Ramp","land_type":"Public Access Site","dnr_accessid":1182,"id":"launch-0750"}},{"type":"Feature","geometry":{"type":"Point","coordinates":[-86.361712,39.275556]},"properties":{"name":"Slippery Elm Shoot Pond East","access":"public","lake":"Slippery Elm Shoot Pond East","county":"Brown","lat":39.275556,"lng":-86.361712,"source":"Indiana DNR Fish & Wildlife \u2014 Fishing Access Sites","source_url":"https://gisdata.in.gov/server/rest/services/Hosted/Fish_Access_RO/FeatureServer/0","notes":"Launch: Carry Down; Ramp: Gravel; Parking: PULL_OFF; Motor: Electric only","launch_type":"Carry Down","land_type":"Public Access Site","dnr_accessid":1183,"id":"launch-0751"}},{"type":"Feature","geometry":{"type":"Point","coordinates":[-86.363257,39.27451]},"properties":{"name":"Slippery Elm Shoot Pond South","access":"public","lake":"Slippery Elm Shoot Pond South","county":"Brown","lat":39.27451,"lng":-86.363257,"source":"Indiana DNR Fish & Wildlife \u2014 Fishing Access Sites","source_url":"https://gisdata.in.gov/server/rest/services/Hosted/Fish_Access_RO/FeatureServer/0","notes":"Launch: Carry Down; Parking: PULL_OFF; Motor: Electric only","launch_type":"Carry Down","land_type":"Public Access Site","dnr_accessid":1184,"id":"launch-0752"}},{"type":"Feature","geometry":{"type":"Point","coordinates":[-86.364158,39.27931]},"properties":{"name":"Slippery Elm Shoot Pond North","access":"public","lake":"Slippery Elm Shoot Pond North","county":"Brown","lat":39.27931,"lng":-86.364158,"source":"Indiana DNR Fish & Wildlife \u2014 Fishing Access Sites","source_url":"https://gisdata.in.gov/server/rest/services/Hosted/Fish_Access_RO/FeatureServer/0","notes":"Launch: Carry Down; Ramp: N/A; Parking: PULL_OFF; Motor: Electric only","launch_type":"Carry Down","land_type":"Public Access Site","dnr_accessid":1185,"id":"launch-0753"}},{"type":"Feature","geometry":{"type":"Point","coordinates":[-87.458622,39.456015]},"properties":{"name":"Bell Pond","access":"public","lake":"Bell Pond","county":"Vigo","lat":39.456015,"lng":-87.458622,"source":"Indiana DNR Fish & Wildlife \u2014 Fishing Access Sites","source_url":"https://gisdata.in.gov/server/rest/services/Hosted/Fish_Access_RO/FeatureServer/0","notes":"Launch: Boat Ramp; Ramp: Concrete; Fee: No; Parking: PARKING_LOT","launch_type":"Boat Ramp","land_type":"Public Access Site","dnr_accessid":1186,"id":"launch-0754"}},{"type":"Feature","geometry":{"type":"Point","coordinates":[-87.390111,39.109621]},"properties":{"name":"Lake Sullivan campground ramp","access":"public","lake":"Lake Sullivan","county":"Sullivan","lat":39.109621,"lng":-87.390111,"source":"Indiana DNR Fish & Wildlife \u2014 Fishing Access Sites","source_url":"https://gisdata.in.gov/server/rest/services/Hosted/Fish_Access_RO/FeatureServer/0","notes":"Launch: Boat Ramp; Parking: PARKING_LOT; Motor: None; ADA: Yes","launch_type":"Boat Ramp","land_type":"Public Access Site","dnr_accessid":1188,"id":"launch-0755"}},{"type":"Feature","geometry":{"type":"Point","coordinates":[-86.895735,39.471524]},"properties":{"name":"Cagles Mill Lake Marina","access":"public","lake":"Cagles Mill Lake","county":"Putnam","lat":39.471524,"lng":-86.895735,"source":"Indiana DNR Fish & Wildlife \u2014 Fishing Access Sites","source_url":"https://gisdata.in.gov/server/rest/services/Hosted/Fish_Access_RO/FeatureServer/0","notes":"Launch: Boat Ramp; Ramp: Concrete; Fee: Yes; Parking: PARKING_LOT; Motor: None; ADA: Yes","launch_type":"Boat Ramp","land_type":"Public Access Site","dnr_accessid":1192,"id":"launch-0756"}},{"type":"Feature","geometry":{"type":"Point","coordinates":[-87.177101,38.278282]},"properties":{"name":"Pomoxis Pit","access":"public","lake":"Pomoxis Pit","county":"Pike","lat":38.278282,"lng":-87.177101,"source":"Indiana DNR Fish & Wildlife \u2014 Fishing Access Sites","source_url":"https://gisdata.in.gov/server/rest/services/Hosted/Fish_Access_RO/FeatureServer/0","notes":"Launch: Carry Down; Ramp: N/A; Parking: PULL_OFF; ADA: No","launch_type":"Carry Down","land_type":"Public Access Site","dnr_accessid":1194,"id":"launch-0757"}},{"type":"Feature","geometry":{"type":"Point","coordinates":[-85.878453,39.933344]},"properties":{"name":"Flat Fork Creek Park Pond A","access":"public","lake":"Flat Fork Creek Park Pond A","county":"Hancock","lat":39.933344,"lng":-85.878453,"source":"Indiana DNR Fish & Wildlife \u2014 Fishing Access Sites","source_url":"https://gisdata.in.gov/server/rest/services/Hosted/Fish_Access_RO/FeatureServer/0","notes":"Launch: Shoreline; Ramp: Gravel; Parking: PARKING_LOT; Motor: NA; ADA: Yes","launch_type":"Shoreline","land_type":"Public Access Site","dnr_accessid":1195,"id":"launch-0758"}},{"type":"Feature","geometry":{"type":"Point","coordinates":[-85.877149,39.934299]},"properties":{"name":"Flat Fork Creek Park Pond B","access":"public","lake":"Flat Fork Creek Park Pond B","county":"Hancock","lat":39.934299,"lng":-85.877149,"source":"Indiana DNR Fish & Wildlife \u2014 Fishing Access Sites","source_url":"https://gisdata.in.gov/server/rest/services/Hosted/Fish_Access_RO/FeatureServer/0","notes":"Launch: Shoreline; Ramp: Gravel; Fee: None; Parking: PARKING_LOT; Motor: NA; ADA: Yes","launch_type":"Shoreline","land_type":"Public Access Site","dnr_accessid":1196,"id":"launch-0759"}},{"type":"Feature","geometry":{"type":"Point","coordinates":[-85.246607,38.732246]},"properties":{"name":"Brooksburg Public Access Site","access":"public","lake":"Ohio River","county":"Jefferson","lat":38.732246,"lng":-85.246607,"source":"Indiana DNR Fish & Wildlife \u2014 Fishing Access Sites","source_url":"https://gisdata.in.gov/server/rest/services/Hosted/Fish_Access_RO/FeatureServer/0","notes":"Launch: Boat Ramp; Ramp: Concrete; Fee: No; Parking: PARKING_LOT; Motor: None; ADA: Yes","launch_type":"Boat Ramp","land_type":"Public Access Site","dnr_accessid":1197,"id":"launch-0760"}},{"type":"Feature","geometry":{"type":"Point","coordinates":[-85.023612,41.63693]},"properties":{"name":"Booth Lake","access":"public","lake":"Booth Lake","county":"Steuben","lat":41.63693,"lng":-85.023612,"source":"Indiana DNR Fish & Wildlife \u2014 Fishing Access Sites","source_url":"https://gisdata.in.gov/server/rest/services/Hosted/Fish_Access_RO/FeatureServer/0","notes":"Launch: Boat Ramp; Ramp: Gravel; Fee: No; Parking: PARKING_LOT; Motor: Electric only","launch_type":"Boat Ramp","land_type":"Public Access Site","dnr_accessid":1198,"id":"launch-0761"}},{"type":"Feature","geometry":{"type":"Point","coordinates":[-85.527435,39.784239]},"properties":{"name":"Knightstown Public Access Site","access":"public","lake":"Big Blue River","county":"Henry","lat":39.784239,"lng":-85.527435,"source":"Indiana DNR Fish & Wildlife \u2014 Fishing Access Sites","source_url":"https://gisdata.in.gov/server/rest/services/Hosted/Fish_Access_RO/FeatureServer/0","notes":"Launch: Canoe Ramp; Ramp: Concrete; Fee: No; Parking: PARKING_LOT; ADA: Yes","launch_type":"Canoe Ramp","land_type":"Public Access Site","dnr_accessid":1201,"id":"launch-0762"}},{"type":"Feature","geometry":{"type":"Point","coordinates":[-85.57631,39.735892]},"properties":{"name":"Carthage Public Access Site","access":"public","lake":"Big Blue River","county":"Rush","lat":39.735892,"lng":-85.57631,"source":"Indiana DNR Fish & Wildlife \u2014 Fishing Access Sites","source_url":"https://gisdata.in.gov/server/rest/services/Hosted/Fish_Access_RO/FeatureServer/0","notes":"Launch: Boat Ramp; Ramp: Concrete; Fee: No; Parking: PARKING_LOT; Motor: None; ADA: Yes","launch_type":"Boat Ramp","land_type":"Public Access Site","dnr_accessid":1202,"id":"launch-0763"}},{"type":"Feature","geometry":{"type":"Point","coordinates":[-85.792531,38.30036]},"properties":{"name":"Silver Creek Landing","access":"public","lake":"Silver Creek","county":"Floyd","lat":38.30036,"lng":-85.792531,"source":"Indiana DNR Fish & Wildlife \u2014 Fishing Access Sites","source_url":"https://gisdata.in.gov/server/rest/services/Hosted/Fish_Access_RO/FeatureServer/0","notes":"Launch: Canoe Ramp; Ramp: Concrete; Fee: No; Parking: PARKING_LOT; ADA: Yes","launch_type":"Canoe Ramp","land_type":"Public Access Site","dnr_accessid":1203,"id":"launch-0764"}},{"type":"Feature","geometry":{"type":"Point","coordinates":[-85.625541,40.482339]},"properties":{"name":"Gas City Public Access Site","access":"public","lake":"Mississinewa River","county":"Grant","lat":40.482339,"lng":-85.625541,"source":"Indiana DNR Fish & Wildlife \u2014 Fishing Access Sites","source_url":"https://gisdata.in.gov/server/rest/services/Hosted/Fish_Access_RO/FeatureServer/0","notes":"Launch: Boat Ramp; Ramp: Concrete; Fee: No; Motor: None; ADA: Yes","launch_type":"Boat Ramp","land_type":"Public Access Site","dnr_accessid":1204,"id":"launch-0765"}},{"type":"Feature","geometry":{"type":"Point","coordinates":[-87.243094,39.039303]},"properties":{"name":"Downing Pit","access":"public","lake":"Downing Pit","county":"Sullivan","lat":39.039303,"lng":-87.243094,"source":"Indiana DNR Fish & Wildlife \u2014 Fishing Access Sites","source_url":"https://gisdata.in.gov/server/rest/services/Hosted/Fish_Access_RO/FeatureServer/0","notes":"Launch: Boat Ramp; Ramp: Gravel; Fee: No; Parking: PARKING_LOT; Motor: Electric only; ADA: No","launch_type":"Boat Ramp","land_type":"Public Access Site","dnr_accessid":1209,"id":"launch-0766"}},{"type":"Feature","geometry":{"type":"Point","coordinates":[-86.535091,38.033825]},"properties":{"name":"Rainbow Lake","access":"public","lake":"Rainbow Lake","county":"Perry","lat":38.033825,"lng":-86.535091,"source":"Indiana DNR Fish & Wildlife \u2014 Fishing Access Sites","source_url":"https://gisdata.in.gov/server/rest/services/Hosted/Fish_Access_RO/FeatureServer/0","notes":"Launch: Boat Ramp; Ramp: Gravel; Fee: No; Parking: PARKING_LOT; Motor: Electric only; ADA: No","launch_type":"Boat Ramp","land_type":"Public Access Site","dnr_accessid":1213,"id":"launch-0767"}},{"type":"Feature","geometry":{"type":"Point","coordinates":[-86.258216,39.953393]},"properties":{"name":"Elm Street Green Eagle Creek","access":"public","lake":"Eagle Creek","county":"Boone","lat":39.953393,"lng":-86.258216,"source":"Indiana DNR Fish & Wildlife \u2014 Fishing Access Sites","source_url":"https://gisdata.in.gov/server/rest/services/Hosted/Fish_Access_RO/FeatureServer/0","notes":"Launch: Canoe Ramp; Ramp: Concrete; Fee: No; Parking: PARKING_LOT; ADA: No; Eagle Creek Reservoir accessible from here.","launch_type":"Canoe Ramp","land_type":"Public Access Site","dnr_accessid":1216,"id":"launch-0768"}},{"type":"Feature","geometry":{"type":"Point","coordinates":[-86.052426,39.86393]},"properties":{"name":"Fall Creek Parkway","access":"public","lake":"Fall Creek","county":"Marion","lat":39.86393,"lng":-86.052426,"source":"Indiana DNR Fish & Wildlife \u2014 Fishing Access Sites","source_url":"https://gisdata.in.gov/server/rest/services/Hosted/Fish_Access_RO/FeatureServer/0","notes":"Launch: Canoe Ramp; Ramp: Concrete; Fee: No; Parking: PARKING_LOT","launch_type":"Canoe Ramp","land_type":"Public Access Site","dnr_accessid":1217,"id":"launch-0769"}},{"type":"Feature","geometry":{"type":"Point","coordinates":[-86.087261,40.740734]},"properties":{"name":"Eagles Landing (Peru)","access":"public","lake":"Wabash River","county":"Miami","lat":40.740734,"lng":-86.087261,"source":"Indiana DNR Fish & Wildlife \u2014 Fishing Access Sites","source_url":"https://gisdata.in.gov/server/rest/services/Hosted/Fish_Access_RO/FeatureServer/0","notes":"Launch: Boat Ramp; Ramp: Concrete; Fee: No; Parking: PARKING_LOT; Motor: None; ADA: Yes","launch_type":"Boat Ramp","land_type":"Public Access Site","dnr_accessid":1218,"id":"launch-0770"}},{"type":"Feature","geometry":{"type":"Point","coordinates":[-87.260538,41.575198]},"properties":{"name":"Grand Boulevard Lake","access":"public","lake":"Grand Boulevard Lake","county":"Lake","lat":41.575198,"lng":-87.260538,"source":"Indiana DNR Fish & Wildlife \u2014 Fishing Access Sites","source_url":"https://gisdata.in.gov/server/rest/services/Hosted/Fish_Access_RO/FeatureServer/0","notes":"Launch: Boat Ramp; Ramp: Concrete; Fee: No; Parking: PARKING_LOT; Motor: Speed Limit","launch_type":"Boat Ramp","land_type":"Public Access Site","dnr_accessid":1225,"id":"launch-0771"}},{"type":"Feature","geometry":{"type":"Point","coordinates":[-87.495937,39.993455]},"properties":{"name":"Osanamon Public Access Site","access":"public","lake":"Vermillion River","county":"Vermillion","lat":39.993455,"lng":-87.495937,"source":"Indiana DNR Fish & Wildlife \u2014 Fishing Access Sites","source_url":"https://gisdata.in.gov/server/rest/services/Hosted/Fish_Access_RO/FeatureServer/0","notes":"Launch: Canoe Ramp; Ramp: Concrete; Fee: No; Parking: PARKING_LOT; Motor: None; ADA: No","launch_type":"Canoe Ramp","land_type":"Public Access Site","dnr_accessid":1233,"id":"launch-0772"}},{"type":"Feature","geometry":{"type":"Point","coordinates":[-87.445742,38.096161]},"properties":{"name":"Blue Grass FWA Bird Dog Pit","access":"public","lake":"Bird Dog Pit","county":"Warrick","lat":38.096161,"lng":-87.445742,"source":"Indiana DNR Fish & Wildlife \u2014 Fishing Access Sites","source_url":"https://gisdata.in.gov/server/rest/services/Hosted/Fish_Access_RO/FeatureServer/0","notes":"Launch: Boat Ramp; Ramp: Concrete; Fee: No; Parking: PULL_OFF; Motor: Electric only; ADA: No","launch_type":"Boat Ramp","land_type":"Public Access Site","dnr_accessid":1235,"id":"launch-0773"}},{"type":"Feature","geometry":{"type":"Point","coordinates":[-85.52851,39.060514]},"properties":{"name":"Butlerville Public Access Site","access":"public","lake":"Vernon Fork Muscatatuck River","county":"Jennings","lat":39.060514,"lng":-85.52851,"source":"Indiana DNR Fish & Wildlife \u2014 Fishing Access Sites","source_url":"https://gisdata.in.gov/server/rest/services/Hosted/Fish_Access_RO/FeatureServer/0","notes":"Launch: Boat Ramp; Ramp: Concrete; Fee: No; Parking: PARKING_LOT; Motor: None; ADA: No","launch_type":"Boat Ramp","land_type":"Public Access Site","dnr_accessid":1236,"id":"launch-0774"}},{"type":"Feature","geometry":{"type":"Point","coordinates":[-86.958694,40.039012]},"properties":{"name":"Sugar Creek Rock River Ridge","access":"public","lake":"Sugar Creek","county":"Montgomery","lat":40.039012,"lng":-86.958694,"source":"Indiana DNR Fish & Wildlife \u2014 Fishing Access Sites","source_url":"https://gisdata.in.gov/server/rest/services/Hosted/Fish_Access_RO/FeatureServer/0","notes":"Launch: Carry Down; Ramp: Gravel; Fee: No; Parking: PARKING_LOT","launch_type":"Carry Down","land_type":"Public Access Site","dnr_accessid":1237,"id":"launch-0775"}},{"type":"Feature","geometry":{"type":"Point","coordinates":[-86.295397,39.87006]},"properties":{"name":"Lilly Lake","access":"public","lake":"Lilly Lake","county":"Marion","lat":39.87006,"lng":-86.295397,"source":"Indiana DNR Fish & Wildlife \u2014 Fishing Access Sites","source_url":"https://gisdata.in.gov/server/rest/services/Hosted/Fish_Access_RO/FeatureServer/0","notes":"Launch: Carry Down; Ramp: None; Fee: No; Parking: PARKING_LOT; Motor: NA","launch_type":"Carry Down","land_type":"Public Access Site","dnr_accessid":1238,"id":"launch-0776"}},{"type":"Feature","geometry":{"type":"Point","coordinates":[-86.022807,39.189142]},"properties":{"name":"Harrison Lakes","access":"private","lake":"North Harrison Lake","county":"Bartholomew","lat":39.189142,"lng":-86.022807,"source":"IndianaMap Recreational Facility Locations","source_url":"https://gisdata.in.gov/server/rest/services/Hosted/Recreational_Facility_Locations/FeatureServer/0","notes":"Type: Private; Ramps: 1; Fees may apply (see source); Columbus; Private/commercial facility listed in state inventory \u2014 confirm access before visiting","areatype":"Private","rampnu":1,"id":"launch-0777"}},{"type":"Feature","geometry":{"type":"Point","coordinates":[-86.034078,39.151786]},"properties":{"name":"Grandview Lake","access":"private","lake":"Grandview Lake","county":"Bartholomew","lat":39.151786,"lng":-86.034078,"source":"IndianaMap Recreational Facility Locations","source_url":"https://gisdata.in.gov/server/rest/services/Hosted/Recreational_Facility_Locations/FeatureServer/0","notes":"Type: Private; Ramps: 1; Fees may apply (see source); Columbus; Private/commercial facility listed in state inventory \u2014 confirm access before visiting","areatype":"Private","rampnu":1,"id":"launch-0778"}},{"type":"Feature","geometry":{"type":"Point","coordinates":[-85.754555,39.283164]},"properties":{"name":"Schaefer Lake","access":"private","lake":"Schaefer Lake","county":"Bartholomew","lat":39.283164,"lng":-85.754555,"source":"IndianaMap Recreational Facility Locations","source_url":"https://gisdata.in.gov/server/rest/services/Hosted/Recreational_Facility_Locations/FeatureServer/0","notes":"Type: Private; Ramps: 1; Fees may apply (see source); Hope; Private/commercial facility listed in state inventory \u2014 confirm access before visiting","areatype":"Private","rampnu":1,"id":"launch-0779"}},{"type":"Feature","geometry":{"type":"Point","coordinates":[-86.071568,39.058205]},"properties":{"name":"Kindred Forest / Kindred Lake","access":"private","lake":null,"county":"Bartholomew","lat":39.058205,"lng":-86.071568,"source":"IndianaMap Recreational Facility Locations","source_url":"https://gisdata.in.gov/server/rest/services/Hosted/Recreational_Facility_Locations/FeatureServer/0","notes":"Type: Private; Ramps: 1; Owner: F.O.P. # 89; Fees may apply (see source); Waymansville; Private/commercial facility listed in state inventory \u2014 confirm access before visiting","areatype":"Private","rampnu":1,"id":"launch-0780"}},{"type":"Feature","geometry":{"type":"Point","coordinates":[-86.35069,39.297924]},"properties":{"name":"Gallahue Valley Girl Scout Camp","access":"private","lake":null,"county":"Brown","lat":39.297924,"lng":-86.35069,"source":"IndianaMap Recreational Facility Locations","source_url":"https://gisdata.in.gov/server/rest/services/Hosted/Recreational_Facility_Locations/FeatureServer/0","notes":"Type: Private; Ramps: 1; Owner: Girl Scouts of Hoosier Capital Council; Fees may apply (see source); 6790 Bear Creek Road, Morgantown; Private/commercial facility listed in state inventory \u2014 confirm access before visiting","areatype":"Private","rampnu":1,"id":"launch-0781"}},{"type":"Feature","geometry":{"type":"Point","coordinates":[-86.752152,40.682029]},"properties":{"name":"White Oaks on the Lake","access":"private","lake":"Lake Freeman","county":"Carroll","lat":40.682029,"lng":-86.752152,"source":"IndianaMap Recreational Facility Locations","source_url":"https://gisdata.in.gov/server/rest/services/Hosted/Recreational_Facility_Locations/FeatureServer/0","notes":"Type: Private; Ramps: 11; Owner: Resort Park Investments; Fees may apply (see source); R.R. #1, P.O. Box 333, Monticello; Private/commercial facility listed in state inventory \u2014 confirm access before visiting","areatype":"Private","rampnu":11,"id":"launch-0782"}},{"type":"Feature","geometry":{"type":"Point","coordinates":[-86.700394,40.58774]},"properties":{"name":"Pittsburg River Access Site","access":"private","lake":null,"county":"Carroll","lat":40.58774,"lng":-86.700394,"source":"IndianaMap Recreational Facility Locations","source_url":"https://gisdata.in.gov/server/rest/services/Hosted/Recreational_Facility_Locations/FeatureServer/0","notes":"Type: Private; Ramps: 1; Owner: IDNR Division of Fish and Wildlife; Fees may apply (see source); Pittsburg; Private/commercial facility listed in state inventory \u2014 confirm access before visiting","areatype":"Private","rampnu":1,"id":"launch-0783"}},{"type":"Feature","geometry":{"type":"Point","coordinates":[-86.755945,40.655162]},"properties":{"name":"Jefferson Township Conservation Club","access":"private","lake":null,"county":"Carroll","lat":40.655162,"lng":-86.755945,"source":"IndianaMap Recreational Facility Locations","source_url":"https://gisdata.in.gov/server/rest/services/Hosted/Recreational_Facility_Locations/FeatureServer/0","notes":"Type: Private; Ramps: 1; Owner: NIPSCO; R.R. 4, Monticello; Private/commercial facility listed in state inventory \u2014 confirm access before visiting","areatype":"Private","rampnu":1,"id":"launch-0784"}},{"type":"Feature","geometry":{"type":"Point","coordinates":[-86.258622,40.760183]},"properties":{"name":"Tall Sycamore Campground","access":"private","lake":null,"county":"Cass","lat":40.760183,"lng":-86.258622,"source":"IndianaMap Recreational Facility Locations","source_url":"https://gisdata.in.gov/server/rest/services/Hosted/Recreational_Facility_Locations/FeatureServer/0","notes":"Type: Commercial; Ramps: 1; Owner: Fred Green; Fees may apply (see source); RFD 4, Box 280C, Logansport; Private/commercial facility listed in state inventory \u2014 confirm access before visiting","areatype":"Commercial","rampnu":1,"id":"launch-0785"}},{"type":"Feature","geometry":{"type":"Point","coordinates":[-85.673897,38.304475]},"properties":{"name":"Admirals Anchor Marina","access":"private","lake":null,"county":"Clark","lat":38.304475,"lng":-85.673897,"source":"IndianaMap Recreational Facility Locations","source_url":"https://gisdata.in.gov/server/rest/services/Hosted/Recreational_Facility_Locations/FeatureServer/0","notes":"Type: Private; Ramps: 1; Owner: Addison Webb; Fees may apply (see source); 4000 Utica Pike, Jeffersonville; Private/commercial facility listed in state inventory \u2014 confirm access before visiting","areatype":"Private","rampnu":1,"id":"launch-0786"}},{"type":"Feature","geometry":{"type":"Point","coordinates":[-85.64312,38.3622]},"properties":{"name":"Clark County Casting and Conservation Club","access":"private","lake":null,"county":"Clark","lat":38.3622,"lng":-85.64312,"source":"IndianaMap Recreational Facility Locations","source_url":"https://gisdata.in.gov/server/rest/services/Hosted/Recreational_Facility_Locations/FeatureServer/0","notes":"Type: Private; Ramps: 1; Fees may apply (see source); Utica; Private/commercial facility listed in state inventory \u2014 confirm access before visiting","areatype":"Private","rampnu":1,"id":"launch-0787"}},{"type":"Feature","geometry":{"type":"Point","coordinates":[-87.133363,39.489493]},"properties":{"name":"Indiana State University Field Campus","access":"private","lake":null,"county":"Clay","lat":39.489493,"lng":-87.133363,"source":"IndianaMap Recreational Facility Locations","source_url":"https://gisdata.in.gov/server/rest/services/Hosted/Recreational_Facility_Locations/FeatureServer/0","notes":"Type: Private; Ramps: 1; Owner: Indiana State University; Fees may apply (see source); 1373 W CR700N, Brazil; Private/commercial facility listed in state inventory \u2014 confirm access before visiting","areatype":"Private","rampnu":1,"id":"launch-0788"}},{"type":"Feature","geometry":{"type":"Point","coordinates":[-87.082612,39.385904]},"properties":{"name":"Dietz Recreation Park","access":"private","lake":null,"county":"Clay","lat":39.385904,"lng":-87.082612,"source":"IndianaMap Recreational Facility Locations","source_url":"https://gisdata.in.gov/server/rest/services/Hosted/Recreational_Facility_Locations/FeatureServer/0","notes":"Type: Commercial; Ramps: 1; Owner: Robert Hall; Fees may apply (see source); R.R. 2, Box 26, Center Point; Private/commercial facility listed in state inventory \u2014 confirm access before visiting","areatype":"Commercial","rampnu":1,"id":"launch-0789"}},{"type":"Feature","geometry":{"type":"Point","coordinates":[-86.94177,38.724948]},"properties":{"name":"Washington Boat Club","access":"private","lake":"West Boggs Creek Lake","county":"Daviess","lat":38.724948,"lng":-86.94177,"source":"IndianaMap Recreational Facility Locations","source_url":"https://gisdata.in.gov/server/rest/services/Hosted/Recreational_Facility_Locations/FeatureServer/0","notes":"Type: Private; Ramps: 1; Owner: Rarnet Moody, Vic Commodore; Fees may apply (see source); P.O. Box 9, Loogootee; Private/commercial facility listed in state inventory \u2014 confirm access before visiting","areatype":"Private","rampnu":1,"id":"launch-0790"}},{"type":"Feature","geometry":{"type":"Point","coordinates":[-84.885011,39.030703]},"properties":{"name":"Light House Point Marina","access":"private","lake":null,"county":"Dearborn","lat":39.030703,"lng":-84.885011,"source":"IndianaMap Recreational Facility Locations","source_url":"https://gisdata.in.gov/server/rest/services/Hosted/Recreational_Facility_Locations/FeatureServer/0","notes":"Type: Private; Ramps: 1; Fees may apply (see source); 11042 S.R. 56, P.O. Box 126, Aurora; Private/commercial facility listed in state inventory \u2014 confirm access before visiting","areatype":"Private","rampnu":1,"id":"launch-0791"}},{"type":"Feature","geometry":{"type":"Point","coordinates":[-84.821203,39.158087]},"properties":{"name":"Hidden Valley Lake Golf Course","access":"private","lake":null,"county":"Dearborn","lat":39.158087,"lng":-84.821203,"source":"IndianaMap Recreational Facility Locations","source_url":"https://gisdata.in.gov/server/rest/services/Hosted/Recreational_Facility_Locations/FeatureServer/0","notes":"Type: Private; Ramps: 1; Owner: Hidden Valley Lake Property Owners Assoc.; Fees may apply (see source); 108 Fairway Drive\r19620 Alpine Dr., Lawrenceburg; Private/commercial facility listed in state inventory \u2014 confirm access before visiting","areatype":"Private","rampnu":1,"id":"launch-0792"}},{"type":"Feature","geometry":{"type":"Point","coordinates":[-84.827512,39.138828]},"properties":{"name":"Horseshoe Lake Campground","access":"private","lake":null,"county":"Dearborn","lat":39.138828,"lng":-84.827512,"source":"IndianaMap Recreational Facility Locations","source_url":"https://gisdata.in.gov/server/rest/services/Hosted/Recreational_Facility_Locations/FeatureServer/0","notes":"Type: Commercial; Ramps: 1; Fees may apply (see source); Lawrenceburg; Private/commercial facility listed in state inventory \u2014 confirm access before visiting","areatype":"Commercial","rampnu":1,"id":"launch-0793"}},{"type":"Feature","geometry":{"type":"Point","coordinates":[-84.909664,41.527191]},"properties":{"name":"Hamilton Fish & Game Club","access":"private","lake":"Terry Lake","county":"DeKalb","lat":41.527191,"lng":-84.909664,"source":"IndianaMap Recreational Facility Locations","source_url":"https://gisdata.in.gov/server/rest/services/Hosted/Recreational_Facility_Locations/FeatureServer/0","notes":"Type: Private; Ramps: 1; Fees may apply (see source); Hamilton; Private/commercial facility listed in state inventory \u2014 confirm access before visiting","areatype":"Private","rampnu":1,"id":"launch-0794"}},{"type":"Feature","geometry":{"type":"Point","coordinates":[-85.280061,40.279673]},"properties":{"name":"Mel Mac Family Campground","access":"private","lake":null,"county":"Delaware","lat":40.279673,"lng":-85.280061,"source":"IndianaMap Recreational Facility Locations","source_url":"https://gisdata.in.gov/server/rest/services/Hosted/Recreational_Facility_Locations/FeatureServer/0","notes":"Type: Private; Ramps: 1; Owner: Melvin and Maxine Crawford; Fees may apply (see source); R.R. 1, Box 175, Albany; Private/commercial facility listed in state inventory \u2014 confirm access before visiting","areatype":"Private","rampnu":1,"id":"launch-0795"}},{"type":"Feature","geometry":{"type":"Point","coordinates":[-86.923699,38.254123]},"properties":{"name":"Huntingburg Conservation Club","access":"private","lake":null,"county":"Dubois","lat":38.254123,"lng":-86.923699,"source":"IndianaMap Recreational Facility Locations","source_url":"https://gisdata.in.gov/server/rest/services/Hosted/Recreational_Facility_Locations/FeatureServer/0","notes":"Type: Private; Ramps: 1; Fees may apply (see source); 8728 S100W, Ferdinand; Private/commercial facility listed in state inventory \u2014 confirm access before visiting","areatype":"Private","rampnu":1,"id":"launch-0796"}},{"type":"Feature","geometry":{"type":"Point","coordinates":[-86.915005,38.453174]},"properties":{"name":"Jasper Outdoor Recreation Association","access":"private","lake":"Izaak Walton Lake","county":"Dubois","lat":38.453174,"lng":-86.915005,"source":"IndianaMap Recreational Facility Locations","source_url":"https://gisdata.in.gov/server/rest/services/Hosted/Recreational_Facility_Locations/FeatureServer/0","notes":"Type: Private; Ramps: 1; Owner: Jasper County Recreation Association; Fees may apply (see source); R.R. 2, Box 475, Jasper; Private/commercial facility listed in state inventory \u2014 confirm access before visiting","areatype":"Private","rampnu":1,"id":"launch-0797"}},{"type":"Feature","geometry":{"type":"Point","coordinates":[-85.863052,41.708654]},"properties":{"name":"Nibbyville Campground Association","access":"private","lake":null,"county":"Elkhart","lat":41.708654,"lng":-85.863052,"source":"IndianaMap Recreational Facility Locations","source_url":"https://gisdata.in.gov/server/rest/services/Hosted/Recreational_Facility_Locations/FeatureServer/0","notes":"Type: Commercial; Ramps: 1; Owner: American Electric Power; Fees may apply (see source); P.O. Box 43, Bristol; Private/commercial facility listed in state inventory \u2014 confirm access before visiting","areatype":"Commercial","rampnu":1,"id":"launch-0798"}},{"type":"Feature","geometry":{"type":"Point","coordinates":[-85.872068,38.233968]},"properties":{"name":"Floyd County Coon Hunters Club","access":"private","lake":null,"county":"Floyd","lat":38.233968,"lng":-85.872068,"source":"IndianaMap Recreational Facility Locations","source_url":"https://gisdata.in.gov/server/rest/services/Hosted/Recreational_Facility_Locations/FeatureServer/0","notes":"Type: Private; Ramps: 1; Owner: Wayne Brazil; Fees may apply (see source); 3473 Gap Hollow Rd, New Albany; Private/commercial facility listed in state inventory \u2014 confirm access before visiting","areatype":"Private","rampnu":1,"id":"launch-0799"}},{"type":"Feature","geometry":{"type":"Point","coordinates":[-86.464532,41.071297]},"properties":{"name":"Hoosier Hideaway","access":"private","lake":null,"county":"Fulton","lat":41.071297,"lng":-86.464532,"source":"IndianaMap Recreational Facility Locations","source_url":"https://gisdata.in.gov/server/rest/services/Hosted/Recreational_Facility_Locations/FeatureServer/0","notes":"Type: Commercial; Ramps: 1; Owner: Richard Moore; Fees may apply (see source); Kewanna; Private/commercial facility listed in state inventory \u2014 confirm access before visiting","areatype":"Commercial","rampnu":1,"id":"launch-0800"}},{"type":"Feature","geometry":{"type":"Point","coordinates":[-86.190427,41.052342]},"properties":{"name":"Moose Lodge 1107 Beach Access","access":"private","lake":"Lake Manitou","county":"Fulton","lat":41.052342,"lng":-86.190427,"source":"IndianaMap Recreational Facility Locations","source_url":"https://gisdata.in.gov/server/rest/services/Hosted/Recreational_Facility_Locations/FeatureServer/0","notes":"Type: Private; Ramps: 1; Owner: Moose Lodge Club and Dining; Fees may apply (see source); Rochester; Private/commercial facility listed in state inventory \u2014 confirm access before visiting","areatype":"Private","rampnu":1,"id":"launch-0801"}},{"type":"Feature","geometry":{"type":"Point","coordinates":[-87.542473,38.365467]},"properties":{"name":"Fish & Wildlife Conservation Club of Gibson Co","access":"private","lake":null,"county":"Gibson","lat":38.365467,"lng":-87.542473,"source":"IndianaMap Recreational Facility Locations","source_url":"https://gisdata.in.gov/server/rest/services/Hosted/Recreational_Facility_Locations/FeatureServer/0","notes":"Type: Private; Ramps: 1; Fees may apply (see source); Princeton; Private/commercial facility listed in state inventory \u2014 confirm access before visiting","areatype":"Private","rampnu":1,"id":"launch-0802"}},{"type":"Feature","geometry":{"type":"Point","coordinates":[-87.731769,38.349355]},"properties":{"name":"Gibson Lake Recreation Area","access":"private","lake":null,"county":"Gibson","lat":38.349355,"lng":-87.731769,"source":"IndianaMap Recreational Facility Locations","source_url":"https://gisdata.in.gov/server/rest/services/Hosted/Recreational_Facility_Locations/FeatureServer/0","notes":"Type: Private; Ramps: 2; Owner: PSI Energy; E Mt Carmel; Private/commercial facility listed in state inventory \u2014 confirm access before visiting","areatype":"Private","rampnu":2,"id":"launch-0803"}},{"type":"Feature","geometry":{"type":"Point","coordinates":[-86.046811,40.089062]},"properties":{"name":"Harbour Trees Golf Course","access":"private","lake":"Morse Reservoir","county":"Hamilton","lat":40.089062,"lng":-86.046811,"source":"IndianaMap Recreational Facility Locations","source_url":"https://gisdata.in.gov/server/rest/services/Hosted/Recreational_Facility_Locations/FeatureServer/0","notes":"Type: Private; Ramps: 1; Fees may apply (see source); 333 Regents Park Lane, Noblesville; Private/commercial facility listed in state inventory \u2014 confirm access before visiting","areatype":"Private","rampnu":1,"id":"launch-0804"}},{"type":"Feature","geometry":{"type":"Point","coordinates":[-85.963911,40.099151]},"properties":{"name":"Riverbend Campground (Lagoon Lodge)","access":"private","lake":null,"county":"Hamilton","lat":40.099151,"lng":-85.963911,"source":"IndianaMap Recreational Facility Locations","source_url":"https://gisdata.in.gov/server/rest/services/Hosted/Recreational_Facility_Locations/FeatureServer/0","notes":"Type: Private; Ramps: 1; Owner: John and Linda Boeche; 21695 SR 37, Noblesville; Private/commercial facility listed in state inventory \u2014 confirm access before visiting","areatype":"Private","rampnu":1,"id":"launch-0805"}},{"type":"Feature","geometry":{"type":"Point","coordinates":[-85.820855,39.842688]},"properties":{"name":"Greenfield Conservation Club","access":"private","lake":null,"county":"Hancock","lat":39.842688,"lng":-85.820855,"source":"IndianaMap Recreational Facility Locations","source_url":"https://gisdata.in.gov/server/rest/services/Hosted/Recreational_Facility_Locations/FeatureServer/0","notes":"Type: Private; Ramps: 1; Owner: Monte Walker; Fees may apply (see source); CR1000W  400N, Greenfield; Private/commercial facility listed in state inventory \u2014 confirm access before visiting","areatype":"Private","rampnu":1,"id":"launch-0806"}},{"type":"Feature","geometry":{"type":"Point","coordinates":[-86.273109,38.340129]},"properties":{"name":"Cave Country Canoes","access":"private","lake":null,"county":"Harrison","lat":38.340129,"lng":-86.273109,"source":"IndianaMap Recreational Facility Locations","source_url":"https://gisdata.in.gov/server/rest/services/Hosted/Recreational_Facility_Locations/FeatureServer/0","notes":"Type: Commercial; Ramps: 1; Owner: Cave Country Canoes; Fees may apply (see source); 125 Main St, Milltown; Private/commercial facility listed in state inventory \u2014 confirm access before visiting","areatype":"Commercial","rampnu":1,"id":"launch-0807"}},{"type":"Feature","geometry":{"type":"Point","coordinates":[-85.417644,40.928445]},"properties":{"name":"Timber Lake Ranch Camp","access":"private","lake":null,"county":"Huntington","lat":40.928445,"lng":-85.417644,"source":"IndianaMap Recreational Facility Locations","source_url":"https://gisdata.in.gov/server/rest/services/Hosted/Recreational_Facility_Locations/FeatureServer/0","notes":"Type: Commercial; Ramps: 1; Owner: James Weber; Fees may apply (see source); 6643 North Old Fort Wayne Road, Huntington; Private/commercial facility listed in state inventory \u2014 confirm access before visiting","areatype":"Commercial","rampnu":1,"id":"launch-0808"}},{"type":"Feature","geometry":{"type":"Point","coordinates":[-86.081464,38.979972]},"properties":{"name":"Redbrush Park","access":"private","lake":"Multiple lakes","county":"Jackson","lat":38.979972,"lng":-86.081464,"source":"IndianaMap Recreational Facility Locations","source_url":"https://gisdata.in.gov/server/rest/services/Hosted/Recreational_Facility_Locations/FeatureServer/0","notes":"Type: Private; Ramps: 1; Owner: Mr. and Mrs. Chester Rust; Fees may apply (see source); 2213 W. State Road 258\r, Seymour; Private/commercial facility listed in state inventory \u2014 confirm access before visiting","areatype":"Private","rampnu":1,"id":"launch-0809"}},{"type":"Feature","geometry":{"type":"Point","coordinates":[-85.229002,38.710985]},"properties":{"name":"Sandy Beach","access":"private","lake":null,"county":"Jefferson","lat":38.710985,"lng":-85.229002,"source":"IndianaMap Recreational Facility Locations","source_url":"https://gisdata.in.gov/server/rest/services/Hosted/Recreational_Facility_Locations/FeatureServer/0","notes":"Type: Commercial; Ramps: 1; Owner: Phil and John Campbell; Fees may apply (see source); 1833 S Campbell Dr, Vevay; Private/commercial facility listed in state inventory \u2014 confirm access before visiting","areatype":"Commercial","rampnu":1,"id":"launch-0810"}},{"type":"Feature","geometry":{"type":"Point","coordinates":[-85.255141,38.737714]},"properties":{"name":"Adams Marina","access":"private","lake":null,"county":"Jefferson","lat":38.737714,"lng":-85.255141,"source":"IndianaMap Recreational Facility Locations","source_url":"https://gisdata.in.gov/server/rest/services/Hosted/Recreational_Facility_Locations/FeatureServer/0","notes":"Type: Commercial; Ramps: 1; Owner: Ed and Robert Adams; Fees may apply (see source); 7130 E Adams Marina Rd, Madison; Private/commercial facility listed in state inventory \u2014 confirm access before visiting","areatype":"Commercial","rampnu":1,"id":"launch-0811"}},{"type":"Feature","geometry":{"type":"Point","coordinates":[-85.514884,39.054979]},"properties":{"name":"Camp Holland","access":"private","lake":"Brush Creek Lake","county":"Jennings","lat":39.054979,"lng":-85.514884,"source":"IndianaMap Recreational Facility Locations","source_url":"https://gisdata.in.gov/server/rest/services/Hosted/Recreational_Facility_Locations/FeatureServer/0","notes":"Type: Private; Ramps: 1; Owner: Muscatatuck State Development Center; P.O. Box 77, Butlerville; Private/commercial facility listed in state inventory \u2014 confirm access before visiting","areatype":"Private","rampnu":1,"id":"launch-0812"}},{"type":"Feature","geometry":{"type":"Point","coordinates":[-85.697579,39.03122]},"properties":{"name":"Country Squire Lakes, Inc.","access":"private","lake":null,"county":"Jennings","lat":39.03122,"lng":-85.697579,"source":"IndianaMap Recreational Facility Locations","source_url":"https://gisdata.in.gov/server/rest/services/Hosted/Recreational_Facility_Locations/FeatureServer/0","notes":"Type: Private; Ramps: 1; Owner: Michael W. Delorenzo, Ass. Vice Pres.; R.R. 5, North Vernon; Private/commercial facility listed in state inventory \u2014 confirm access before visiting","areatype":"Private","rampnu":1,"id":"launch-0813"}},{"type":"Feature","geometry":{"type":"Point","coordinates":[-86.104055,39.357275]},"properties":{"name":"Prince's Lakes","access":"private","lake":"Multiple lakes","county":"Johnson","lat":39.357275,"lng":-86.104055,"source":"IndianaMap Recreational Facility Locations","source_url":"https://gisdata.in.gov/server/rest/services/Hosted/Recreational_Facility_Locations/FeatureServer/0","notes":"Type: Private; Ramps: 1; Owner: Property Owner Lake Associations and Conservancy District.; Fees may apply (see source); 14 E. Lakeview, Nineveh; Private/commercial facility listed in state inventory \u2014 confirm access before visiting","areatype":"Private","rampnu":1,"id":"launch-0814"}},{"type":"Feature","geometry":{"type":"Point","coordinates":[-86.183742,39.349758]},"properties":{"name":"Lamb Lakes (Indian Creek)","access":"private","lake":"Lamb Lake","county":"Johnson","lat":39.349758,"lng":-86.183742,"source":"IndianaMap Recreational Facility Locations","source_url":"https://gisdata.in.gov/server/rest/services/Hosted/Recreational_Facility_Locations/FeatureServer/0","notes":"Type: Private; Ramps: 1; Fees may apply (see source); Spearsville; Private/commercial facility listed in state inventory \u2014 confirm access before visiting","areatype":"Private","rampnu":1,"id":"launch-0815"}},{"type":"Feature","geometry":{"type":"Point","coordinates":[-86.122809,39.405502]},"properties":{"name":"Camp Allendale Christian Assembly & Retreat Center","access":"private","lake":null,"county":"Johnson","lat":39.405502,"lng":-86.122809,"source":"IndianaMap Recreational Facility Locations","source_url":"https://gisdata.in.gov/server/rest/services/Hosted/Recreational_Facility_Locations/FeatureServer/0","notes":"Type: Private; Ramps: 1; Owner: Capital District Christian Men's Fellowship; Fees may apply (see source); 4605 S. Allendale Dr., Trafalgar; Private/commercial facility listed in state inventory \u2014 confirm access before visiting","areatype":"Private","rampnu":1,"id":"launch-0816"}},{"type":"Feature","geometry":{"type":"Point","coordinates":[-85.960409,41.101368]},"properties":{"name":"Yellow Creek Lake Camp","access":"private","lake":"Yellow Creek Lake","county":"Kosciusko","lat":41.101368,"lng":-85.960409,"source":"IndianaMap Recreational Facility Locations","source_url":"https://gisdata.in.gov/server/rest/services/Hosted/Recreational_Facility_Locations/FeatureServer/0","notes":"Type: Private; Ramps: 1; Owner: Indiana North Ministerial Association; Fees may apply (see source); 6750 W 900 S, Claypool; Private/commercial facility listed in state inventory \u2014 confirm access before visiting","areatype":"Private","rampnu":1,"id":"launch-0817"}},{"type":"Feature","geometry":{"type":"Point","coordinates":[-85.988662,41.273565]},"properties":{"name":"Hoffman Lake Campground","access":"private","lake":"Hoffman Lake","county":"Kosciusko","lat":41.273565,"lng":-85.988662,"source":"IndianaMap Recreational Facility Locations","source_url":"https://gisdata.in.gov/server/rest/services/Hosted/Recreational_Facility_Locations/FeatureServer/0","notes":"Type: Commercial; Ramps: 1; Owner: William and Beverly Long; Fees may apply (see source); 7638W CR 300 N, Warsaw; Private/commercial facility listed in state inventory \u2014 confirm access before visiting","areatype":"Commercial","rampnu":1,"id":"launch-0818"}},{"type":"Feature","geometry":{"type":"Point","coordinates":[-85.743723,41.406792]},"properties":{"name":"Wawasee Slip, Inc.","access":"private","lake":"Lake Wawasee","county":"Kosciusko","lat":41.406792,"lng":-85.743723,"source":"IndianaMap Recreational Facility Locations","source_url":"https://gisdata.in.gov/server/rest/services/Hosted/Recreational_Facility_Locations/FeatureServer/0","notes":"Type: Commercial; Ramps: 1; Owner: George and Jeff Guyas; Fees may apply (see source); 1300 S Harkless Dr, Syracuse; Private/commercial facility listed in state inventory \u2014 confirm access before visiting","areatype":"Commercial","rampnu":1,"id":"launch-0819"}},{"type":"Feature","geometry":{"type":"Point","coordinates":[-85.719607,41.418312]},"properties":{"name":"Wawasee Boat Company","access":"private","lake":"Lake Wawasee","county":"Kosciusko","lat":41.418312,"lng":-85.719607,"source":"IndianaMap Recreational Facility Locations","source_url":"https://gisdata.in.gov/server/rest/services/Hosted/Recreational_Facility_Locations/FeatureServer/0","notes":"Type: Commercial; Ramps: 1; Owner: Doug Anderson; Fees may apply (see source); 6521 E Cornelius Rd, Syracuse; Private/commercial facility listed in state inventory \u2014 confirm access before visiting","areatype":"Commercial","rampnu":1,"id":"launch-0820"}},{"type":"Feature","geometry":{"type":"Point","coordinates":[-85.678139,41.408797]},"properties":{"name":"Johnson Bay Marina","access":"private","lake":"Lake Wawasee","county":"Kosciusko","lat":41.408797,"lng":-85.678139,"source":"IndianaMap Recreational Facility Locations","source_url":"https://gisdata.in.gov/server/rest/services/Hosted/Recreational_Facility_Locations/FeatureServer/0","notes":"Type: Commercial; Ramps: 1; Fees may apply (see source); 8690 E Smith Dr, Syracuse; Private/commercial facility listed in state inventory \u2014 confirm access before visiting","areatype":"Commercial","rampnu":1,"id":"launch-0821"}},{"type":"Feature","geometry":{"type":"Point","coordinates":[-85.787638,41.36722]},"properties":{"name":"Cindoway Shores","access":"private","lake":null,"county":"Kosciusko","lat":41.36722,"lng":-85.787638,"source":"IndianaMap Recreational Facility Locations","source_url":"https://gisdata.in.gov/server/rest/services/Hosted/Recreational_Facility_Locations/FeatureServer/0","notes":"Type: Private; Ramps: 1; Fees may apply (see source); Syracuse; Private/commercial facility listed in state inventory \u2014 confirm access before visiting","areatype":"Private","rampnu":1,"id":"launch-0822"}},{"type":"Feature","geometry":{"type":"Point","coordinates":[-85.675485,41.264769]},"properties":{"name":"Yogi Bear's Jellystone Park","access":"private","lake":"Ridinger Lake","county":"Kosciusko","lat":41.264769,"lng":-85.675485,"source":"IndianaMap Recreational Facility Locations","source_url":"https://gisdata.in.gov/server/rest/services/Hosted/Recreational_Facility_Locations/FeatureServer/0","notes":"Type: Commercial; Ramps: 1; Owner: YBMC Inc.; Fees may apply (see source); 1916N  CR 850 E, Pierceton; Private/commercial facility listed in state inventory \u2014 confirm access before visiting","areatype":"Commercial","rampnu":1,"id":"launch-0823"}},{"type":"Feature","geometry":{"type":"Point","coordinates":[-85.661723,41.307166]},"properties":{"name":"Ponderosa Camp","access":"private","lake":null,"county":"Kosciusko","lat":41.307166,"lng":-85.661723,"source":"IndianaMap Recreational Facility Locations","source_url":"https://gisdata.in.gov/server/rest/services/Hosted/Recreational_Facility_Locations/FeatureServer/0","notes":"Type: Private; Ramps: 1; Owner: Dean Burchard; Fees may apply (see source); PO Box 304, North Webster; Private/commercial facility listed in state inventory \u2014 confirm access before visiting","areatype":"Private","rampnu":1,"id":"launch-0824"}},{"type":"Feature","geometry":{"type":"Point","coordinates":[-85.694142,41.323879]},"properties":{"name":"Fishermans Cove Resort","access":"private","lake":"Webster Lake","county":"Kosciusko","lat":41.323879,"lng":-85.694142,"source":"IndianaMap Recreational Facility Locations","source_url":"https://gisdata.in.gov/server/rest/services/Hosted/Recreational_Facility_Locations/FeatureServer/0","notes":"Type: Commercial; Ramps: 1; Owner: Chuck and Peg Lawrence; Fees may apply (see source); 340 E Huntington, P. O. Box 26, North Webster; Private/commercial facility listed in state inventory \u2014 confirm access before visiting","areatype":"Commercial","rampnu":1,"id":"launch-0825"}},{"type":"Feature","geometry":{"type":"Point","coordinates":[-85.7491,41.325423]},"properties":{"name":"Tippecanoe Boat Company Inc","access":"private","lake":"Tippecanoe Lake","county":"Kosciusko","lat":41.325423,"lng":-85.7491,"source":"IndianaMap Recreational Facility Locations","source_url":"https://gisdata.in.gov/server/rest/services/Hosted/Recreational_Facility_Locations/FeatureServer/0","notes":"Type: Commercial; Ramps: 1; Owner: Bruce Pierce; Fees may apply (see source); 301 EMS T46 Ln, Leesburg; Private/commercial facility listed in state inventory \u2014 confirm access before visiting","areatype":"Commercial","rampnu":1,"id":"launch-0826"}},{"type":"Feature","geometry":{"type":"Point","coordinates":[-85.776529,41.328898]},"properties":{"name":"Tippy Ball Room and Boat Ramp","access":"private","lake":"Tippecanoe Lake","county":"Kosciusko","lat":41.328898,"lng":-85.776529,"source":"IndianaMap Recreational Facility Locations","source_url":"https://gisdata.in.gov/server/rest/services/Hosted/Recreational_Facility_Locations/FeatureServer/0","notes":"Type: Commercial; Ramps: 1; Fees may apply (see source); Oswego; Private/commercial facility listed in state inventory \u2014 confirm access before visiting","areatype":"Commercial","rampnu":1,"id":"launch-0827"}},{"type":"Feature","geometry":{"type":"Point","coordinates":[-85.781668,41.334953]},"properties":{"name":"Patona Bay Resort and Marine Services","access":"private","lake":"Tippecanoe Lake","county":"Kosciusko","lat":41.334953,"lng":-85.781668,"source":"IndianaMap Recreational Facility Locations","source_url":"https://gisdata.in.gov/server/rest/services/Hosted/Recreational_Facility_Locations/FeatureServer/0","notes":"Type: Commercial; Ramps: 1; Owner: Patona Bay Inc.; Fees may apply (see source); R162 EMS T33 Ln, Leesburg; Private/commercial facility listed in state inventory \u2014 confirm access before visiting","areatype":"Commercial","rampnu":1,"id":"launch-0828"}},{"type":"Feature","geometry":{"type":"Point","coordinates":[-85.721573,41.295059]},"properties":{"name":"Barbee Marina","access":"private","lake":null,"county":"Kosciusko","lat":41.295059,"lng":-85.721573,"source":"IndianaMap Recreational Facility Locations","source_url":"https://gisdata.in.gov/server/rest/services/Hosted/Recreational_Facility_Locations/FeatureServer/0","notes":"Type: Commercial; Ramps: 1; Owner: David Biesemeyer; Fees may apply (see source); 314 EMS B61 Ln, Warsaw; Private/commercial facility listed in state inventory \u2014 confirm access before visiting","areatype":"Commercial","rampnu":1,"id":"launch-0829"}},{"type":"Feature","geometry":{"type":"Point","coordinates":[-85.721667,41.287181]},"properties":{"name":"Pic-A-Spot Campground","access":"private","lake":null,"county":"Kosciusko","lat":41.287181,"lng":-85.721667,"source":"IndianaMap Recreational Facility Locations","source_url":"https://gisdata.in.gov/server/rest/services/Hosted/Recreational_Facility_Locations/FeatureServer/0","notes":"Type: Commercial; Ramps: 1; Owner: John B McDaniel; Fees may apply (see source); 6402 E McKenna Rd, Warsaw; Private/commercial facility listed in state inventory \u2014 confirm access before visiting","areatype":"Commercial","rampnu":1,"id":"launch-0830"}},{"type":"Feature","geometry":{"type":"Point","coordinates":[-85.785521,41.266542]},"properties":{"name":"Loziers Campground","access":"private","lake":"Chapman Lake (Big)","county":"Kosciusko","lat":41.266542,"lng":-85.785521,"source":"IndianaMap Recreational Facility Locations","source_url":"https://gisdata.in.gov/server/rest/services/Hosted/Recreational_Facility_Locations/FeatureServer/0","notes":"Type: Private; Ramps: 1; Owner: Bob Loziers; Fees may apply (see source); R.R. 6, Box 510, Warsaw; Private/commercial facility listed in state inventory \u2014 confirm access before visiting","areatype":"Private","rampnu":1,"id":"launch-0831"}},{"type":"Feature","geometry":{"type":"Point","coordinates":[-85.638795,41.697025]},"properties":{"name":"Foxwood Hills Comm. Assoc.","access":"private","lake":"Mud Lake","county":"LaGrange","lat":41.697025,"lng":-85.638795,"source":"IndianaMap Recreational Facility Locations","source_url":"https://gisdata.in.gov/server/rest/services/Hosted/Recreational_Facility_Locations/FeatureServer/0","notes":"Type: Private; Ramps: 5; Owner: Board of Directors (15 Members); Fees may apply (see source); R.R. 2, P.O. Box 429, Middlebury; Private/commercial facility listed in state inventory \u2014 confirm access before visiting","areatype":"Private","rampnu":5,"id":"launch-0832"}},{"type":"Feature","geometry":{"type":"Point","coordinates":[-85.603236,41.684603]},"properties":{"name":"Michiana Baptist Camp Inc","access":"private","lake":"Shipshewana Lake","county":"LaGrange","lat":41.684603,"lng":-85.603236,"source":"IndianaMap Recreational Facility Locations","source_url":"https://gisdata.in.gov/server/rest/services/Hosted/Recreational_Facility_Locations/FeatureServer/0","notes":"Type: Private; Ramps: 1; Fees may apply (see source); 3190 N 915 W, Shipshewanna; Private/commercial facility listed in state inventory \u2014 confirm access before visiting","areatype":"Private","rampnu":1,"id":"launch-0833"}},{"type":"Feature","geometry":{"type":"Point","coordinates":[-85.438263,41.547371]},"properties":{"name":"Indian Lakes Campground","access":"private","lake":"Messick Lake","county":"LaGrange","lat":41.547371,"lng":-85.438263,"source":"IndianaMap Recreational Facility Locations","source_url":"https://gisdata.in.gov/server/rest/services/Hosted/Recreational_Facility_Locations/FeatureServer/0","notes":"Type: Commercial; Ramps: 1; Owner: George Clifford; Fees may apply (see source); Wolcottville; Private/commercial facility listed in state inventory \u2014 confirm access before visiting","areatype":"Commercial","rampnu":1,"id":"launch-0834"}},{"type":"Feature","geometry":{"type":"Point","coordinates":[-85.28619,41.554835]},"properties":{"name":"Northshore Campground","access":"private","lake":"Blackman Lake","county":"LaGrange","lat":41.554835,"lng":-85.28619,"source":"IndianaMap Recreational Facility Locations","source_url":"https://gisdata.in.gov/server/rest/services/Hosted/Recreational_Facility_Locations/FeatureServer/0","notes":"Type: Private; Ramps: 1; Owner: David Swogger; Fees may apply (see source); 7290E  600 S, Wolcottville; Private/commercial facility listed in state inventory \u2014 confirm access before visiting","areatype":"Private","rampnu":1,"id":"launch-0835"}},{"type":"Feature","geometry":{"type":"Point","coordinates":[-85.400132,41.535214]},"properties":{"name":"A.R.C.A. Conference Center","access":"private","lake":"Atwood Lake","county":"LaGrange","lat":41.535214,"lng":-85.400132,"source":"IndianaMap Recreational Facility Locations","source_url":"https://gisdata.in.gov/server/rest/services/Hosted/Recreational_Facility_Locations/FeatureServer/0","notes":"Type: Private; Ramps: 1; Owner: A.R.C.A. Camp George; Fees may apply (see source); 1240 E 700 S, Wolcottville; Private/commercial facility listed in state inventory \u2014 confirm access before visiting","areatype":"Private","rampnu":1,"id":"launch-0836"}},{"type":"Feature","geometry":{"type":"Point","coordinates":[-85.41072,41.529372]},"properties":{"name":"Atwood Shores Campground","access":"private","lake":"Atwood Lake","county":"LaGrange","lat":41.529372,"lng":-85.41072,"source":"IndianaMap Recreational Facility Locations","source_url":"https://gisdata.in.gov/server/rest/services/Hosted/Recreational_Facility_Locations/FeatureServer/0","notes":"Type: Private; Ramps: 1; Owner: Brenda Campos; Fees may apply (see source); Wolcottville; Private/commercial facility listed in state inventory \u2014 confirm access before visiting","areatype":"Private","rampnu":1,"id":"launch-0837"}},{"type":"Feature","geometry":{"type":"Point","coordinates":[-85.198305,41.587619]},"properties":{"name":"Big Turkey Lake Marina","access":"private","lake":"Big Turkey Lake","county":"LaGrange","lat":41.587619,"lng":-85.198305,"source":"IndianaMap Recreational Facility Locations","source_url":"https://gisdata.in.gov/server/rest/services/Hosted/Recreational_Facility_Locations/FeatureServer/0","notes":"Type: Private; Ramps: 1; Fees may apply (see source); Stroh; Private/commercial facility listed in state inventory \u2014 confirm access before visiting","areatype":"Private","rampnu":1,"id":"launch-0838"}},{"type":"Feature","geometry":{"type":"Point","coordinates":[-85.213556,41.545085]},"properties":{"name":"Camp  Lakewood","access":"private","lake":null,"county":"LaGrange","lat":41.545085,"lng":-85.213556,"source":"IndianaMap Recreational Facility Locations","source_url":"https://gisdata.in.gov/server/rest/services/Hosted/Recreational_Facility_Locations/FeatureServer/0","notes":"Type: Private; Ramps: 1; Fees may apply (see source); South Milford; Private/commercial facility listed in state inventory \u2014 confirm access before visiting","areatype":"Private","rampnu":1,"id":"launch-0839"}},{"type":"Feature","geometry":{"type":"Point","coordinates":[-87.440854,41.377979]},"properties":{"name":"North Point Marina and Campground","access":"private","lake":"Cedar Lake","county":"Lake","lat":41.377979,"lng":-87.440854,"source":"IndianaMap Recreational Facility Locations","source_url":"https://gisdata.in.gov/server/rest/services/Hosted/Recreational_Facility_Locations/FeatureServer/0","notes":"Type: Private; Ramps: 1; Owner: Donald LaTulip, Jr.; Fees may apply (see source); P.O. Box 429, (13245 Ormm St.), Cedar Lake; Private/commercial facility listed in state inventory \u2014 confirm access before visiting","areatype":"Private","rampnu":1,"id":"launch-0840"}},{"type":"Feature","geometry":{"type":"Point","coordinates":[-87.439371,41.353036]},"properties":{"name":"LaTulip Harbor Camp","access":"private","lake":"Cedar Lake","county":"Lake","lat":41.353036,"lng":-87.439371,"source":"IndianaMap Recreational Facility Locations","source_url":"https://gisdata.in.gov/server/rest/services/Hosted/Recreational_Facility_Locations/FeatureServer/0","notes":"Type: Private; Ramps: 1; Owner: James and Katherine Curry; Fees may apply (see source); 14611 Lauerman Road, P.O. Box 431, Cedar Lake; Private/commercial facility listed in state inventory \u2014 confirm access before visiting","areatype":"Private","rampnu":1,"id":"launch-0841"}},{"type":"Feature","geometry":{"type":"Point","coordinates":[-86.539925,41.715529]},"properties":{"name":"Olive and Hudson Township Beach","access":"private","lake":"Hudson Lake","county":"LaPorte","lat":41.715529,"lng":-86.539925,"source":"IndianaMap Recreational Facility Locations","source_url":"https://gisdata.in.gov/server/rest/services/Hosted/Recreational_Facility_Locations/FeatureServer/0","notes":"Type: Private; Ramps: 1; Hudson Lake; Private/commercial facility listed in state inventory \u2014 confirm access before visiting","areatype":"Private","rampnu":1,"id":"launch-0842"}},{"type":"Feature","geometry":{"type":"Point","coordinates":[-86.537566,41.711172]},"properties":{"name":"Weber Vacation Mobile Home Camp","access":"private","lake":"Hudson Lake","county":"LaPorte","lat":41.711172,"lng":-86.537566,"source":"IndianaMap Recreational Facility Locations","source_url":"https://gisdata.in.gov/server/rest/services/Hosted/Recreational_Facility_Locations/FeatureServer/0","notes":"Type: Private; Ramps: 1; Owner: Donald and Barbara Davis (as of 11-6-98); Fees may apply (see source); 7089 Chicago Rd, Hudson Lake; Private/commercial facility listed in state inventory \u2014 confirm access before visiting","areatype":"Private","rampnu":1,"id":"launch-0843"}},{"type":"Feature","geometry":{"type":"Point","coordinates":[-86.713318,41.704971]},"properties":{"name":"LaLumiere School Athletic Fields","access":"private","lake":null,"county":"LaPorte","lat":41.704971,"lng":-86.713318,"source":"IndianaMap Recreational Facility Locations","source_url":"https://gisdata.in.gov/server/rest/services/Hosted/Recreational_Facility_Locations/FeatureServer/0","notes":"Type: Private; Ramps: 1; Fees may apply (see source); Laporte; Private/commercial facility listed in state inventory \u2014 confirm access before visiting","areatype":"Private","rampnu":1,"id":"launch-0844"}},{"type":"Feature","geometry":{"type":"Point","coordinates":[-86.677014,38.772825]},"properties":{"name":"Whitewater River Resort","access":"private","lake":null,"county":"Lawrence","lat":38.772825,"lng":-86.677014,"source":"IndianaMap Recreational Facility Locations","source_url":"https://gisdata.in.gov/server/rest/services/Hosted/Recreational_Facility_Locations/FeatureServer/0","notes":"Type: Commercial; Ramps: 1; Owner: Jim and Sue Withers; Fees may apply (see source); Rt. 1, Box 106, Williams; Private/commercial facility listed in state inventory \u2014 confirm access before visiting","areatype":"Commercial","rampnu":1,"id":"launch-0845"}},{"type":"Feature","geometry":{"type":"Point","coordinates":[-86.520694,38.835055]},"properties":{"name":"Bedford Boat & Sportsman\u00bfs Club, Inc","access":"private","lake":null,"county":"Lawrence","lat":38.835055,"lng":-86.520694,"source":"IndianaMap Recreational Facility Locations","source_url":"https://gisdata.in.gov/server/rest/services/Hosted/Recreational_Facility_Locations/FeatureServer/0","notes":"Type: Private; Ramps: 1; Fees may apply (see source); 3916 Pumphouse Rd., Bedford; Private/commercial facility listed in state inventory \u2014 confirm access before visiting","areatype":"Private","rampnu":1,"id":"launch-0846"}},{"type":"Feature","geometry":{"type":"Point","coordinates":[-86.102784,39.843084]},"properties":{"name":"Marllard Lake","access":"private","lake":null,"county":"Marion","lat":39.843084,"lng":-86.102784,"source":"IndianaMap Recreational Facility Locations","source_url":"https://gisdata.in.gov/server/rest/services/Hosted/Recreational_Facility_Locations/FeatureServer/0","notes":"Type: Private; Ramps: 1; Owner: Mallard Lake Community; 4640 Millersville Rd, Indianapolis; Private/commercial facility listed in state inventory \u2014 confirm access before visiting","areatype":"Private","rampnu":1,"id":"launch-0847"}},{"type":"Feature","geometry":{"type":"Point","coordinates":[-86.236117,41.429111]},"properties":{"name":"Rupert's Resort (Campground)","access":"private","lake":"Lake of the Woods","county":"Marshall","lat":41.429111,"lng":-86.236117,"source":"IndianaMap Recreational Facility Locations","source_url":"https://gisdata.in.gov/server/rest/services/Hosted/Recreational_Facility_Locations/FeatureServer/0","notes":"Type: Commercial; Ramps: 1; Owner: John Rupert; Fees may apply (see source); 3408 W Shore Dr., Bremen; Private/commercial facility listed in state inventory \u2014 confirm access before visiting","areatype":"Commercial","rampnu":1,"id":"launch-0848"}},{"type":"Feature","geometry":{"type":"Point","coordinates":[-86.385838,41.304194]},"properties":{"name":"Lakeside Campground","access":"private","lake":null,"county":"Marshall","lat":41.304194,"lng":-86.385838,"source":"IndianaMap Recreational Facility Locations","source_url":"https://gisdata.in.gov/server/rest/services/Hosted/Recreational_Facility_Locations/FeatureServer/0","notes":"Type: Commercial; Ramps: 1; Owner: Tim and Barb Berg; Fees may apply (see source); 16999 W. 12th Rd, Plymouth; Private/commercial facility listed in state inventory \u2014 confirm access before visiting","areatype":"Commercial","rampnu":1,"id":"launch-0849"}},{"type":"Feature","geometry":{"type":"Point","coordinates":[-86.366452,41.303383]},"properties":{"name":"Camper's Roost Campground","access":"private","lake":null,"county":"Marshall","lat":41.303383,"lng":-86.366452,"source":"IndianaMap Recreational Facility Locations","source_url":"https://gisdata.in.gov/server/rest/services/Hosted/Recreational_Facility_Locations/FeatureServer/0","notes":"Type: Commercial; Ramps: 1; Owner: Chuck and Virginia Smith; Fees may apply (see source); 15983 W. 12th Rd, Plymouth; Private/commercial facility listed in state inventory \u2014 confirm access before visiting","areatype":"Commercial","rampnu":1,"id":"launch-0850"}},{"type":"Feature","geometry":{"type":"Point","coordinates":[-86.402535,41.224236]},"properties":{"name":"Culver Military Academy and Golf Course","access":"private","lake":null,"county":"Marshall","lat":41.224236,"lng":-86.402535,"source":"IndianaMap Recreational Facility Locations","source_url":"https://gisdata.in.gov/server/rest/services/Hosted/Recreational_Facility_Locations/FeatureServer/0","notes":"Type: Private; Ramps: 1; Fees may apply (see source); 450 Forest St,  Culver Military Academy, Culver; Private/commercial facility listed in state inventory \u2014 confirm access before visiting","areatype":"Private","rampnu":1,"id":"launch-0851"}},{"type":"Feature","geometry":{"type":"Point","coordinates":[-85.961483,40.71545]},"properties":{"name":"Woody\u00bfs Spillway Camp & Bait","access":"private","lake":null,"county":"Miami","lat":40.71545,"lng":-85.961483,"source":"IndianaMap Recreational Facility Locations","source_url":"https://gisdata.in.gov/server/rest/services/Hosted/Recreational_Facility_Locations/FeatureServer/0","notes":"Type: Private; Ramps: 1; Owner: John and Kathy Foust; Fees may apply (see source); R.R. 1, Box 206 - 350 S., Peru; Private/commercial facility listed in state inventory \u2014 confirm access before visiting","areatype":"Private","rampnu":1,"id":"launch-0852"}},{"type":"Feature","geometry":{"type":"Point","coordinates":[-86.098102,40.747785]},"properties":{"name":"Izaak Walton League Lake","access":"private","lake":null,"county":"Miami","lat":40.747785,"lng":-86.098102,"source":"IndianaMap Recreational Facility Locations","source_url":"https://gisdata.in.gov/server/rest/services/Hosted/Recreational_Facility_Locations/FeatureServer/0","notes":"Type: Private; Ramps: 1; Owner: Izaak Walton League; Fees may apply (see source); Peru; Private/commercial facility listed in state inventory \u2014 confirm access before visiting","areatype":"Private","rampnu":1,"id":"launch-0853"}},{"type":"Feature","geometry":{"type":"Point","coordinates":[-86.430065,39.05459]},"properties":{"name":"BSA Ransburg Reservation","access":"private","lake":null,"county":"Monroe","lat":39.05459,"lng":-86.430065,"source":"IndianaMap Recreational Facility Locations","source_url":"https://gisdata.in.gov/server/rest/services/Hosted/Recreational_Facility_Locations/FeatureServer/0","notes":"Type: Private; Ramps: 1; Owner: Crossroads of America Boy Scout Council; Fees may apply (see source); 7599 East Waldrip Creek Road, Indianapolis; Private/commercial facility listed in state inventory \u2014 confirm access before visiting","areatype":"Private","rampnu":1,"id":"launch-0854"}},{"type":"Feature","geometry":{"type":"Point","coordinates":[-86.415864,39.079867]},"properties":{"name":"Todd\u00bfs Marina","access":"private","lake":null,"county":"Monroe","lat":39.079867,"lng":-86.415864,"source":"IndianaMap Recreational Facility Locations","source_url":"https://gisdata.in.gov/server/rest/services/Hosted/Recreational_Facility_Locations/FeatureServer/0","notes":"Type: Private; Ramps: 1; Fees may apply (see source); Bloomington; Private/commercial facility listed in state inventory \u2014 confirm access before visiting","areatype":"Private","rampnu":1,"id":"launch-0855"}},{"type":"Feature","geometry":{"type":"Point","coordinates":[-86.390514,39.250825]},"properties":{"name":"I & S Marina","access":"private","lake":"Lake Lemon","county":"Monroe","lat":39.250825,"lng":-86.390514,"source":"IndianaMap Recreational Facility Locations","source_url":"https://gisdata.in.gov/server/rest/services/Hosted/Recreational_Facility_Locations/FeatureServer/0","notes":"Type: Private; Ramps: 1; Owner: Dave Ison; Fees may apply (see source); 9215 E Southshore Dr, Unionville; Private/commercial facility listed in state inventory \u2014 confirm access before visiting","areatype":"Private","rampnu":1,"id":"launch-0856"}},{"type":"Feature","geometry":{"type":"Point","coordinates":[-86.384958,39.261685]},"properties":{"name":"North Shore Marina","access":"private","lake":"Lake Lemon","county":"Monroe","lat":39.261685,"lng":-86.384958,"source":"IndianaMap Recreational Facility Locations","source_url":"https://gisdata.in.gov/server/rest/services/Hosted/Recreational_Facility_Locations/FeatureServer/0","notes":"Type: Private; Ramps: 1; Owner: John E Hammel; Fees may apply (see source); 9554 North Shore Drive, Unionville; Private/commercial facility listed in state inventory \u2014 confirm access before visiting","areatype":"Private","rampnu":1,"id":"launch-0857"}},{"type":"Feature","geometry":{"type":"Point","coordinates":[-85.421448,41.495261]},"properties":{"name":"West Lakes Boat Mart","access":"private","lake":"Waldron Lake","county":"Noble","lat":41.495261,"lng":-85.421448,"source":"IndianaMap Recreational Facility Locations","source_url":"https://gisdata.in.gov/server/rest/services/Hosted/Recreational_Facility_Locations/FeatureServer/0","notes":"Type: Commercial; Ramps: 1; Owner: Bill Reynolds; Fees may apply (see source); 0085 E. Holiday Pt., Rome City; Private/commercial facility listed in state inventory \u2014 confirm access before visiting","areatype":"Commercial","rampnu":1,"id":"launch-0858"}},{"type":"Feature","geometry":{"type":"Point","coordinates":[-84.867097,38.936209]},"properties":{"name":"Ohio County Sportsman\u00bfs Club","access":"private","lake":null,"county":"Ohio","lat":38.936209,"lng":-84.867097,"source":"IndianaMap Recreational Facility Locations","source_url":"https://gisdata.in.gov/server/rest/services/Hosted/Recreational_Facility_Locations/FeatureServer/0","notes":"Type: Private; Ramps: 1; Fees may apply (see source); Rising Sun; Private/commercial facility listed in state inventory \u2014 confirm access before visiting","areatype":"Private","rampnu":1,"id":"launch-0859"}},{"type":"Feature","geometry":{"type":"Point","coordinates":[-84.879571,38.920715]},"properties":{"name":"Arnold Creek Campground","access":"private","lake":null,"county":"Ohio","lat":38.920715,"lng":-84.879571,"source":"IndianaMap Recreational Facility Locations","source_url":"https://gisdata.in.gov/server/rest/services/Hosted/Recreational_Facility_Locations/FeatureServer/0","notes":"Type: Commercial; Ramps: 1; Owner: Emit Baker; Fees may apply (see source); R.R. 2, Rising Sun; Private/commercial facility listed in state inventory \u2014 confirm access before visiting","areatype":"Commercial","rampnu":1,"id":"launch-0860"}},{"type":"Feature","geometry":{"type":"Point","coordinates":[-84.856977,38.996515]},"properties":{"name":"Camp Shore Campground","access":"private","lake":null,"county":"Ohio","lat":38.996515,"lng":-84.856977,"source":"IndianaMap Recreational Facility Locations","source_url":"https://gisdata.in.gov/server/rest/services/Hosted/Recreational_Facility_Locations/FeatureServer/0","notes":"Type: Commercial; Ramps: 1; Owner: Ann and Larry Noland; Fees may apply (see source); R.R. 1, Box 298, Aurora; Private/commercial facility listed in state inventory \u2014 confirm access before visiting","areatype":"Commercial","rampnu":1,"id":"launch-0861"}},{"type":"Feature","geometry":{"type":"Point","coordinates":[-86.515302,38.050376]},"properties":{"name":"Bayou Ridge Campground","access":"private","lake":null,"county":"Perry","lat":38.050376,"lng":-86.515302,"source":"IndianaMap Recreational Facility Locations","source_url":"https://gisdata.in.gov/server/rest/services/Hosted/Recreational_Facility_Locations/FeatureServer/0","notes":"Type: Commercial; Ramps: 1; Owner: Lewis Ramsey; Fees may apply (see source); SR66, Derby; Private/commercial facility listed in state inventory \u2014 confirm access before visiting","areatype":"Commercial","rampnu":1,"id":"launch-0862"}},{"type":"Feature","geometry":{"type":"Point","coordinates":[-86.672172,37.915174]},"properties":{"name":"Rocky Point Marina Campground","access":"private","lake":null,"county":"Perry","lat":37.915174,"lng":-86.672172,"source":"IndianaMap Recreational Facility Locations","source_url":"https://gisdata.in.gov/server/rest/services/Hosted/Recreational_Facility_Locations/FeatureServer/0","notes":"Type: Commercial; Ramps: 2; Owner: Charles Stillwell; Fees may apply (see source); R.R. 1, Box 234, Rocky Point; Private/commercial facility listed in state inventory \u2014 confirm access before visiting","areatype":"Commercial","rampnu":2,"id":"launch-0863"}},{"type":"Feature","geometry":{"type":"Point","coordinates":[-86.640505,37.901674]},"properties":{"name":"Zellers Campground","access":"private","lake":null,"county":"Perry","lat":37.901674,"lng":-86.640505,"source":"IndianaMap Recreational Facility Locations","source_url":"https://gisdata.in.gov/server/rest/services/Hosted/Recreational_Facility_Locations/FeatureServer/0","notes":"Type: Commercial; Ramps: 1; Owner: Harry Zeller; Fees may apply (see source); Tobinsport; Private/commercial facility listed in state inventory \u2014 confirm access before visiting","areatype":"Commercial","rampnu":1,"id":"launch-0864"}},{"type":"Feature","geometry":{"type":"Point","coordinates":[-87.219673,38.381769]},"properties":{"name":"Miller\u00bfs Field (American Legion)","access":"private","lake":null,"county":"Pike","lat":38.381769,"lng":-87.219673,"source":"IndianaMap Recreational Facility Locations","source_url":"https://gisdata.in.gov/server/rest/services/Hosted/Recreational_Facility_Locations/FeatureServer/0","notes":"Type: Private; Ramps: 1; Owner: American Legion Post 115; Winslow; Private/commercial facility listed in state inventory \u2014 confirm access before visiting","areatype":"Private","rampnu":1,"id":"launch-0865"}},{"type":"Feature","geometry":{"type":"Point","coordinates":[-87.073072,38.288185]},"properties":{"name":"Lake Helmerich Village","access":"private","lake":"Lake Frank","county":"Pike","lat":38.288185,"lng":-87.073072,"source":"IndianaMap Recreational Facility Locations","source_url":"https://gisdata.in.gov/server/rest/services/Hosted/Recreational_Facility_Locations/FeatureServer/0","notes":"Type: Private; Ramps: 3; Fees may apply (see source); Zoar; Private/commercial facility listed in state inventory \u2014 confirm access before visiting","areatype":"Private","rampnu":3,"id":"launch-0866"}},{"type":"Feature","geometry":{"type":"Point","coordinates":[-87.199271,41.594502]},"properties":{"name":"Yogi Bear Jellystone Campground","access":"private","lake":null,"county":"Porter","lat":41.594502,"lng":-87.199271,"source":"IndianaMap Recreational Facility Locations","source_url":"https://gisdata.in.gov/server/rest/services/Hosted/Recreational_Facility_Locations/FeatureServer/0","notes":"Type: Commercial; Ramps: 1; Fees may apply (see source); P.O. Box 810, Portage; Private/commercial facility listed in state inventory \u2014 confirm access before visiting","areatype":"Commercial","rampnu":1,"id":"launch-0867"}},{"type":"Feature","geometry":{"type":"Point","coordinates":[-87.179266,41.617676]},"properties":{"name":"Lefty\u00bfs Coho Landing","access":"private","lake":null,"county":"Porter","lat":41.617676,"lng":-87.179266,"source":"IndianaMap Recreational Facility Locations","source_url":"https://gisdata.in.gov/server/rest/services/Hosted/Recreational_Facility_Locations/FeatureServer/0","notes":"Type: Commercial; Ramps: 2; Fees may apply (see source); Ogden Dunes; Private/commercial facility listed in state inventory \u2014 confirm access before visiting","areatype":"Commercial","rampnu":2,"id":"launch-0868"}},{"type":"Feature","geometry":{"type":"Point","coordinates":[-87.954066,38.104633]},"properties":{"name":"Old Dam Campground","access":"private","lake":null,"county":"Posey","lat":38.104633,"lng":-87.954066,"source":"IndianaMap Recreational Facility Locations","source_url":"https://gisdata.in.gov/server/rest/services/Hosted/Recreational_Facility_Locations/FeatureServer/0","notes":"Type: Commercial; Ramps: 1; Fees may apply (see source); New Harmony; Private/commercial facility listed in state inventory \u2014 confirm access before visiting","areatype":"Commercial","rampnu":1,"id":"launch-0869"}},{"type":"Feature","geometry":{"type":"Point","coordinates":[-86.557841,41.16291]},"properties":{"name":"Rising Sun Campgrounds","access":"private","lake":null,"county":"Pulaski","lat":41.16291,"lng":-86.557841,"source":"IndianaMap Recreational Facility Locations","source_url":"https://gisdata.in.gov/server/rest/services/Hosted/Recreational_Facility_Locations/FeatureServer/0","notes":"Type: Private; Ramps: 1; Fees may apply (see source); R.R. 1, Box 114, Monterey; Private/commercial facility listed in state inventory \u2014 confirm access before visiting","areatype":"Private","rampnu":1,"id":"launch-0870"}},{"type":"Feature","geometry":{"type":"Point","coordinates":[-86.928101,39.728994]},"properties":{"name":"Van Bibber Lake Campground","access":"private","lake":null,"county":"Putnam","lat":39.728994,"lng":-86.928101,"source":"IndianaMap Recreational Facility Locations","source_url":"https://gisdata.in.gov/server/rest/services/Hosted/Recreational_Facility_Locations/FeatureServer/0","notes":"Type: Private; Ramps: 1; Fees may apply (see source); R.R. 1, Box 182, Greencastle; Private/commercial facility listed in state inventory \u2014 confirm access before visiting","areatype":"Private","rampnu":1,"id":"launch-0871"}},{"type":"Feature","geometry":{"type":"Point","coordinates":[-86.707972,39.741628]},"properties":{"name":"Lincoln Park","access":"private","lake":"Heritage Lake","county":"Putnam","lat":39.741628,"lng":-86.707972,"source":"IndianaMap Recreational Facility Locations","source_url":"https://gisdata.in.gov/server/rest/services/Hosted/Recreational_Facility_Locations/FeatureServer/0","notes":"Type: Private; Ramps: 1; Owner: Heritage Lake Home Owners Association; Fees may apply (see source); R.R. 2, Coatsville; Private/commercial facility listed in state inventory \u2014 confirm access before visiting","areatype":"Private","rampnu":1,"id":"launch-0872"}},{"type":"Feature","geometry":{"type":"Point","coordinates":[-86.72456,39.723267]},"properties":{"name":"Heritage Lake Boat Ramp","access":"private","lake":"Heritage Lake","county":"Putnam","lat":39.723267,"lng":-86.72456,"source":"IndianaMap Recreational Facility Locations","source_url":"https://gisdata.in.gov/server/rest/services/Hosted/Recreational_Facility_Locations/FeatureServer/0","notes":"Type: Private; Ramps: 2; Owner: Heritage Lake Property Owners Association; Fees may apply (see source); R.R. 2, Clubhouse, Coatsville; Private/commercial facility listed in state inventory \u2014 confirm access before visiting","areatype":"Private","rampnu":2,"id":"launch-0873"}},{"type":"Feature","geometry":{"type":"Point","coordinates":[-85.128531,39.278316]},"properties":{"name":"Indian Lakes Resort","access":"private","lake":null,"county":"Ripley","lat":39.278316,"lng":-85.128531,"source":"IndianaMap Recreational Facility Locations","source_url":"https://gisdata.in.gov/server/rest/services/Hosted/Recreational_Facility_Locations/FeatureServer/0","notes":"Type: Commercial; Ramps: 1; Owner: Thousand Trails/Naco Inc.; Fees may apply (see source); 7234 E SR 46, Batesville; Private/commercial facility listed in state inventory \u2014 confirm access before visiting","areatype":"Commercial","rampnu":1,"id":"launch-0874"}},{"type":"Feature","geometry":{"type":"Point","coordinates":[-86.378828,41.705543]},"properties":{"name":"Chain O'Lakes Conservation Club and North Chain Public Access","access":"private","lake":"Bass Lake (North Chain)","county":"St. Joseph","lat":41.705543,"lng":-86.378828,"source":"IndianaMap Recreational Facility Locations","source_url":"https://gisdata.in.gov/server/rest/services/Hosted/Recreational_Facility_Locations/FeatureServer/0","notes":"Type: Private; Ramps: 1; Owner: IDNR Division of Fish and Wildlife; South Bend; Private/commercial facility listed in state inventory \u2014 confirm access before visiting","areatype":"Private","rampnu":1,"id":"launch-0875"}},{"type":"Feature","geometry":{"type":"Point","coordinates":[-86.065283,41.679138]},"properties":{"name":"Midway Marine","access":"private","lake":null,"county":"St. Joseph","lat":41.679138,"lng":-86.065283,"source":"IndianaMap Recreational Facility Locations","source_url":"https://gisdata.in.gov/server/rest/services/Hosted/Recreational_Facility_Locations/FeatureServer/0","notes":"Type: Commercial; Ramps: 1; Owner: Ray Bradford; Fees may apply (see source); 56183 Ash Rd, Osceola; Private/commercial facility listed in state inventory \u2014 confirm access before visiting","areatype":"Commercial","rampnu":1,"id":"launch-0876"}},{"type":"Feature","geometry":{"type":"Point","coordinates":[-85.669746,38.620791]},"properties":{"name":"Marysville Lake","access":"private","lake":null,"county":"Scott","lat":38.620791,"lng":-85.669746,"source":"IndianaMap Recreational Facility Locations","source_url":"https://gisdata.in.gov/server/rest/services/Hosted/Recreational_Facility_Locations/FeatureServer/0","notes":"Type: Commercial; Ramps: 1; Fees may apply (see source); Lexington; Private/commercial facility listed in state inventory \u2014 confirm access before visiting","areatype":"Commercial","rampnu":1,"id":"launch-0877"}},{"type":"Feature","geometry":{"type":"Point","coordinates":[-87.219783,37.849791]},"properties":{"name":"French Island Marina and Boat Club","access":"private","lake":null,"county":"Spencer","lat":37.849791,"lng":-87.219783,"source":"IndianaMap Recreational Facility Locations","source_url":"https://gisdata.in.gov/server/rest/services/Hosted/Recreational_Facility_Locations/FeatureServer/0","notes":"Type: Commercial; Ramps: 1; Owner: Beverly Pitzer- Treasurer; Fees may apply (see source); Eureka; Private/commercial facility listed in state inventory \u2014 confirm access before visiting","areatype":"Commercial","rampnu":1,"id":"launch-0878"}},{"type":"Feature","geometry":{"type":"Point","coordinates":[-87.054071,37.873592]},"properties":{"name":"Gentry Lake","access":"private","lake":null,"county":"Spencer","lat":37.873592,"lng":-87.054071,"source":"IndianaMap Recreational Facility Locations","source_url":"https://gisdata.in.gov/server/rest/services/Hosted/Recreational_Facility_Locations/FeatureServer/0","notes":"Type: Private; Ramps: 1; Owner: Frances Gentry; 606 S SR 45, Rockport; Private/commercial facility listed in state inventory \u2014 confirm access before visiting","areatype":"Private","rampnu":1,"id":"launch-0879"}},{"type":"Feature","geometry":{"type":"Point","coordinates":[-85.000116,41.754279]},"properties":{"name":"Lake George Marina","access":"private","lake":"Lake George","county":"Steuben","lat":41.754279,"lng":-85.000116,"source":"IndianaMap Recreational Facility Locations","source_url":"https://gisdata.in.gov/server/rest/services/Hosted/Recreational_Facility_Locations/FeatureServer/0","notes":"Type: Commercial; Ramps: 1; Fees may apply (see source); Fremont; Private/commercial facility listed in state inventory \u2014 confirm access before visiting","areatype":"Commercial","rampnu":1,"id":"launch-0880"}},{"type":"Feature","geometry":{"type":"Point","coordinates":[-85.054179,41.749061]},"properties":{"name":"Yogi Bear's Jellystone Park","access":"private","lake":"Barton Lake","county":"Steuben","lat":41.749061,"lng":-85.054179,"source":"IndianaMap Recreational Facility Locations","source_url":"https://gisdata.in.gov/server/rest/services/Hosted/Recreational_Facility_Locations/FeatureServer/0","notes":"Type: Commercial; Ramps: 1; Owner: Roger Barry; Fees may apply (see source); 140 Lane 201, Barton Lake, Fremont; Private/commercial facility listed in state inventory \u2014 confirm access before visiting","areatype":"Commercial","rampnu":1,"id":"launch-0881"}},{"type":"Feature","geometry":{"type":"Point","coordinates":[-85.002446,41.719822]},"properties":{"name":"Tri-State Bait & Tackle (Camping)","access":"private","lake":"Little Otter Lake","county":"Steuben","lat":41.719822,"lng":-85.002446,"source":"IndianaMap Recreational Facility Locations","source_url":"https://gisdata.in.gov/server/rest/services/Hosted/Recreational_Facility_Locations/FeatureServer/0","notes":"Type: Commercial; Ramps: 1; Owner: Karen Bell; Fees may apply (see source); 5275 SR 127 N, Fremont; Private/commercial facility listed in state inventory \u2014 confirm access before visiting","areatype":"Commercial","rampnu":1,"id":"launch-0882"}},{"type":"Feature","geometry":{"type":"Point","coordinates":[-85.048231,41.698842]},"properties":{"name":"Corner Landing","access":"private","lake":"Lake James","county":"Steuben","lat":41.698842,"lng":-85.048231,"source":"IndianaMap Recreational Facility Locations","source_url":"https://gisdata.in.gov/server/rest/services/Hosted/Recreational_Facility_Locations/FeatureServer/0","notes":"Type: Commercial; Ramps: 1; Fees may apply (see source); Angola; Private/commercial facility listed in state inventory \u2014 confirm access before visiting","areatype":"Commercial","rampnu":1,"id":"launch-0883"}},{"type":"Feature","geometry":{"type":"Point","coordinates":[-85.027879,41.679883]},"properties":{"name":"Lake James  Christian Assembly","access":"private","lake":"Lake James","county":"Steuben","lat":41.679883,"lng":-85.027879,"source":"IndianaMap Recreational Facility Locations","source_url":"https://gisdata.in.gov/server/rest/services/Hosted/Recreational_Facility_Locations/FeatureServer/0","notes":"Type: Private; Ramps: 1; Fees may apply (see source); 1880 W 275 N, Angola; Private/commercial facility listed in state inventory \u2014 confirm access before visiting","areatype":"Private","rampnu":1,"id":"launch-0884"}},{"type":"Feature","geometry":{"type":"Point","coordinates":[-85.05013,41.674666]},"properties":{"name":"Casey\u00bfs Cove Marina","access":"private","lake":"Crooked Lake","county":"Steuben","lat":41.674666,"lng":-85.05013,"source":"IndianaMap Recreational Facility Locations","source_url":"https://gisdata.in.gov/server/rest/services/Hosted/Recreational_Facility_Locations/FeatureServer/0","notes":"Type: Commercial; Ramps: 1; Owner: Pat Casey; Fees may apply (see source); 35 Lane 345, Crooked Lake, Angola; Private/commercial facility listed in state inventory \u2014 confirm access before visiting","areatype":"Commercial","rampnu":1,"id":"launch-0885"}},{"type":"Feature","geometry":{"type":"Point","coordinates":[-85.080395,41.692097]},"properties":{"name":"Pow Wow Point RV Park","access":"private","lake":"Crooked Lake","county":"Steuben","lat":41.692097,"lng":-85.080395,"source":"IndianaMap Recreational Facility Locations","source_url":"https://gisdata.in.gov/server/rest/services/Hosted/Recreational_Facility_Locations/FeatureServer/0","notes":"Type: Commercial; Ramps: 1; Owner: Elizabeth Brown; Fees may apply (see source); 4567 W Orland Road, Angola; Private/commercial facility listed in state inventory \u2014 confirm access before visiting","areatype":"Commercial","rampnu":1,"id":"launch-0886"}},{"type":"Feature","geometry":{"type":"Point","coordinates":[-84.930141,41.74979]},"properties":{"name":"K & K Campground","access":"private","lake":"Fish Lake","county":"Steuben","lat":41.74979,"lng":-84.930141,"source":"IndianaMap Recreational Facility Locations","source_url":"https://gisdata.in.gov/server/rest/services/Hosted/Recreational_Facility_Locations/FeatureServer/0","notes":"Type: Commercial; Ramps: 1; Owner: Robert and Denise Kropaczewski; Fees may apply (see source); 7240 N Freemont Rd., Fremont; Private/commercial facility listed in state inventory \u2014 confirm access before visiting","areatype":"Commercial","rampnu":1,"id":"launch-0887"}},{"type":"Feature","geometry":{"type":"Point","coordinates":[-84.857742,41.737059]},"properties":{"name":"Clear Lake Marina","access":"private","lake":"Clear Lake","county":"Steuben","lat":41.737059,"lng":-84.857742,"source":"IndianaMap Recreational Facility Locations","source_url":"https://gisdata.in.gov/server/rest/services/Hosted/Recreational_Facility_Locations/FeatureServer/0","notes":"Type: Commercial; Ramps: 1; Owner: Fred Homan; Fees may apply (see source); 1210 Lake dr.   Clear Lake, Fremont; Private/commercial facility listed in state inventory \u2014 confirm access before visiting","areatype":"Commercial","rampnu":1,"id":"launch-0888"}},{"type":"Feature","geometry":{"type":"Point","coordinates":[-84.912023,41.561023]},"properties":{"name":"Clark's Landing Marina","access":"private","lake":"Hamilton Lake","county":"Steuben","lat":41.561023,"lng":-84.912023,"source":"IndianaMap Recreational Facility Locations","source_url":"https://gisdata.in.gov/server/rest/services/Hosted/Recreational_Facility_Locations/FeatureServer/0","notes":"Type: Commercial; Ramps: 1; Owner: Jeff Bireley; Fees may apply (see source); 80 Lane 101 B, Hamilton; Private/commercial facility listed in state inventory \u2014 confirm access before visiting","areatype":"Commercial","rampnu":1,"id":"launch-0889"}},{"type":"Feature","geometry":{"type":"Point","coordinates":[-84.903829,41.52881]},"properties":{"name":"Terry Lake Campground","access":"private","lake":null,"county":"Steuben","lat":41.52881,"lng":-84.903829,"source":"IndianaMap Recreational Facility Locations","source_url":"https://gisdata.in.gov/server/rest/services/Hosted/Recreational_Facility_Locations/FeatureServer/0","notes":"Type: Commercial; Ramps: 1; Owner: Robert and Judy Fosburg; Fees may apply (see source); 0104  CR 61, Hamilton; Private/commercial facility listed in state inventory \u2014 confirm access before visiting","areatype":"Commercial","rampnu":1,"id":"launch-0890"}},{"type":"Feature","geometry":{"type":"Point","coordinates":[-85.041927,41.645667]},"properties":{"name":"Buck Lake Ranch","access":"private","lake":"Buck Lake","county":"Steuben","lat":41.645667,"lng":-85.041927,"source":"IndianaMap Recreational Facility Locations","source_url":"https://gisdata.in.gov/server/rest/services/Hosted/Recreational_Facility_Locations/FeatureServer/0","notes":"Type: Commercial; Ramps: 1; Owner: Carl  Unger; Fees may apply (see source); 2705 W  Buck Lake Rd., Angola; Private/commercial facility listed in state inventory \u2014 confirm access before visiting","areatype":"Commercial","rampnu":1,"id":"launch-0891"}},{"type":"Feature","geometry":{"type":"Point","coordinates":[-85.04761,41.616581]},"properties":{"name":"Cook's Happy Acres RV Camping","access":"private","lake":null,"county":"Steuben","lat":41.616581,"lng":-85.04761,"source":"IndianaMap Recreational Facility Locations","source_url":"https://gisdata.in.gov/server/rest/services/Hosted/Recreational_Facility_Locations/FeatureServer/0","notes":"Type: Commercial; Ramps: 1; Owner: Robert C. Cook; Fees may apply (see source); R.R. 5, Box 1051, Angola; Private/commercial facility listed in state inventory \u2014 confirm access before visiting","areatype":"Commercial","rampnu":1,"id":"launch-0892"}},{"type":"Feature","geometry":{"type":"Point","coordinates":[-85.085904,41.62948]},"properties":{"name":"Circle B Campground","access":"private","lake":"Hogback Lake","county":"Steuben","lat":41.62948,"lng":-85.085904,"source":"IndianaMap Recreational Facility Locations","source_url":"https://gisdata.in.gov/server/rest/services/Hosted/Recreational_Facility_Locations/FeatureServer/0","notes":"Type: Commercial; Ramps: 1; Owner: William Benson; Fees may apply (see source); R.R. 1, Box 260, Angola; Private/commercial facility listed in state inventory \u2014 confirm access before visiting","areatype":"Commercial","rampnu":1,"id":"launch-0893"}},{"type":"Feature","geometry":{"type":"Point","coordinates":[-85.186264,41.574352]},"properties":{"name":"Schuhler's Campground","access":"private","lake":"Big Turkey Lake","county":"Steuben","lat":41.574352,"lng":-85.186264,"source":"IndianaMap Recreational Facility Locations","source_url":"https://gisdata.in.gov/server/rest/services/Hosted/Recreational_Facility_Locations/FeatureServer/0","notes":"Type: Private; Ramps: 1; Owner: Richard A. Schuhler; Fees may apply (see source); 10410 W  475 S, Hudson; Private/commercial facility listed in state inventory \u2014 confirm access before visiting","areatype":"Private","rampnu":1,"id":"launch-0894"}},{"type":"Feature","geometry":{"type":"Point","coordinates":[-85.165284,41.64146]},"properties":{"name":"West Otter Lake Campground","access":"private","lake":null,"county":"Steuben","lat":41.64146,"lng":-85.165284,"source":"IndianaMap Recreational Facility Locations","source_url":"https://gisdata.in.gov/server/rest/services/Hosted/Recreational_Facility_Locations/FeatureServer/0","notes":"Type: Commercial; Ramps: 1; Owner: Gerald Miller; Fees may apply (see source); 160 Ln 110   W. Otter Lake, Angola; Private/commercial facility listed in state inventory \u2014 confirm access before visiting","areatype":"Commercial","rampnu":1,"id":"launch-0895"}},{"type":"Feature","geometry":{"type":"Point","coordinates":[-85.097409,41.753612]},"properties":{"name":"Manapogo Park","access":"private","lake":"Lake Pleasant","county":"Steuben","lat":41.753612,"lng":-85.097409,"source":"IndianaMap Recreational Facility Locations","source_url":"https://gisdata.in.gov/server/rest/services/Hosted/Recreational_Facility_Locations/FeatureServer/0","notes":"Type: Commercial; Ramps: 1; Owner: Donald Dafforn; Fees may apply (see source); R.R. 1 (5945 W  760 N), Orland; Private/commercial facility listed in state inventory \u2014 confirm access before visiting","areatype":"Commercial","rampnu":1,"id":"launch-0896"}},{"type":"Feature","geometry":{"type":"Point","coordinates":[-85.101562,41.754336]},"properties":{"name":"Lake Pleasant Marina","access":"private","lake":"Lake Pleasant","county":"Steuben","lat":41.754336,"lng":-85.101562,"source":"IndianaMap Recreational Facility Locations","source_url":"https://gisdata.in.gov/server/rest/services/Hosted/Recreational_Facility_Locations/FeatureServer/0","notes":"Type: Commercial; Ramps: 1; Fees may apply (see source); 255 Lane 250c, Lake Pleasant, Orland; Private/commercial facility listed in state inventory \u2014 confirm access before visiting","areatype":"Commercial","rampnu":1,"id":"launch-0897"}},{"type":"Feature","geometry":{"type":"Point","coordinates":[-85.080122,41.718514]},"properties":{"name":"Lake Luther Bible Camp","access":"private","lake":"Bell Lake","county":"Steuben","lat":41.718514,"lng":-85.080122,"source":"IndianaMap Recreational Facility Locations","source_url":"https://gisdata.in.gov/server/rest/services/Hosted/Recreational_Facility_Locations/FeatureServer/0","notes":"Type: Private; Ramps: 1; Owner: Richard Hagen; Fees may apply (see source); 5215 N 450 W, Angola; Private/commercial facility listed in state inventory \u2014 confirm access before visiting","areatype":"Private","rampnu":1,"id":"launch-0898"}},{"type":"Feature","geometry":{"type":"Point","coordinates":[-85.11666,41.714368]},"properties":{"name":"Walden Woods Company","access":"private","lake":"Sally Owen Lake","county":"Steuben","lat":41.714368,"lng":-85.11666,"source":"IndianaMap Recreational Facility Locations","source_url":"https://gisdata.in.gov/server/rest/services/Hosted/Recreational_Facility_Locations/FeatureServer/0","notes":"Type: Private; Ramps: 1; Fees may apply (see source); Angola; Private/commercial facility listed in state inventory \u2014 confirm access before visiting","areatype":"Private","rampnu":1,"id":"launch-0899"}},{"type":"Feature","geometry":{"type":"Point","coordinates":[-85.069664,41.635439]},"properties":{"name":"Silver Lake Mobile Home & RV Park","access":"private","lake":"Silver Lake","county":"Steuben","lat":41.635439,"lng":-85.069664,"source":"IndianaMap Recreational Facility Locations","source_url":"https://gisdata.in.gov/server/rest/services/Hosted/Recreational_Facility_Locations/FeatureServer/0","notes":"Type: Commercial; Ramps: 1; Owner: Denmark Mngmt; Fees may apply (see source); 4305 Hwy 20 W, Angola; Private/commercial facility listed in state inventory \u2014 confirm access before visiting","areatype":"Commercial","rampnu":1,"id":"launch-0900"}},{"type":"Feature","geometry":{"type":"Point","coordinates":[-84.923268,38.783499]},"properties":{"name":"Turtle Creek Harbor, Turtle Creek Campground","access":"private","lake":null,"county":"Switzerland","lat":38.783499,"lng":-84.923268,"source":"IndianaMap Recreational Facility Locations","source_url":"https://gisdata.in.gov/server/rest/services/Hosted/Recreational_Facility_Locations/FeatureServer/0","notes":"Type: Commercial; Ramps: 2; Owner: Robert and Agnus Wheeler; Fees may apply (see source); 205 6th St   PO Box 70, Florence; Private/commercial facility listed in state inventory \u2014 confirm access before visiting","areatype":"Commercial","rampnu":2,"id":"launch-0901"}},{"type":"Feature","geometry":{"type":"Point","coordinates":[-85.126305,38.709649]},"properties":{"name":"Homestead Camp","access":"private","lake":null,"county":"Switzerland","lat":38.709649,"lng":-85.126305,"source":"IndianaMap Recreational Facility Locations","source_url":"https://gisdata.in.gov/server/rest/services/Hosted/Recreational_Facility_Locations/FeatureServer/0","notes":"Type: Commercial; Ramps: 1; Fees may apply (see source); Vevay; Private/commercial facility listed in state inventory \u2014 confirm access before visiting","areatype":"Commercial","rampnu":1,"id":"launch-0902"}},{"type":"Feature","geometry":{"type":"Point","coordinates":[-84.98555,38.779541]},"properties":{"name":"Dam Vue Campground","access":"private","lake":null,"county":"Switzerland","lat":38.779541,"lng":-84.98555,"source":"IndianaMap Recreational Facility Locations","source_url":"https://gisdata.in.gov/server/rest/services/Hosted/Recreational_Facility_Locations/FeatureServer/0","notes":"Type: Commercial; Ramps: 1; Owner: Tim Shackelford; Fees may apply (see source); 10 Damvue Park Dr, Florence; Private/commercial facility listed in state inventory \u2014 confirm access before visiting","areatype":"Commercial","rampnu":1,"id":"launch-0903"}},{"type":"Feature","geometry":{"type":"Point","coordinates":[-84.831443,38.895673]},"properties":{"name":"Maple Shore","access":"private","lake":null,"county":"Switzerland","lat":38.895673,"lng":-84.831443,"source":"IndianaMap Recreational Facility Locations","source_url":"https://gisdata.in.gov/server/rest/services/Hosted/Recreational_Facility_Locations/FeatureServer/0","notes":"Type: Commercial; Ramps: 1; Owner: Raymond  and Irene Wolcott; Fees may apply (see source); 2395 SR 156, Patriot; Private/commercial facility listed in state inventory \u2014 confirm access before visiting","areatype":"Commercial","rampnu":1,"id":"launch-0904"}},{"type":"Feature","geometry":{"type":"Point","coordinates":[-84.884277,38.896388]},"properties":{"name":"Shawnee Campground","access":"private","lake":null,"county":"Switzerland","lat":38.896388,"lng":-84.884277,"source":"IndianaMap Recreational Facility Locations","source_url":"https://gisdata.in.gov/server/rest/services/Hosted/Recreational_Facility_Locations/FeatureServer/0","notes":"Type: Commercial; Ramps: 1; Owner: Edgar Jackson; Fees may apply (see source); 720 Ridge Ave, Rising Sun; Private/commercial facility listed in state inventory \u2014 confirm access before visiting","areatype":"Commercial","rampnu":1,"id":"launch-0905"}},{"type":"Feature","geometry":{"type":"Point","coordinates":[-86.784043,40.514528]},"properties":{"name":"River Junction Canoe Rental","access":"private","lake":null,"county":"Tippecanoe","lat":40.514528,"lng":-86.784043,"source":"IndianaMap Recreational Facility Locations","source_url":"https://gisdata.in.gov/server/rest/services/Hosted/Recreational_Facility_Locations/FeatureServer/0","notes":"Type: Private; Ramps: 1; Fees may apply (see source); Lafayette; Private/commercial facility listed in state inventory \u2014 confirm access before visiting","areatype":"Private","rampnu":1,"id":"launch-0906"}},{"type":"Feature","geometry":{"type":"Point","coordinates":[-86.76132,40.524266]},"properties":{"name":"Leisure Time Family Campground","access":"private","lake":null,"county":"Tippecanoe","lat":40.524266,"lng":-86.76132,"source":"IndianaMap Recreational Facility Locations","source_url":"https://gisdata.in.gov/server/rest/services/Hosted/Recreational_Facility_Locations/FeatureServer/0","notes":"Type: Commercial; Ramps: 1; Fees may apply (see source); Lafayette; Private/commercial facility listed in state inventory \u2014 confirm access before visiting","areatype":"Commercial","rampnu":1,"id":"launch-0907"}},{"type":"Feature","geometry":{"type":"Point","coordinates":[-87.628885,37.930368]},"properties":{"name":"Evansville Boat & Ski Club","access":"private","lake":null,"county":"Vanderburgh","lat":37.930368,"lng":-87.628885,"source":"IndianaMap Recreational Facility Locations","source_url":"https://gisdata.in.gov/server/rest/services/Hosted/Recreational_Facility_Locations/FeatureServer/0","notes":"Type: Private; Ramps: 1; Fees may apply (see source); Evansville; Private/commercial facility listed in state inventory \u2014 confirm access before visiting","areatype":"Private","rampnu":1,"id":"launch-0908"}},{"type":"Feature","geometry":{"type":"Point","coordinates":[-85.842512,40.974008]},"properties":{"name":"Laketon American Legion","access":"private","lake":"Round Lake","county":"Wabash","lat":40.974008,"lng":-85.842512,"source":"IndianaMap Recreational Facility Locations","source_url":"https://gisdata.in.gov/server/rest/services/Hosted/Recreational_Facility_Locations/FeatureServer/0","notes":"Type: Private; Ramps: 1; Laketon; Private/commercial facility listed in state inventory \u2014 confirm access before visiting","areatype":"Private","rampnu":1,"id":"launch-0909"}},{"type":"Feature","geometry":{"type":"Point","coordinates":[-85.934442,40.9695]},"properties":{"name":"Luken Lake Resort","access":"private","lake":"Luken's Lake","county":"Wabash","lat":40.9695,"lng":-85.934442,"source":"IndianaMap Recreational Facility Locations","source_url":"https://gisdata.in.gov/server/rest/services/Hosted/Recreational_Facility_Locations/FeatureServer/0","notes":"Type: Commercial; Ramps: 1; Owner: Carl Steiner; Fees may apply (see source); 9771 N. 725 W., Roann; Private/commercial facility listed in state inventory \u2014 confirm access before visiting","areatype":"Commercial","rampnu":1,"id":"launch-0910"}},{"type":"Feature","geometry":{"type":"Point","coordinates":[-87.11131,38.214153]},"properties":{"name":"Yellow Banks Recreational Area","access":"private","lake":"Yellow Bank Lake","county":"Warrick","lat":38.214153,"lng":-87.11131,"source":"IndianaMap Recreational Facility Locations","source_url":"https://gisdata.in.gov/server/rest/services/Hosted/Recreational_Facility_Locations/FeatureServer/0","notes":"Type: Commercial; Ramps: 1; Owner: Jim, Pat and Scott Marshall; Fees may apply (see source); Selvin; Private/commercial facility listed in state inventory \u2014 confirm access before visiting","areatype":"Commercial","rampnu":1,"id":"launch-0911"}},{"type":"Feature","geometry":{"type":"Point","coordinates":[-85.161842,39.899366]},"properties":{"name":"Camp Wapi-Kamigi Girl Scouts of America","access":"private","lake":"Spring Grove Lake","county":"Wayne","lat":39.899366,"lng":-85.161842,"source":"IndianaMap Recreational Facility Locations","source_url":"https://gisdata.in.gov/server/rest/services/Hosted/Recreational_Facility_Locations/FeatureServer/0","notes":"Type: Private; Ramps: 1; Owner: Treaty Line Council, GSA; Fees may apply (see source); Richmond; Private/commercial facility listed in state inventory \u2014 confirm access before visiting","areatype":"Private","rampnu":1,"id":"launch-0912"}},{"type":"Feature","geometry":{"type":"Point","coordinates":[-86.783203,40.832076]},"properties":{"name":"Riverview Campground (ACCESS SITE ONLY)","access":"private","lake":"Lake Schaffer","county":"White","lat":40.832076,"lng":-86.783203,"source":"IndianaMap Recreational Facility Locations","source_url":"https://gisdata.in.gov/server/rest/services/Hosted/Recreational_Facility_Locations/FeatureServer/0","notes":"Type: Commercial; Ramps: 1; Owner: Apple Enterprise Inc.- Donald G. Apple, Sr.; Fees may apply (see source); R.R. 3, Box 296, Monticello; Private/commercial facility listed in state inventory \u2014 confirm access before visiting","areatype":"Commercial","rampnu":1,"id":"launch-0913"}},{"type":"Feature","geometry":{"type":"Point","coordinates":[-86.756527,40.745548]},"properties":{"name":"American Legion Post 81","access":"private","lake":"Lake Freeman","county":"White","lat":40.745548,"lng":-86.756527,"source":"IndianaMap Recreational Facility Locations","source_url":"https://gisdata.in.gov/server/rest/services/Hosted/Recreational_Facility_Locations/FeatureServer/0","notes":"Type: Private; Ramps: 1; Owner: American Legion Post #81; Fees may apply (see source); Monticello; Private/commercial facility listed in state inventory \u2014 confirm access before visiting","areatype":"Private","rampnu":1,"id":"launch-0914"}},{"type":"Feature","geometry":{"type":"Point","coordinates":[-85.351833,41.244147]},"properties":{"name":"Blue Lake Campground","access":"private","lake":null,"county":"Whitley","lat":41.244147,"lng":-85.351833,"source":"IndianaMap Recreational Facility Locations","source_url":"https://gisdata.in.gov/server/rest/services/Hosted/Recreational_Facility_Locations/FeatureServer/0","notes":"Type: Private; Ramps: 1; Owner: Jim and Mary Jo Horne; Fees may apply (see source); 5453 Blue Lake Rd., Churubusco; Private/commercial facility listed in state inventory \u2014 confirm access before visiting","areatype":"Private","rampnu":1,"id":"launch-0915"}},{"type":"Feature","geometry":{"type":"Point","coordinates":[-85.552772,41.241329]},"properties":{"name":"Goose Lake Resort and Boat Ramp","access":"private","lake":null,"county":"Whitley","lat":41.241329,"lng":-85.552772,"source":"IndianaMap Recreational Facility Locations","source_url":"https://gisdata.in.gov/server/rest/services/Hosted/Recreational_Facility_Locations/FeatureServer/0","notes":"Type: Commercial; Ramps: 1; Owner: Angie Clapp; Fees may apply (see source); 3258 W. Circle Dr., Columbia City; Private/commercial facility listed in state inventory \u2014 confirm access before visiting","areatype":"Commercial","rampnu":1,"id":"launch-0916"}},{"type":"Feature","geometry":{"type":"Point","coordinates":[-85.572173,41.235922]},"properties":{"name":"Otto and Son Resort","access":"private","lake":"Troy Cedar Lake","county":"Whitley","lat":41.235922,"lng":-85.572173,"source":"IndianaMap Recreational Facility Locations","source_url":"https://gisdata.in.gov/server/rest/services/Hosted/Recreational_Facility_Locations/FeatureServer/0","notes":"Type: Private; Ramps: 1; Fees may apply (see source); Columbia City; Private/commercial facility listed in state inventory \u2014 confirm access before visiting","areatype":"Private","rampnu":1,"id":"launch-0917"}},{"type":"Feature","geometry":{"type":"Point","coordinates":[-86.062117,41.67899]},"properties":{"name":"Boat slipway (OSM)","access":"unknown","lake":null,"county":"St. Joseph","lat":41.67899,"lng":-86.062117,"source":"OpenStreetMap","source_url":"https://www.openstreetmap.org/node/20235540","notes":"OSM: slipway","osm_kind":"slipway","osm_id":"node/20235540","id":"launch-0918"}},{"type":"Feature","geometry":{"type":"Point","coordinates":[-85.252905,38.735635]},"properties":{"name":"Boat slipway (OSM)","access":"unknown","lake":null,"county":"Jefferson","lat":38.735635,"lng":-85.252905,"source":"OpenStreetMap","source_url":"https://www.openstreetmap.org/node/180168808","notes":"OSM: slipway","osm_kind":"slipway","osm_id":"node/180168808","id":"launch-0919"}},{"type":"Feature","geometry":{"type":"Point","coordinates":[-85.796756,38.936264]},"properties":{"name":"Boat slipway (OSM)","access":"unknown","lake":null,"county":"Jennings","lat":38.936264,"lng":-85.796756,"source":"OpenStreetMap","source_url":"https://www.openstreetmap.org/node/180172176","notes":"OSM: slipway","osm_kind":"slipway","osm_id":"node/180172176","id":"launch-0920"}},{"type":"Feature","geometry":{"type":"Point","coordinates":[-85.729077,41.406164]},"properties":{"name":"Boat slipway (OSM)","access":"private","lake":null,"county":"Kosciusko","lat":41.406164,"lng":-85.729077,"source":"OpenStreetMap","source_url":"https://www.openstreetmap.org/node/180257093","notes":"OSM: slipway; access=private","osm_kind":"slipway","osm_id":"node/180257093","id":"launch-0921"}},{"type":"Feature","geometry":{"type":"Point","coordinates":[-85.940735,40.706715]},"properties":{"name":"Boat slipway (OSM)","access":"unknown","lake":null,"county":"Miami","lat":40.706715,"lng":-85.940735,"source":"OpenStreetMap","source_url":"https://www.openstreetmap.org/node/180559120","notes":"OSM: slipway","osm_kind":"slipway","osm_id":"node/180559120","id":"launch-0922"}},{"type":"Feature","geometry":{"type":"Point","coordinates":[-85.359645,41.335527]},"properties":{"name":"Boat slipway (OSM)","access":"unknown","lake":null,"county":"Noble","lat":41.335527,"lng":-85.359645,"source":"OpenStreetMap","source_url":"https://www.openstreetmap.org/node/180806146","notes":"OSM: slipway","osm_kind":"slipway","osm_id":"node/180806146","id":"launch-0923"}},{"type":"Feature","geometry":{"type":"Point","coordinates":[-86.517939,38.042536]},"properties":{"name":"Boat slipway (OSM)","access":"unknown","lake":null,"county":"Perry","lat":38.042536,"lng":-86.517939,"source":"OpenStreetMap","source_url":"https://www.openstreetmap.org/node/181105143","notes":"OSM: slipway","osm_kind":"slipway","osm_id":"node/181105143","id":"launch-0924"}},{"type":"Feature","geometry":{"type":"Point","coordinates":[-85.048376,41.667722]},"properties":{"name":"Boat slipway (OSM)","access":"unknown","lake":null,"county":"Steuben","lat":41.667722,"lng":-85.048376,"source":"OpenStreetMap","source_url":"https://www.openstreetmap.org/node/181750640","notes":"OSM: slipway","osm_kind":"slipway","osm_id":"node/181750640","id":"launch-0925"}},{"type":"Feature","geometry":{"type":"Point","coordinates":[-87.326178,39.053407]},"properties":{"name":"Boat slipway (OSM)","access":"unknown","lake":null,"county":"Sullivan","lat":39.053407,"lng":-87.326178,"source":"OpenStreetMap","source_url":"https://www.openstreetmap.org/node/181786183","notes":"OSM: slipway","osm_kind":"slipway","osm_id":"node/181786183","id":"launch-0926"}},{"type":"Feature","geometry":{"type":"Point","coordinates":[-86.805878,40.505474]},"properties":{"name":"Boat slipway (OSM)","access":"unknown","lake":null,"county":"Tippecanoe","lat":40.505474,"lng":-86.805878,"source":"OpenStreetMap","source_url":"https://www.openstreetmap.org/node/1554251174","notes":"OSM: slipway","osm_kind":"slipway","osm_id":"node/1554251174","id":"launch-0927"}},{"type":"Feature","geometry":{"type":"Point","coordinates":[-85.861048,38.46725]},"properties":{"name":"Boat slipway (OSM)","access":"unknown","lake":null,"county":"Clark","lat":38.46725,"lng":-85.861048,"source":"OpenStreetMap","source_url":"https://www.openstreetmap.org/node/1675481586","notes":"OSM: slipway","osm_kind":"slipway","osm_id":"node/1675481586","id":"launch-0928"}},{"type":"Feature","geometry":{"type":"Point","coordinates":[-86.239146,39.641069]},"properties":{"name":"Canoe Launch","access":"unknown","lake":null,"county":"Marion","lat":39.641069,"lng":-86.239146,"source":"OpenStreetMap","source_url":"https://www.openstreetmap.org/node/1687941789","notes":"OSM: slipway","osm_kind":"slipway","osm_id":"node/1687941789","id":"launch-0929"}},{"type":"Feature","geometry":{"type":"Point","coordinates":[-86.463787,39.098451]},"properties":{"name":"Cartop","access":"unknown","lake":null,"county":"Monroe","lat":39.098451,"lng":-86.463787,"source":"OpenStreetMap","source_url":"https://www.openstreetmap.org/node/1692387674","notes":"OSM: slipway","osm_kind":"slipway","osm_id":"node/1692387674","id":"launch-0930"}},{"type":"Feature","geometry":{"type":"Point","coordinates":[-86.338932,39.182006]},"properties":{"name":"Boat slipway (OSM)","access":"unknown","lake":null,"county":"Brown","lat":39.182006,"lng":-86.338932,"source":"OpenStreetMap","source_url":"https://www.openstreetmap.org/node/1695772230","notes":"OSM: slipway","osm_kind":"slipway","osm_id":"node/1695772230","id":"launch-0931"}},{"type":"Feature","geometry":{"type":"Point","coordinates":[-86.684391,39.834769]},"properties":{"name":"Boat slipway (OSM)","access":"unknown","lake":null,"county":"Hendricks","lat":39.834769,"lng":-86.684391,"source":"OpenStreetMap","source_url":"https://www.openstreetmap.org/node/1882036593","notes":"OSM: slipway","osm_kind":"slipway","osm_id":"node/1882036593","id":"launch-0932"}},{"type":"Feature","geometry":{"type":"Point","coordinates":[-86.222652,41.659803]},"properties":{"name":"Boat slipway (OSM)","access":"unknown","lake":null,"county":"St. Joseph","lat":41.659803,"lng":-86.222652,"source":"OpenStreetMap","source_url":"https://www.openstreetmap.org/node/1891418535","notes":"OSM: slipway","osm_kind":"slipway","osm_id":"node/1891418535","id":"launch-0933"}},{"type":"Feature","geometry":{"type":"Point","coordinates":[-87.474301,38.781283]},"properties":{"name":"Boat slipway (OSM)","access":"unknown","lake":null,"county":"Knox","lat":38.781283,"lng":-87.474301,"source":"OpenStreetMap","source_url":"https://www.openstreetmap.org/node/1938001313","notes":"OSM: slipway","osm_kind":"slipway","osm_id":"node/1938001313","id":"launch-0934"}},{"type":"Feature","geometry":{"type":"Point","coordinates":[-85.005933,39.511042]},"properties":{"name":"Ramp","access":"public","lake":null,"county":"Franklin","lat":39.511042,"lng":-85.005933,"source":"OpenStreetMap","source_url":"https://www.openstreetmap.org/node/2128394585","notes":"OSM: slipway; access=permissive","osm_kind":"slipway","osm_id":"node/2128394585","id":"launch-0935"}},{"type":"Feature","geometry":{"type":"Point","coordinates":[-84.870195,39.082139]},"properties":{"name":"Boat slipway (OSM)","access":"unknown","lake":null,"county":"Dearborn","lat":39.082139,"lng":-84.870195,"source":"OpenStreetMap","source_url":"https://www.openstreetmap.org/node/2146379015","notes":"OSM: slipway","osm_kind":"slipway","osm_id":"node/2146379015","id":"launch-0936"}},{"type":"Feature","geometry":{"type":"Point","coordinates":[-86.112359,39.892947]},"properties":{"name":"Boat slipway (OSM)","access":"unknown","lake":null,"county":"Marion","lat":39.892947,"lng":-86.112359,"source":"OpenStreetMap","source_url":"https://www.openstreetmap.org/node/2150624569","notes":"OSM: slipway","osm_kind":"slipway","osm_id":"node/2150624569","id":"launch-0937"}},{"type":"Feature","geometry":{"type":"Point","coordinates":[-87.041525,41.510374]},"properties":{"name":"Boat slipway (OSM)","access":"unknown","lake":null,"county":"Porter","lat":41.510374,"lng":-87.041525,"source":"OpenStreetMap","source_url":"https://www.openstreetmap.org/node/2152812379","notes":"OSM: slipway","osm_kind":"slipway","osm_id":"node/2152812379","id":"launch-0938"}},{"type":"Feature","geometry":{"type":"Point","coordinates":[-86.346257,40.742103]},"properties":{"name":"Boat slipway (OSM)","access":"unknown","lake":null,"county":"Cass","lat":40.742103,"lng":-86.346257,"source":"OpenStreetMap","source_url":"https://www.openstreetmap.org/node/2293723760","notes":"OSM: slipway","osm_kind":"slipway","osm_id":"node/2293723760","id":"launch-0939"}},{"type":"Feature","geometry":{"type":"Point","coordinates":[-86.12107,39.292225]},"properties":{"name":"Boat slipway (OSM)","access":"unknown","lake":null,"county":"Brown","lat":39.292225,"lng":-86.12107,"source":"OpenStreetMap","source_url":"https://www.openstreetmap.org/node/2381492360","notes":"OSM: slipway","osm_kind":"slipway","osm_id":"node/2381492360","id":"launch-0940"}},{"type":"Feature","geometry":{"type":"Point","coordinates":[-86.047806,40.004096]},"properties":{"name":"Boat slipway (OSM)","access":"unknown","lake":null,"county":"Hamilton","lat":40.004096,"lng":-86.047806,"source":"OpenStreetMap","source_url":"https://www.openstreetmap.org/node/2428567380","notes":"OSM: slipway","osm_kind":"slipway","osm_id":"node/2428567380","id":"launch-0941"}},{"type":"Feature","geometry":{"type":"Point","coordinates":[-85.838377,41.577077]},"properties":{"name":"Boat slipway (OSM)","access":"unknown","lake":null,"county":"Elkhart","lat":41.577077,"lng":-85.838377,"source":"OpenStreetMap","source_url":"https://www.openstreetmap.org/node/2713523657","notes":"OSM: slipway","osm_kind":"slipway","osm_id":"node/2713523657","id":"launch-0942"}},{"type":"Feature","geometry":{"type":"Point","coordinates":[-87.184893,39.892201]},"properties":{"name":"Brush Creek Canoe Ramp","access":"unknown","lake":null,"county":"Parke","lat":39.892201,"lng":-87.184893,"source":"OpenStreetMap","source_url":"https://www.openstreetmap.org/node/2741526520","notes":"OSM: slipway","osm_kind":"slipway","osm_id":"node/2741526520","id":"launch-0943"}},{"type":"Feature","geometry":{"type":"Point","coordinates":[-86.976137,39.966828]},"properties":{"name":"Boat slipway (OSM)","access":"unknown","lake":null,"county":"Montgomery","lat":39.966828,"lng":-86.976137,"source":"OpenStreetMap","source_url":"https://www.openstreetmap.org/node/3279551932","notes":"OSM: slipway","osm_kind":"slipway","osm_id":"node/3279551932","id":"launch-0944"}},{"type":"Feature","geometry":{"type":"Point","coordinates":[-86.905523,41.721538]},"properties":{"name":"Boat slipway (OSM)","access":"unknown","lake":null,"county":"LaPorte","lat":41.721538,"lng":-86.905523,"source":"OpenStreetMap","source_url":"https://www.openstreetmap.org/node/3283337554","notes":"OSM: slipway","osm_kind":"slipway","osm_id":"node/3283337554","id":"launch-0945"}},{"type":"Feature","geometry":{"type":"Point","coordinates":[-87.059034,39.946661]},"properties":{"name":"Canoe Launch","access":"unknown","lake":null,"county":"Montgomery","lat":39.946661,"lng":-87.059034,"source":"OpenStreetMap","source_url":"https://www.openstreetmap.org/node/3566749447","notes":"OSM: slipway","osm_kind":"slipway","osm_id":"node/3566749447","id":"launch-0946"}},{"type":"Feature","geometry":{"type":"Point","coordinates":[-87.628058,37.921538]},"properties":{"name":"Dogtown Boat Ramp","access":"unknown","lake":null,"county":"Vanderburgh","lat":37.921538,"lng":-87.628058,"source":"OpenStreetMap","source_url":"https://www.openstreetmap.org/node/3603634608","notes":"OSM: slipway","osm_kind":"slipway","osm_id":"node/3603634608","id":"launch-0947"}},{"type":"Feature","geometry":{"type":"Point","coordinates":[-85.671858,38.307787]},"properties":{"name":"Boat slipway (OSM)","access":"unknown","lake":null,"county":"Clark","lat":38.307787,"lng":-85.671858,"source":"OpenStreetMap","source_url":"https://www.openstreetmap.org/node/3994625547","notes":"OSM: slipway","osm_kind":"slipway","osm_id":"node/3994625547","id":"launch-0948"}},{"type":"Feature","geometry":{"type":"Point","coordinates":[-86.8692,40.475117]},"properties":{"name":"Davis Ferry Park Access","access":"unknown","lake":null,"county":"Tippecanoe","lat":40.475117,"lng":-86.8692,"source":"OpenStreetMap","source_url":"https://www.openstreetmap.org/node/4033851435","notes":"OSM: slipway","osm_kind":"slipway","osm_id":"node/4033851435","id":"launch-0949"}},{"type":"Feature","geometry":{"type":"Point","coordinates":[-86.671568,37.917334]},"properties":{"name":"Boat slipway (OSM)","access":"unknown","lake":null,"county":"Perry","lat":37.917334,"lng":-86.671568,"source":"OpenStreetMap","source_url":"https://www.openstreetmap.org/node/4421088211","notes":"OSM: slipway","osm_kind":"slipway","osm_id":"node/4421088211","id":"launch-0950"}},{"type":"Feature","geometry":{"type":"Point","coordinates":[-85.941607,39.930827]},"properties":{"name":"Boat slipway (OSM)","access":"unknown","lake":null,"county":"Hamilton","lat":39.930827,"lng":-85.941607,"source":"OpenStreetMap","source_url":"https://www.openstreetmap.org/node/4457523828","notes":"OSM: slipway; surface=concrete","osm_kind":"slipway","osm_id":"node/4457523828","id":"launch-0951"}},{"type":"Feature","geometry":{"type":"Point","coordinates":[-86.005261,39.983342]},"properties":{"name":"Boat slipway (OSM)","access":"unknown","lake":null,"county":"Hamilton","lat":39.983342,"lng":-86.005261,"source":"OpenStreetMap","source_url":"https://www.openstreetmap.org/node/4700084397","notes":"OSM: slipway","osm_kind":"slipway","osm_id":"node/4700084397","id":"launch-0952"}},{"type":"Feature","geometry":{"type":"Point","coordinates":[-86.961073,40.404932]},"properties":{"name":"Boat slipway (OSM)","access":"unknown","lake":null,"county":"Tippecanoe","lat":40.404932,"lng":-86.961073,"source":"OpenStreetMap","source_url":"https://www.openstreetmap.org/node/4735364117","notes":"OSM: slipway","osm_kind":"slipway","osm_id":"node/4735364117","id":"launch-0953"}},{"type":"Feature","geometry":{"type":"Point","coordinates":[-86.355964,38.826787]},"properties":{"name":"Boat slipway (OSM)","access":"unknown","lake":null,"county":"Lawrence","lat":38.826787,"lng":-86.355964,"source":"OpenStreetMap","source_url":"https://www.openstreetmap.org/node/4865402307","notes":"OSM: slipway","osm_kind":"slipway","osm_id":"node/4865402307","id":"launch-0954"}},{"type":"Feature","geometry":{"type":"Point","coordinates":[-85.115508,41.117139]},"properties":{"name":"Boat slipway (OSM)","access":"unknown","lake":null,"county":"Allen","lat":41.117139,"lng":-85.115508,"source":"OpenStreetMap","source_url":"https://www.openstreetmap.org/node/4952002149","notes":"OSM: slipway","osm_kind":"slipway","osm_id":"node/4952002149","id":"launch-0955"}},{"type":"Feature","geometry":{"type":"Point","coordinates":[-85.998504,39.800329]},"properties":{"name":"Boat slipway (OSM)","access":"unknown","lake":null,"county":"Marion","lat":39.800329,"lng":-85.998504,"source":"OpenStreetMap","source_url":"https://www.openstreetmap.org/node/4985030003","notes":"OSM: slipway","osm_kind":"slipway","osm_id":"node/4985030003","id":"launch-0956"}},{"type":"Feature","geometry":{"type":"Point","coordinates":[-87.269587,41.620053]},"properties":{"name":"Boat slipway (OSM)","access":"unknown","lake":null,"county":"Lake","lat":41.620053,"lng":-87.269587,"source":"OpenStreetMap","source_url":"https://www.openstreetmap.org/node/5758088702","notes":"OSM: slipway","osm_kind":"slipway","osm_id":"node/5758088702","id":"launch-0957"}},{"type":"Feature","geometry":{"type":"Point","coordinates":[-86.731394,40.889926]},"properties":{"name":"Boat slipway (OSM)","access":"unknown","lake":null,"county":"White","lat":40.889926,"lng":-86.731394,"source":"OpenStreetMap","source_url":"https://www.openstreetmap.org/node/6028636147","notes":"OSM: slipway","osm_kind":"slipway","osm_id":"node/6028636147","id":"launch-0958"}},{"type":"Feature","geometry":{"type":"Point","coordinates":[-85.986139,39.90923]},"properties":{"name":"Boat slipway (OSM)","access":"unknown","lake":null,"county":"Marion","lat":39.90923,"lng":-85.986139,"source":"OpenStreetMap","source_url":"https://www.openstreetmap.org/node/6052830305","notes":"OSM: slipway","osm_kind":"slipway","osm_id":"node/6052830305","id":"launch-0959"}},{"type":"Feature","geometry":{"type":"Point","coordinates":[-86.407977,39.066965]},"properties":{"name":"Cutright High Water Ramp","access":"unknown","lake":null,"county":"Monroe","lat":39.066965,"lng":-86.407977,"source":"OpenStreetMap","source_url":"https://www.openstreetmap.org/node/6399087095","notes":"OSM: slipway","osm_kind":"slipway","osm_id":"node/6399087095","id":"launch-0960"}},{"type":"Feature","geometry":{"type":"Point","coordinates":[-86.455295,39.06774]},"properties":{"name":"Moore's Creek Ramp","access":"unknown","lake":null,"county":"Monroe","lat":39.06774,"lng":-86.455295,"source":"OpenStreetMap","source_url":"https://www.openstreetmap.org/node/6407354162","notes":"OSM: slipway","osm_kind":"slipway","osm_id":"node/6407354162","id":"launch-0961"}},{"type":"Feature","geometry":{"type":"Point","coordinates":[-86.118169,39.835398]},"properties":{"name":"Boat slipway (OSM)","access":"public","lake":null,"county":"Marion","lat":39.835398,"lng":-86.118169,"source":"OpenStreetMap","source_url":"https://www.openstreetmap.org/node/6627796466","notes":"OSM: slipway; access=yes; fee=no; surface=concrete","osm_kind":"slipway","osm_id":"node/6627796466","id":"launch-0962"}},{"type":"Feature","geometry":{"type":"Point","coordinates":[-86.105163,39.842475]},"properties":{"name":"Boat slipway (OSM)","access":"unknown","lake":null,"county":"Marion","lat":39.842475,"lng":-86.105163,"source":"OpenStreetMap","source_url":"https://www.openstreetmap.org/node/6627796474","notes":"OSM: slipway","osm_kind":"slipway","osm_id":"node/6627796474","id":"launch-0963"}},{"type":"Feature","geometry":{"type":"Point","coordinates":[-87.609261,39.283165]},"properties":{"name":"Boat slipway (OSM)","access":"unknown","lake":null,"county":"Vigo","lat":39.283165,"lng":-87.609261,"source":"OpenStreetMap","source_url":"https://www.openstreetmap.org/node/6842820461","notes":"OSM: slipway","osm_kind":"slipway","osm_id":"node/6842820461","id":"launch-0964"}},{"type":"Feature","geometry":{"type":"Point","coordinates":[-86.070056,40.749055]},"properties":{"name":"Boat slipway (OSM)","access":"unknown","lake":null,"county":"Miami","lat":40.749055,"lng":-86.070056,"source":"OpenStreetMap","source_url":"https://www.openstreetmap.org/node/6842942090","notes":"OSM: slipway","osm_kind":"slipway","osm_id":"node/6842942090","id":"launch-0965"}},{"type":"Feature","geometry":{"type":"Point","coordinates":[-86.754224,40.730572]},"properties":{"name":"Boat slipway (OSM)","access":"unknown","lake":null,"county":"Carroll","lat":40.730572,"lng":-86.754224,"source":"OpenStreetMap","source_url":"https://www.openstreetmap.org/node/7095470394","notes":"OSM: slipway","osm_kind":"slipway","osm_id":"node/7095470394","id":"launch-0966"}},{"type":"Feature","geometry":{"type":"Point","coordinates":[-85.684555,41.377101]},"properties":{"name":"Boat slipway (OSM)","access":"unknown","lake":null,"county":"Kosciusko","lat":41.377101,"lng":-85.684555,"source":"OpenStreetMap","source_url":"https://www.openstreetmap.org/node/7264478907","notes":"OSM: slipway","osm_kind":"slipway","osm_id":"node/7264478907","id":"launch-0967"}},{"type":"Feature","geometry":{"type":"Point","coordinates":[-85.417972,38.540223]},"properties":{"name":"Boat slipway (OSM)","access":"unknown","lake":null,"county":"Clark","lat":38.540223,"lng":-85.417972,"source":"OpenStreetMap","source_url":"https://www.openstreetmap.org/node/7501009589","notes":"OSM: slipway","osm_kind":"slipway","osm_id":"node/7501009589","id":"launch-0968"}},{"type":"Feature","geometry":{"type":"Point","coordinates":[-85.399921,38.736431]},"properties":{"name":"Boat slipway (OSM)","access":"unknown","lake":null,"county":"Jefferson","lat":38.736431,"lng":-85.399921,"source":"OpenStreetMap","source_url":"https://www.openstreetmap.org/node/7501009597","notes":"OSM: slipway","osm_kind":"slipway","osm_id":"node/7501009597","id":"launch-0969"}},{"type":"Feature","geometry":{"type":"Point","coordinates":[-87.255465,41.536307]},"properties":{"name":"Deep River Water Trail, Soccer and Rugby Field access point","access":"unknown","lake":null,"county":"Lake","lat":41.536307,"lng":-87.255465,"source":"OpenStreetMap","source_url":"https://www.openstreetmap.org/node/7792147961","notes":"OSM: slipway","osm_kind":"slipway","osm_id":"node/7792147961","id":"launch-0970"}},{"type":"Feature","geometry":{"type":"Point","coordinates":[-86.706255,39.74312]},"properties":{"name":"Boat slipway (OSM)","access":"unknown","lake":null,"county":"Putnam","lat":39.74312,"lng":-86.706255,"source":"OpenStreetMap","source_url":"https://www.openstreetmap.org/node/7811373331","notes":"OSM: slipway","osm_kind":"slipway","osm_id":"node/7811373331","id":"launch-0971"}},{"type":"Feature","geometry":{"type":"Point","coordinates":[-85.980658,40.872255]},"properties":{"name":"Boat slipway (OSM)","access":"unknown","lake":null,"county":"Miami","lat":40.872255,"lng":-85.980658,"source":"OpenStreetMap","source_url":"https://www.openstreetmap.org/node/7882222026","notes":"OSM: slipway","osm_kind":"slipway","osm_id":"node/7882222026","id":"launch-0972"}},{"type":"Feature","geometry":{"type":"Point","coordinates":[-84.903135,39.060114]},"properties":{"name":"Boat slipway (OSM)","access":"unknown","lake":null,"county":"Dearborn","lat":39.060114,"lng":-84.903135,"source":"OpenStreetMap","source_url":"https://www.openstreetmap.org/node/7885203260","notes":"OSM: slipway","osm_kind":"slipway","osm_id":"node/7885203260","id":"launch-0973"}},{"type":"Feature","geometry":{"type":"Point","coordinates":[-84.905646,39.057836]},"properties":{"name":"Boat slipway (OSM)","access":"unknown","lake":null,"county":"Dearborn","lat":39.057836,"lng":-84.905646,"source":"OpenStreetMap","source_url":"https://www.openstreetmap.org/node/7885203261","notes":"OSM: slipway","osm_kind":"slipway","osm_id":"node/7885203261","id":"launch-0974"}},{"type":"Feature","geometry":{"type":"Point","coordinates":[-85.738536,41.418669]},"properties":{"name":"Boat slipway (OSM)","access":"private","lake":null,"county":"Kosciusko","lat":41.418669,"lng":-85.738536,"source":"OpenStreetMap","source_url":"https://www.openstreetmap.org/node/7921690258","notes":"OSM: slipway; access=private","osm_kind":"slipway","osm_id":"node/7921690258","id":"launch-0975"}},{"type":"Feature","geometry":{"type":"Point","coordinates":[-85.740998,41.408183]},"properties":{"name":"Boat slipway (OSM)","access":"unknown","lake":null,"county":"Kosciusko","lat":41.408183,"lng":-85.740998,"source":"OpenStreetMap","source_url":"https://www.openstreetmap.org/node/7972102941","notes":"OSM: slipway","osm_kind":"slipway","osm_id":"node/7972102941","id":"launch-0976"}},{"type":"Feature","geometry":{"type":"Point","coordinates":[-85.768181,40.996955]},"properties":{"name":"Boat slipway (OSM)","access":"unknown","lake":null,"county":"Wabash","lat":40.996955,"lng":-85.768181,"source":"OpenStreetMap","source_url":"https://www.openstreetmap.org/node/8200093818","notes":"OSM: slipway","osm_kind":"slipway","osm_id":"node/8200093818","id":"launch-0977"}},{"type":"Feature","geometry":{"type":"Point","coordinates":[-86.177334,39.850781]},"properties":{"name":"Public Acess to White River","access":"unknown","lake":null,"county":"Marion","lat":39.850781,"lng":-86.177334,"source":"OpenStreetMap","source_url":"https://www.openstreetmap.org/node/8391092520","notes":"OSM: slipway; Gravel path, not for use with vehicles ","osm_kind":"slipway","osm_id":"node/8391092520","id":"launch-0978"}},{"type":"Feature","geometry":{"type":"Point","coordinates":[-85.31193,40.016883]},"properties":{"name":"Boat slipway (OSM)","access":"unknown","lake":null,"county":"Henry","lat":40.016883,"lng":-85.31193,"source":"OpenStreetMap","source_url":"https://www.openstreetmap.org/node/8508328892","notes":"OSM: slipway","osm_kind":"slipway","osm_id":"node/8508328892","id":"launch-0979"}},{"type":"Feature","geometry":{"type":"Point","coordinates":[-86.854039,39.447932]},"properties":{"name":"Boat slipway (OSM)","access":"unknown","lake":null,"county":"Owen","lat":39.447932,"lng":-86.854039,"source":"OpenStreetMap","source_url":"https://www.openstreetmap.org/node/8567736630","notes":"OSM: slipway","osm_kind":"slipway","osm_id":"node/8567736630","id":"launch-0980"}},{"type":"Feature","geometry":{"type":"Point","coordinates":[-86.853731,39.443762]},"properties":{"name":"Boat slipway (OSM)","access":"unknown","lake":null,"county":"Owen","lat":39.443762,"lng":-86.853731,"source":"OpenStreetMap","source_url":"https://www.openstreetmap.org/node/8567736631","notes":"OSM: slipway","osm_kind":"slipway","osm_id":"node/8567736631","id":"launch-0981"}},{"type":"Feature","geometry":{"type":"Point","coordinates":[-86.855608,39.445378]},"properties":{"name":"Boat slipway (OSM)","access":"unknown","lake":null,"county":"Owen","lat":39.445378,"lng":-86.855608,"source":"OpenStreetMap","source_url":"https://www.openstreetmap.org/node/8567736640","notes":"OSM: slipway","osm_kind":"slipway","osm_id":"node/8567736640","id":"launch-0982"}},{"type":"Feature","geometry":{"type":"Point","coordinates":[-86.897112,39.476228]},"properties":{"name":"Boat slipway (OSM)","access":"unknown","lake":null,"county":"Putnam","lat":39.476228,"lng":-86.897112,"source":"OpenStreetMap","source_url":"https://www.openstreetmap.org/node/8567736641","notes":"OSM: slipway","osm_kind":"slipway","osm_id":"node/8567736641","id":"launch-0983"}},{"type":"Feature","geometry":{"type":"Point","coordinates":[-86.34563,39.192204]},"properties":{"name":"Boat slipway (OSM)","access":"unknown","lake":null,"county":"Brown","lat":39.192204,"lng":-86.34563,"source":"OpenStreetMap","source_url":"https://www.openstreetmap.org/node/8570335774","notes":"OSM: slipway","osm_kind":"slipway","osm_id":"node/8570335774","id":"launch-0984"}},{"type":"Feature","geometry":{"type":"Point","coordinates":[-87.336128,39.068147]},"properties":{"name":"Boat slipway (OSM)","access":"unknown","lake":null,"county":"Sullivan","lat":39.068147,"lng":-87.336128,"source":"OpenStreetMap","source_url":"https://www.openstreetmap.org/node/8600830364","notes":"OSM: slipway","osm_kind":"slipway","osm_id":"node/8600830364","id":"launch-0985"}},{"type":"Feature","geometry":{"type":"Point","coordinates":[-86.82383,37.999067]},"properties":{"name":"Boat slipway (OSM)","access":"unknown","lake":null,"county":"Spencer","lat":37.999067,"lng":-86.82383,"source":"OpenStreetMap","source_url":"https://www.openstreetmap.org/node/8898907279","notes":"OSM: slipway","osm_kind":"slipway","osm_id":"node/8898907279","id":"launch-0986"}},{"type":"Feature","geometry":{"type":"Point","coordinates":[-87.237046,41.567665]},"properties":{"name":"Deep River Water Trail, Riverview Park access point","access":"unknown","lake":null,"county":"Lake","lat":41.567665,"lng":-87.237046,"source":"OpenStreetMap","source_url":"https://www.openstreetmap.org/node/9001564011","notes":"OSM: slipway","osm_kind":"slipway","osm_id":"node/9001564011","id":"launch-0987"}},{"type":"Feature","geometry":{"type":"Point","coordinates":[-86.363068,40.759424]},"properties":{"name":"River Bluff Trail Canoe Launch","access":"unknown","lake":null,"county":"Cass","lat":40.759424,"lng":-86.363068,"source":"OpenStreetMap","source_url":"https://www.openstreetmap.org/node/9177777913","notes":"OSM: slipway","osm_kind":"slipway","osm_id":"node/9177777913","id":"launch-0988"}},{"type":"Feature","geometry":{"type":"Point","coordinates":[-85.957659,40.720061]},"properties":{"name":"Boat slipway (OSM)","access":"unknown","lake":null,"county":"Miami","lat":40.720061,"lng":-85.957659,"source":"OpenStreetMap","source_url":"https://www.openstreetmap.org/node/9209770650","notes":"OSM: slipway","osm_kind":"slipway","osm_id":"node/9209770650","id":"launch-0989"}},{"type":"Feature","geometry":{"type":"Point","coordinates":[-85.941507,40.709163]},"properties":{"name":"Boat slipway (OSM)","access":"unknown","lake":null,"county":"Miami","lat":40.709163,"lng":-85.941507,"source":"OpenStreetMap","source_url":"https://www.openstreetmap.org/node/9211061438","notes":"OSM: slipway","osm_kind":"slipway","osm_id":"node/9211061438","id":"launch-0990"}},{"type":"Feature","geometry":{"type":"Point","coordinates":[-86.525789,38.026814]},"properties":{"name":"Boat slipway (OSM)","access":"unknown","lake":null,"county":"Perry","lat":38.026814,"lng":-86.525789,"source":"OpenStreetMap","source_url":"https://www.openstreetmap.org/node/9456290873","notes":"OSM: slipway","osm_kind":"slipway","osm_id":"node/9456290873","id":"launch-0991"}},{"type":"Feature","geometry":{"type":"Point","coordinates":[-86.342594,38.192534]},"properties":{"name":"Boat slipway (OSM)","access":"unknown","lake":null,"county":"Crawford","lat":38.192534,"lng":-86.342594,"source":"OpenStreetMap","source_url":"https://www.openstreetmap.org/node/9456290874","notes":"OSM: slipway","osm_kind":"slipway","osm_id":"node/9456290874","id":"launch-0992"}},{"type":"Feature","geometry":{"type":"Point","coordinates":[-86.344616,38.19382]},"properties":{"name":"Boat slipway (OSM)","access":"unknown","lake":null,"county":"Crawford","lat":38.19382,"lng":-86.344616,"source":"OpenStreetMap","source_url":"https://www.openstreetmap.org/node/9456290875","notes":"OSM: slipway","osm_kind":"slipway","osm_id":"node/9456290875","id":"launch-0993"}},{"type":"Feature","geometry":{"type":"Point","coordinates":[-86.486237,39.011246]},"properties":{"name":"Fairfax Ramp","access":"unknown","lake":null,"county":"Monroe","lat":39.011246,"lng":-86.486237,"source":"OpenStreetMap","source_url":"https://www.openstreetmap.org/node/9466666338","notes":"OSM: slipway","osm_kind":"slipway","osm_id":"node/9466666338","id":"launch-0994"}},{"type":"Feature","geometry":{"type":"Point","coordinates":[-87.470419,37.930164]},"properties":{"name":"Angel Mounds Boat Ramp","access":"unknown","lake":null,"county":"Vanderburgh","lat":37.930164,"lng":-87.470419,"source":"OpenStreetMap","source_url":"https://www.openstreetmap.org/node/9487505383","notes":"OSM: slipway; fee=yes","osm_kind":"slipway","osm_id":"node/9487505383","id":"launch-0995"}},{"type":"Feature","geometry":{"type":"Point","coordinates":[-86.066346,40.750707]},"properties":{"name":"Boat slipway (OSM)","access":"unknown","lake":null,"county":"Miami","lat":40.750707,"lng":-86.066346,"source":"OpenStreetMap","source_url":"https://www.openstreetmap.org/node/9565171435","notes":"OSM: slipway","osm_kind":"slipway","osm_id":"node/9565171435","id":"launch-0996"}},{"type":"Feature","geometry":{"type":"Point","coordinates":[-86.012529,40.749816]},"properties":{"name":"Boat slipway (OSM)","access":"unknown","lake":null,"county":"Miami","lat":40.749816,"lng":-86.012529,"source":"OpenStreetMap","source_url":"https://www.openstreetmap.org/node/9565375389","notes":"OSM: slipway","osm_kind":"slipway","osm_id":"node/9565375389","id":"launch-0997"}},{"type":"Feature","geometry":{"type":"Point","coordinates":[-86.096144,40.748365]},"properties":{"name":"Boat slipway (OSM)","access":"unknown","lake":null,"county":"Miami","lat":40.748365,"lng":-86.096144,"source":"OpenStreetMap","source_url":"https://www.openstreetmap.org/node/9705500449","notes":"OSM: slipway","osm_kind":"slipway","osm_id":"node/9705500449","id":"launch-0998"}},{"type":"Feature","geometry":{"type":"Point","coordinates":[-85.023774,41.583796]},"properties":{"name":"Boat slipway (OSM)","access":"unknown","lake":null,"county":"Steuben","lat":41.583796,"lng":-85.023774,"source":"OpenStreetMap","source_url":"https://www.openstreetmap.org/node/9790933793","notes":"OSM: slipway","osm_kind":"slipway","osm_id":"node/9790933793","id":"launch-0999"}},{"type":"Feature","geometry":{"type":"Point","coordinates":[-85.665274,41.399355]},"properties":{"name":"Boat slipway (OSM)","access":"unknown","lake":null,"county":"Kosciusko","lat":41.399355,"lng":-85.665274,"source":"OpenStreetMap","source_url":"https://www.openstreetmap.org/node/9804568658","notes":"OSM: slipway","osm_kind":"slipway","osm_id":"node/9804568658","id":"launch-1000"}},{"type":"Feature","geometry":{"type":"Point","coordinates":[-85.711377,41.396078]},"properties":{"name":"Boat slipway (OSM)","access":"private","lake":null,"county":"Kosciusko","lat":41.396078,"lng":-85.711377,"source":"OpenStreetMap","source_url":"https://www.openstreetmap.org/node/9808590829","notes":"OSM: slipway; access=private","osm_kind":"slipway","osm_id":"node/9808590829","id":"launch-1001"}},{"type":"Feature","geometry":{"type":"Point","coordinates":[-85.871275,40.95224]},"properties":{"name":"Boat slipway (OSM)","access":"unknown","lake":null,"county":"Wabash","lat":40.95224,"lng":-85.871275,"source":"OpenStreetMap","source_url":"https://www.openstreetmap.org/node/9810216819","notes":"OSM: slipway","osm_kind":"slipway","osm_id":"node/9810216819","id":"launch-1002"}},{"type":"Feature","geometry":{"type":"Point","coordinates":[-85.664806,41.074431]},"properties":{"name":"Boat slipway (OSM)","access":"unknown","lake":null,"county":"Whitley","lat":41.074431,"lng":-85.664806,"source":"OpenStreetMap","source_url":"https://www.openstreetmap.org/node/9810216923","notes":"OSM: slipway","osm_kind":"slipway","osm_id":"node/9810216923","id":"launch-1003"}},{"type":"Feature","geometry":{"type":"Point","coordinates":[-85.588133,38.963254]},"properties":{"name":"Boat slipway (OSM)","access":"unknown","lake":null,"county":"Jennings","lat":38.963254,"lng":-85.588133,"source":"OpenStreetMap","source_url":"https://www.openstreetmap.org/node/9936174321","notes":"OSM: slipway","osm_kind":"slipway","osm_id":"node/9936174321","id":"launch-1004"}},{"type":"Feature","geometry":{"type":"Point","coordinates":[-85.687149,38.35687]},"properties":{"name":"Boat slipway (OSM)","access":"unknown","lake":null,"county":"Clark","lat":38.35687,"lng":-85.687149,"source":"OpenStreetMap","source_url":"https://www.openstreetmap.org/node/9946055685","notes":"OSM: slipway","osm_kind":"slipway","osm_id":"node/9946055685","id":"launch-1005"}},{"type":"Feature","geometry":{"type":"Point","coordinates":[-87.095324,41.622342]},"properties":{"name":"Boat slipway (OSM)","access":"public","lake":null,"county":"Porter","lat":41.622342,"lng":-87.095324,"source":"OpenStreetMap","source_url":"https://www.openstreetmap.org/node/10174840301","notes":"OSM: slipway; access=yes; fee=no","osm_kind":"slipway","osm_id":"node/10174840301","id":"launch-1006"}},{"type":"Feature","geometry":{"type":"Point","coordinates":[-86.164943,41.669714]},"properties":{"name":"Boat slipway (OSM)","access":"unknown","lake":null,"county":"St. Joseph","lat":41.669714,"lng":-86.164943,"source":"OpenStreetMap","source_url":"https://www.openstreetmap.org/node/10293541824","notes":"OSM: slipway","osm_kind":"slipway","osm_id":"node/10293541824","id":"launch-1007"}},{"type":"Feature","geometry":{"type":"Point","coordinates":[-86.175777,40.429445]},"properties":{"name":"Boat slipway (OSM)","access":"unknown","lake":null,"county":"Howard","lat":40.429445,"lng":-86.175777,"source":"OpenStreetMap","source_url":"https://www.openstreetmap.org/node/10560246671","notes":"OSM: slipway","osm_kind":"slipway","osm_id":"node/10560246671","id":"launch-1008"}},{"type":"Feature","geometry":{"type":"Point","coordinates":[-86.745838,41.634159]},"properties":{"name":"Boat slipway (OSM)","access":"unknown","lake":null,"county":"LaPorte","lat":41.634159,"lng":-86.745838,"source":"OpenStreetMap","source_url":"https://www.openstreetmap.org/node/10601392333","notes":"OSM: slipway","osm_kind":"slipway","osm_id":"node/10601392333","id":"launch-1009"}},{"type":"Feature","geometry":{"type":"Point","coordinates":[-85.907778,41.247394]},"properties":{"name":"Canoe Launch","access":"unknown","lake":null,"county":"Kosciusko","lat":41.247394,"lng":-85.907778,"source":"OpenStreetMap","source_url":"https://www.openstreetmap.org/node/10914600139","notes":"OSM: slipway","osm_kind":"slipway","osm_id":"node/10914600139","id":"launch-1010"}},{"type":"Feature","geometry":{"type":"Point","coordinates":[-86.459025,41.07354]},"properties":{"name":"Boat slipway (OSM)","access":"unknown","lake":null,"county":"Fulton","lat":41.07354,"lng":-86.459025,"source":"OpenStreetMap","source_url":"https://www.openstreetmap.org/node/11035032200","notes":"OSM: slipway","osm_kind":"slipway","osm_id":"node/11035032200","id":"launch-1011"}},{"type":"Feature","geometry":{"type":"Point","coordinates":[-85.898321,41.078668]},"properties":{"name":"Boat slipway (OSM)","access":"unknown","lake":null,"county":"Kosciusko","lat":41.078668,"lng":-85.898321,"source":"OpenStreetMap","source_url":"https://www.openstreetmap.org/node/11047572894","notes":"OSM: slipway","osm_kind":"slipway","osm_id":"node/11047572894","id":"launch-1012"}},{"type":"Feature","geometry":{"type":"Point","coordinates":[-84.852879,38.945141]},"properties":{"name":"Boat slipway (OSM)","access":"unknown","lake":null,"county":"Ohio","lat":38.945141,"lng":-84.852879,"source":"OpenStreetMap","source_url":"https://www.openstreetmap.org/node/11146709435","notes":"OSM: slipway","osm_kind":"slipway","osm_id":"node/11146709435","id":"launch-1013"}},{"type":"Feature","geometry":{"type":"Point","coordinates":[-85.760447,40.834562]},"properties":{"name":"Boat slipway (OSM)","access":"unknown","lake":null,"county":"Wabash","lat":40.834562,"lng":-85.760447,"source":"OpenStreetMap","source_url":"https://www.openstreetmap.org/node/11464529191","notes":"OSM: slipway","osm_kind":"slipway","osm_id":"node/11464529191","id":"launch-1014"}},{"type":"Feature","geometry":{"type":"Point","coordinates":[-86.204611,38.022124]},"properties":{"name":"Boat slipway (OSM)","access":"unknown","lake":null,"county":"Harrison","lat":38.022124,"lng":-86.204611,"source":"OpenStreetMap","source_url":"https://www.openstreetmap.org/node/11508578000","notes":"OSM: slipway","osm_kind":"slipway","osm_id":"node/11508578000","id":"launch-1015"}},{"type":"Feature","geometry":{"type":"Point","coordinates":[-85.389314,39.030986]},"properties":{"name":"Boat slipway (OSM)","access":"unknown","lake":null,"county":"Ripley","lat":39.030986,"lng":-85.389314,"source":"OpenStreetMap","source_url":"https://www.openstreetmap.org/node/11750148558","notes":"OSM: slipway","osm_kind":"slipway","osm_id":"node/11750148558","id":"launch-1016"}},{"type":"Feature","geometry":{"type":"Point","coordinates":[-86.007751,37.998972]},"properties":{"name":"Boat slipway (OSM)","access":"unknown","lake":null,"county":"Harrison","lat":37.998972,"lng":-86.007751,"source":"OpenStreetMap","source_url":"https://www.openstreetmap.org/node/11757225186","notes":"OSM: slipway","osm_kind":"slipway","osm_id":"node/11757225186","id":"launch-1017"}},{"type":"Feature","geometry":{"type":"Point","coordinates":[-87.183354,39.893152]},"properties":{"name":"Boat slipway (OSM)","access":"unknown","lake":null,"county":"Parke","lat":39.893152,"lng":-87.183354,"source":"OpenStreetMap","source_url":"https://www.openstreetmap.org/node/11928656548","notes":"OSM: slipway; fee=no","osm_kind":"slipway","osm_id":"node/11928656548","id":"launch-1018"}},{"type":"Feature","geometry":{"type":"Point","coordinates":[-86.318836,39.834533]},"properties":{"name":"Boat slipway (OSM)","access":"unknown","lake":null,"county":"Marion","lat":39.834533,"lng":-86.318836,"source":"OpenStreetMap","source_url":"https://www.openstreetmap.org/node/11949498385","notes":"OSM: slipway","osm_kind":"slipway","osm_id":"node/11949498385","id":"launch-1019"}},{"type":"Feature","geometry":{"type":"Point","coordinates":[-85.928387,39.204066]},"properties":{"name":"Boat slipway (OSM)","access":"unknown","lake":null,"county":"Bartholomew","lat":39.204066,"lng":-85.928387,"source":"OpenStreetMap","source_url":"https://www.openstreetmap.org/node/11964581573","notes":"OSM: slipway","osm_kind":"slipway","osm_id":"node/11964581573","id":"launch-1020"}},{"type":"Feature","geometry":{"type":"Point","coordinates":[-85.555769,40.132259]},"properties":{"name":"Boat slipway (OSM)","access":"unknown","lake":null,"county":"Delaware","lat":40.132259,"lng":-85.555769,"source":"OpenStreetMap","source_url":"https://www.openstreetmap.org/node/12086897423","notes":"OSM: slipway","osm_kind":"slipway","osm_id":"node/12086897423","id":"launch-1021"}},{"type":"Feature","geometry":{"type":"Point","coordinates":[-86.710856,39.749736]},"properties":{"name":"Boat slipway (OSM)","access":"unknown","lake":null,"county":"Putnam","lat":39.749736,"lng":-86.710856,"source":"OpenStreetMap","source_url":"https://www.openstreetmap.org/node/12177650636","notes":"OSM: slipway","osm_kind":"slipway","osm_id":"node/12177650636","id":"launch-1022"}},{"type":"Feature","geometry":{"type":"Point","coordinates":[-85.860171,38.436048]},"properties":{"name":"Boat slipway (OSM)","access":"unknown","lake":null,"county":"Clark","lat":38.436048,"lng":-85.860171,"source":"OpenStreetMap","source_url":"https://www.openstreetmap.org/node/12256384623","notes":"OSM: slipway","osm_kind":"slipway","osm_id":"node/12256384623","id":"launch-1023"}},{"type":"Feature","geometry":{"type":"Point","coordinates":[-87.623758,37.935091]},"properties":{"name":"Boat slipway (OSM)","access":"unknown","lake":null,"county":"Vanderburgh","lat":37.935091,"lng":-87.623758,"source":"OpenStreetMap","source_url":"https://www.openstreetmap.org/node/12359600881","notes":"OSM: slipway","osm_kind":"slipway","osm_id":"node/12359600881","id":"launch-1024"}},{"type":"Feature","geometry":{"type":"Point","coordinates":[-87.888563,37.928342]},"properties":{"name":"Boat slipway (OSM)","access":"unknown","lake":null,"county":"Posey","lat":37.928342,"lng":-87.888563,"source":"OpenStreetMap","source_url":"https://www.openstreetmap.org/node/12361590895","notes":"OSM: slipway","osm_kind":"slipway","osm_id":"node/12361590895","id":"launch-1025"}},{"type":"Feature","geometry":{"type":"Point","coordinates":[-86.064884,41.663928]},"properties":{"name":"Boat slipway (OSM)","access":"unknown","lake":null,"county":"St. Joseph","lat":41.663928,"lng":-86.064884,"source":"OpenStreetMap","source_url":"https://www.openstreetmap.org/node/12389043368","notes":"OSM: slipway","osm_kind":"slipway","osm_id":"node/12389043368","id":"launch-1026"}},{"type":"Feature","geometry":{"type":"Point","coordinates":[-87.290751,41.563307]},"properties":{"name":"Deep River Water Trail, Johnson Park access point","access":"public","lake":null,"county":"Lake","lat":41.563307,"lng":-87.290751,"source":"OpenStreetMap","source_url":"https://www.openstreetmap.org/node/12851449904","notes":"OSM: slipway; access=yes","osm_kind":"slipway","osm_id":"node/12851449904","id":"launch-1027"}},{"type":"Feature","geometry":{"type":"Point","coordinates":[-85.837144,41.547558]},"properties":{"name":"Boat slipway (OSM)","access":"unknown","lake":null,"county":"Elkhart","lat":41.547558,"lng":-85.837144,"source":"OpenStreetMap","source_url":"https://www.openstreetmap.org/node/13011103717","notes":"OSM: slipway; surface=unpaved","osm_kind":"slipway","osm_id":"node/13011103717","id":"launch-1028"}},{"type":"Feature","geometry":{"type":"Point","coordinates":[-86.273224,39.559278]},"properties":{"name":"Waverly Public Access","access":"public","lake":null,"county":"Morgan","lat":39.559278,"lng":-86.273224,"source":"OpenStreetMap","source_url":"https://www.openstreetmap.org/node/13052370481","notes":"OSM: slipway; access=yes; surface=concrete","osm_kind":"slipway","osm_id":"node/13052370481","id":"launch-1029"}},{"type":"Feature","geometry":{"type":"Point","coordinates":[-87.236409,38.237984]},"properties":{"name":"Boat slipway (OSM)","access":"unknown","lake":null,"county":"Pike","lat":38.237984,"lng":-87.236409,"source":"OpenStreetMap","source_url":"https://www.openstreetmap.org/node/13248806247","notes":"OSM: slipway","osm_kind":"slipway","osm_id":"node/13248806247","id":"launch-1030"}},{"type":"Feature","geometry":{"type":"Point","coordinates":[-85.75683,39.276831]},"properties":{"name":"Boat slipway (OSM)","access":"unknown","lake":null,"county":"Bartholomew","lat":39.276831,"lng":-85.75683,"source":"OpenStreetMap","source_url":"https://www.openstreetmap.org/node/13721139263","notes":"OSM: slipway","osm_kind":"slipway","osm_id":"node/13721139263","id":"launch-1031"}},{"type":"Feature","geometry":{"type":"Point","coordinates":[-85.068194,41.675039]},"properties":{"name":"Boat slipway (OSM)","access":"unknown","lake":null,"county":"Steuben","lat":41.675039,"lng":-85.068194,"source":"OpenStreetMap","source_url":"https://www.openstreetmap.org/node/13806275125","notes":"OSM: slipway","osm_kind":"slipway","osm_id":"node/13806275125","id":"launch-1032"}},{"type":"Feature","geometry":{"type":"Point","coordinates":[-85.195275,39.283788]},"properties":{"name":"Boat slipway (OSM)","access":"unknown","lake":null,"county":"Ripley","lat":39.283788,"lng":-85.195275,"source":"OpenStreetMap","source_url":"https://www.openstreetmap.org/way/155182509","notes":"OSM: slipway","osm_kind":"slipway","osm_id":"way/155182509","id":"launch-1033"}},{"type":"Feature","geometry":{"type":"Point","coordinates":[-84.896884,39.05163]},"properties":{"name":"Boat slipway (OSM)","access":"unknown","lake":null,"county":"Dearborn","lat":39.05163,"lng":-84.896884,"source":"OpenStreetMap","source_url":"https://www.openstreetmap.org/way/281224876","notes":"OSM: slipway","osm_kind":"slipway","osm_id":"way/281224876","id":"launch-1034"}},{"type":"Feature","geometry":{"type":"Point","coordinates":[-86.02668,39.768806]},"properties":{"name":"Boat slipway (OSM)","access":"unknown","lake":null,"county":"Marion","lat":39.768806,"lng":-86.02668,"source":"OpenStreetMap","source_url":"https://www.openstreetmap.org/way/617016864","notes":"OSM: slipway","osm_kind":"slipway","osm_id":"way/617016864","id":"launch-1035"}},{"type":"Feature","geometry":{"type":"Point","coordinates":[-86.115506,40.483236]},"properties":{"name":"Boat slipway (OSM)","access":"unknown","lake":null,"county":"Howard","lat":40.483236,"lng":-86.115506,"source":"OpenStreetMap","source_url":"https://www.openstreetmap.org/way/842445141","notes":"OSM: slipway","osm_kind":"slipway","osm_id":"way/842445141","id":"launch-1036"}},{"type":"Feature","geometry":{"type":"Point","coordinates":[-85.132742,41.230004]},"properties":{"name":"Boat slipway (OSM)","access":"unknown","lake":null,"county":"Allen","lat":41.230004,"lng":-85.132742,"source":"OpenStreetMap","source_url":"https://www.openstreetmap.org/way/877577472","notes":"OSM: slipway","osm_kind":"slipway","osm_id":"way/877577472","id":"launch-1037"}},{"type":"Feature","geometry":{"type":"Point","coordinates":[-85.986102,41.721314]},"properties":{"name":"Boat slipway (OSM)","access":"unknown","lake":null,"county":"Elkhart","lat":41.721314,"lng":-85.986102,"source":"OpenStreetMap","source_url":"https://www.openstreetmap.org/way/880113404","notes":"OSM: slipway","osm_kind":"slipway","osm_id":"way/880113404","id":"launch-1038"}},{"type":"Feature","geometry":{"type":"Point","coordinates":[-87.37192,39.333586]},"properties":{"name":"Boat slipway (OSM)","access":"unknown","lake":null,"county":"Vigo","lat":39.333586,"lng":-87.37192,"source":"OpenStreetMap","source_url":"https://www.openstreetmap.org/way/928945471","notes":"OSM: slipway","osm_kind":"slipway","osm_id":"way/928945471","id":"launch-1039"}},{"type":"Feature","geometry":{"type":"Point","coordinates":[-87.213588,41.400094]},"properties":{"name":"Boat slipway (OSM)","access":"unknown","lake":null,"county":"Porter","lat":41.400094,"lng":-87.213588,"source":"OpenStreetMap","source_url":"https://www.openstreetmap.org/way/972459865","notes":"OSM: slipway","osm_kind":"slipway","osm_id":"way/972459865","id":"launch-1040"}},{"type":"Feature","geometry":{"type":"Point","coordinates":[-85.918025,39.883006]},"properties":{"name":"Boat slipway (OSM)","access":"private","lake":null,"county":"Hancock","lat":39.883006,"lng":-85.918025,"source":"OpenStreetMap","source_url":"https://www.openstreetmap.org/way/1006342400","notes":"OSM: slipway; access=private","osm_kind":"slipway","osm_id":"way/1006342400","id":"launch-1041"}},{"type":"Feature","geometry":{"type":"Point","coordinates":[-85.911635,39.883268]},"properties":{"name":"Boat slipway (OSM)","access":"unknown","lake":null,"county":"Hancock","lat":39.883268,"lng":-85.911635,"source":"OpenStreetMap","source_url":"https://www.openstreetmap.org/way/1006342472","notes":"OSM: slipway","osm_kind":"slipway","osm_id":"way/1006342472","id":"launch-1042"}},{"type":"Feature","geometry":{"type":"Point","coordinates":[-86.744305,41.629607]},"properties":{"name":"Boat slipway (OSM)","access":"private","lake":null,"county":"LaPorte","lat":41.629607,"lng":-86.744305,"source":"OpenStreetMap","source_url":"https://www.openstreetmap.org/way/1077688154","notes":"OSM: slipway; access=private","osm_kind":"slipway","osm_id":"way/1077688154","id":"launch-1043"}},{"type":"Feature","geometry":{"type":"Point","coordinates":[-86.746886,41.629212]},"properties":{"name":"Boat slipway (OSM)","access":"private","lake":null,"county":"LaPorte","lat":41.629212,"lng":-86.746886,"source":"OpenStreetMap","source_url":"https://www.openstreetmap.org/way/1078208434","notes":"OSM: slipway; access=private; surface=grass","osm_kind":"slipway","osm_id":"way/1078208434","id":"launch-1044"}},{"type":"Feature","geometry":{"type":"Point","coordinates":[-86.738566,41.628364]},"properties":{"name":"Boat slipway (OSM)","access":"unknown","lake":null,"county":"LaPorte","lat":41.628364,"lng":-86.738566,"source":"OpenStreetMap","source_url":"https://www.openstreetmap.org/way/1091055283","notes":"OSM: slipway","osm_kind":"slipway","osm_id":"way/1091055283","id":"launch-1045"}},{"type":"Feature","geometry":{"type":"Point","coordinates":[-86.778842,40.788067]},"properties":{"name":"Boat slipway (OSM)","access":"unknown","lake":null,"county":"White","lat":40.788067,"lng":-86.778842,"source":"OpenStreetMap","source_url":"https://www.openstreetmap.org/way/1102253621","notes":"OSM: slipway","osm_kind":"slipway","osm_id":"way/1102253621","id":"launch-1046"}},{"type":"Feature","geometry":{"type":"Point","coordinates":[-85.028556,41.722672]},"properties":{"name":"Boat slipway (OSM)","access":"private","lake":null,"county":"Steuben","lat":41.722672,"lng":-85.028556,"source":"OpenStreetMap","source_url":"https://www.openstreetmap.org/way/1123726090","notes":"OSM: slipway; access=private; surface=concrete","osm_kind":"slipway","osm_id":"way/1123726090","id":"launch-1047"}},{"type":"Feature","geometry":{"type":"Point","coordinates":[-84.83276,38.974031]},"properties":{"name":"Boat slipway (OSM)","access":"unknown","lake":null,"county":"Ohio","lat":38.974031,"lng":-84.83276,"source":"OpenStreetMap","source_url":"https://www.openstreetmap.org/way/1194863342","notes":"OSM: slipway","osm_kind":"slipway","osm_id":"way/1194863342","id":"launch-1048"}},{"type":"Feature","geometry":{"type":"Point","coordinates":[-87.212354,41.407254]},"properties":{"name":"Boat slipway (OSM)","access":"unknown","lake":null,"county":"Porter","lat":41.407254,"lng":-87.212354,"source":"OpenStreetMap","source_url":"https://www.openstreetmap.org/way/1205273258","notes":"OSM: slipway","osm_kind":"slipway","osm_id":"way/1205273258","id":"launch-1049"}},{"type":"Feature","geometry":{"type":"Point","coordinates":[-87.22185,41.39539]},"properties":{"name":"Boat slipway (OSM)","access":"unknown","lake":null,"county":"Lake","lat":41.39539,"lng":-87.22185,"source":"OpenStreetMap","source_url":"https://www.openstreetmap.org/way/1205273360","notes":"OSM: slipway","osm_kind":"slipway","osm_id":"way/1205273360","id":"launch-1050"}},{"type":"Feature","geometry":{"type":"Point","coordinates":[-85.658134,40.143904]},"properties":{"name":"Boat slipway (OSM)","access":"private","lake":null,"county":"Madison","lat":40.143904,"lng":-85.658134,"source":"OpenStreetMap","source_url":"https://www.openstreetmap.org/way/1293279610","notes":"OSM: slipway; access=private","osm_kind":"slipway","osm_id":"way/1293279610","id":"launch-1051"}},{"type":"Feature","geometry":{"type":"Point","coordinates":[-85.045917,41.699667]},"properties":{"name":"Boat slipway (OSM)","access":"unknown","lake":null,"county":"Steuben","lat":41.699667,"lng":-85.045917,"source":"OpenStreetMap","source_url":"https://www.openstreetmap.org/way/1357926296","notes":"OSM: slipway; surface=concrete","osm_kind":"slipway","osm_id":"way/1357926296","id":"launch-1052"}},{"type":"Feature","geometry":{"type":"Point","coordinates":[-84.835426,39.157524]},"properties":{"name":"Boat slipway (OSM)","access":"unknown","lake":null,"county":"Dearborn","lat":39.157524,"lng":-84.835426,"source":"OpenStreetMap","source_url":"https://www.openstreetmap.org/way/1383302392","notes":"OSM: slipway","osm_kind":"slipway","osm_id":"way/1383302392","id":"launch-1053"}},{"type":"Feature","geometry":{"type":"Point","coordinates":[-85.829205,38.277091]},"properties":{"name":"Boat slipway (OSM)","access":"unknown","lake":null,"county":"Floyd","lat":38.277091,"lng":-85.829205,"source":"OpenStreetMap","source_url":"https://www.openstreetmap.org/way/1385342080","notes":"OSM: slipway","osm_kind":"slipway","osm_id":"way/1385342080","id":"launch-1054"}},{"type":"Feature","geometry":{"type":"Point","coordinates":[-85.789583,38.290611]},"properties":{"name":"Croghan Launch","access":"unknown","lake":null,"county":"Clark","lat":38.290611,"lng":-85.789583,"source":"OpenStreetMap","source_url":"https://www.openstreetmap.org/way/1446960726","notes":"OSM: slipway","osm_kind":"slipway","osm_id":"way/1446960726","id":"launch-1055"}}],"properties":{"generated":"2026-09-24T04:05:53.972433+00:00","region":"Indiana (statewide)","counties":["Adams","Allen","Bartholomew","Boone","Brown","Carroll","Cass","Clark","Clay","Crawford","Daviess","DeKalb","Dearborn","Decatur","Delaware","Dubois","Elkhart","Fayette","Floyd","Fountain","Franklin","Fulton","Gibson","Grant","Greene","Hamilton","Hancock","Harrison","Hendricks","Henry","Howard","Huntington","Jackson","Jasper","Jefferson","Jennings","Johnson","Knox","Kosciusko","LaGrange","LaPorte","Lake","Lawrence","Madison","Marion","Marshall","Martin","Miami","Monroe","Montgomery","Morgan","Newton","Noble","Ohio","Orange","Owen","Parke","Perry","Pike","Porter","Posey","Pulaski","Putnam","Ripley","Rush","Scott","Shelby","Spencer","St. Joseph","Starke","Steuben","Sullivan","Switzerland","Tippcanoe","Tippecanoe","Union","Vanderburg","Vanderburgh","Vermillion","Vigo","Wabash","Warren","Warrick","Washington","Wayne","Wells","White","Whitley"],"county_count":88,"counts":{"total":1055,"public":781,"private":149,"unknown":125},"by_county":{"Adams":2,"Allen":15,"Bartholomew":16,"Boone":2,"Brown":14,"Carroll":14,"Cass":9,"Clark":14,"Clay":8,"Crawford":8,"Daviess":19,"DeKalb":4,"Dearborn":10,"Decatur":1,"Delaware":4,"Dubois":17,"Elkhart":25,"Fayette":2,"Floyd":4,"Fountain":2,"Franklin":4,"Fulton":12,"Gibson":10,"Grant":3,"Greene":39,"Hamilton":19,"Hancock":5,"Harrison":5,"Hendricks":2,"Henry":7,"Howard":4,"Huntington":8,"Jackson":13,"Jasper":4,"Jefferson":7,"Jennings":17,"Johnson":11,"Knox":5,"Kosciusko":56,"LaGrange":42,"LaPorte":21,"Lake":25,"Lawrence":9,"Madison":7,"Marion":19,"Marshall":15,"Martin":3,"Miami":14,"Monroe":20,"Montgomery":6,"Morgan":4,"Newton":5,"Noble":43,"Ohio":7,"Orange":7,"Owen":5,"Parke":10,"Perry":19,"Pike":28,"Porter":11,"Posey":10,"Pulaski":11,"Putnam":10,"Ripley":7,"Rush":1,"Scott":6,"Shelby":3,"Spencer":8,"St. Joseph":25,"Starke":4,"Steuben":51,"Sullivan":53,"Switzerland":10,"Tippcanoe":2,"Tippecanoe":17,"Union":8,"Vanderburg":4,"Vanderburgh":4,"Vermillion":2,"Vigo":11,"Wabash":19,"Warren":1,"Warrick":15,"Washington":8,"Wayne":3,"Wells":3,"White":6,"Whitley":12},"sources":[{"name":"Indiana DNR Fish & Wildlife \u2014 Fishing Access Sites","url":"https://gisdata.in.gov/server/rest/services/Hosted/Fish_Access_RO/FeatureServer/0","access":"public","notes":"Official public access sites; boat_ramp=Yes / Boat Ramp / Carry Down / Canoe Ramp."},{"name":"IndianaMap Recreational Facility Locations","url":"https://gisdata.in.gov/server/rest/services/Hosted/Recreational_Facility_Locations/FeatureServer/0","access":"private (areatype Private or Commercial with rampnu>0)","notes":"State inventory of private/commercial facilities that report boat ramps. Not a guarantee of public entry."},{"name":"OpenStreetMap (leisure=slipway, marina, amenity=boat_rental)","url":"https://www.openstreetmap.org/","access":"from OSM access=* tag (private/customers/members \u2192 private; yes/public \u2192 public; else unknown)","notes":"Deduped against DNR/rec within ~120 m. Untagged slipways labeled unknown. Private club launches not in OSM/state inventories are intentionally omitted."}],"caveats":["Private launch coverage is limited to sites published in the state recreational facilities inventory or OSM with access=private/customers/members.","Do not treat private/commercial markers as guaranteed guest access \u2014 confirm with the operator.","No gated club directories were scraped; absence of a private ramp does not mean none exist."],"rebuild":"python3 scripts/rebuild_launches.py  # requires shapely; copies to public/data/"}}